{"type":"FeatureCollection","features":[{"type":"Feature","properties":{"name":"Algérie"},"geometry":{"type":"MultiPolygon","coordinates":[[[[7.2142,37.0885],[7.2137,37.089],[7.2147,37.089],[7.2144,37.0895],[7.2125,37.0894],[7.2112,37.0887],[7.2109,37.0877],[7.2087,37.0876],[7.2087,37.0871],[7.2064,37.0863],[7.2066,37.0858],[7.2058,37.0848],[7.2052,37.0848],[7.2047,37.084],[7.2046,37.0814],[7.2011,37.0817],[7.2005,37.0813],[7.1984,37.0754],[7.1958,37.075],[7.1945,37.0752],[7.1916,37.0749],[7.19,37.0755],[7.1901,37.0771],[7.1897,37.0776],[7.1877,37.077],[7.1877,37.0776],[7.1855,37.0778],[7.1851,37.0788],[7.1858,37.0788],[7.1854,37.0796],[7.1841,37.0801],[7.1838,37.0816],[7.1812,37.0807],[7.1806,37.0812],[7.1796,37.081],[7.1774,37.0805],[7.1772,37.0813],[7.177,37.0818],[7.1748,37.082],[7.1748,37.0817],[7.1748,37.081],[7.1729,37.0809],[7.1726,37.0799],[7.1703,37.0806],[7.1707,37.0786],[7.1694,37.0786],[7.1698,37.0768],[7.1691,37.077],[7.1692,37.0765],[7.1737,37.0759],[7.1753,37.0765],[7.1756,37.0763],[7.1756,37.0769],[7.1765,37.077],[7.1775,37.0765],[7.1817,37.0762],[7.1817,37.0757],[7.1825,37.0754],[7.1817,37.0741],[7.1805,37.0736],[7.1795,37.072],[7.1808,37.0719],[7.1818,37.0722],[7.1824,37.0719],[7.183,37.0722],[7.184,37.0718],[7.1843,37.0725],[7.1859,37.0725],[7.1868,37.0706],[7.1876,37.0696],[7.1882,37.0696],[7.1883,37.0691],[7.1892,37.0691],[7.1896,37.0673],[7.1902,37.0673],[7.1907,37.066],[7.1938,37.0635],[7.1987,37.0626],[7.1988,37.0615],[7.2,37.0613],[7.2002,37.0603],[7.2013,37.0599],[7.2018,37.059],[7.2029,37.0585],[7.2031,37.0575],[7.2046,37.0567],[7.2046,37.0562],[7.2088,37.0553],[7.2088,37.0545],[7.2094,37.0545],[7.2101,37.0536],[7.2107,37.0535],[7.2117,37.0524],[7.2124,37.0522],[7.2127,37.0516],[7.214,37.0512],[7.2142,37.0507],[7.2169,37.0492],[7.2178,37.048],[7.2192,37.0458],[7.2199,37.0457],[7.2199,37.0452],[7.2212,37.0449],[7.221,37.0444],[7.2219,37.0438],[7.2264,37.0427],[7.2264,37.0422],[7.2312,37.0412],[7.2312,37.0407],[7.2315,37.0408],[7.2409,37.0388],[7.2409,37.0383],[7.2419,37.0382],[7.2438,37.0358],[7.2458,37.0346],[7.2471,37.0343],[7.2471,37.0337],[7.2492,37.033],[7.2503,37.0284],[7.2499,37.0276],[7.2504,37.0269],[7.253,37.0266],[7.253,37.0269],[7.2515,37.027],[7.2507,37.0279],[7.2546,37.0277],[7.2546,37.0272],[7.2552,37.0271],[7.256,37.0261],[7.2561,37.0259],[7.256,37.0255],[7.2553,37.0174],[7.2544,37.0166],[7.2548,37.0136],[7.2544,37.0133],[7.2551,37.0123],[7.255,37.0095],[7.2544,37.0095],[7.2523,37.0004],[7.2517,37.0004],[7.2481,36.9914],[7.2474,36.9914],[7.2466,36.9891],[7.2465,36.9888],[7.2464,36.9888],[7.2459,36.9888],[7.2456,36.9877],[7.2456,36.9875],[7.2455,36.9875],[7.2449,36.9875],[7.245,36.9868],[7.245,36.9862],[7.2445,36.9862],[7.2443,36.9862],[7.2436,36.9849],[7.2422,36.9823],[7.2418,36.9823],[7.2415,36.9823],[7.2404,36.9804],[7.24,36.9797],[7.2397,36.9797],[7.2394,36.9797],[7.2388,36.9787],[7.2366,36.9753],[7.2359,36.9753],[7.235,36.9735],[7.2341,36.9732],[7.2328,36.9709],[7.2319,36.9708],[7.231,36.969],[7.2303,36.969],[7.2303,36.9685],[7.2297,36.9685],[7.2291,36.9672],[7.2284,36.9672],[7.2282,36.9659],[7.2275,36.9659],[7.2272,36.9649],[7.2256,36.9641],[7.2256,36.9636],[7.2247,36.9633],[7.2216,36.9596],[7.2209,36.9596],[7.2191,36.9573],[7.2181,36.957],[7.2178,36.956],[7.2169,36.9557],[7.2166,36.9547],[7.2153,36.9542],[7.215,36.9534],[7.214,36.9534],[7.2122,36.951],[7.2106,36.9505],[7.2103,36.9497],[7.2096,36.9497],[7.2094,36.9487],[7.2078,36.9481],[7.2075,36.9474],[7.2062,36.9468],[7.2058,36.9462],[7.2056,36.9458],[7.2046,36.9455],[7.2043,36.9447],[7.2034,36.9445],[7.2034,36.944],[7.2015,36.9432],[7.2012,36.9424],[7.2002,36.9421],[7.2002,36.9416],[7.1993,36.9416],[7.1993,36.9411],[7.1971,36.94],[7.1949,36.9377],[7.1896,36.9354],[7.1892,36.9355],[7.1894,36.9352],[7.188,36.9332],[7.1873,36.9334],[7.1873,36.9329],[7.1851,36.9324],[7.1845,36.9311],[7.1838,36.9311],[7.1835,36.9303],[7.1826,36.93],[7.1826,36.9295],[7.1807,36.9285],[7.1807,36.9279],[7.1791,36.9274],[7.1785,36.9264],[7.1776,36.9261],[7.1773,36.9253],[7.176,36.9253],[7.1757,36.9245],[7.175,36.9246],[7.1738,36.9239],[7.1715,36.9239],[7.1714,36.9232],[7.169,36.9216],[7.1684,36.9206],[7.1675,36.9205],[7.1668,36.9195],[7.1662,36.9196],[7.1652,36.9192],[7.1646,36.919],[7.164,36.9179],[7.1615,36.9165],[7.1589,36.9163],[7.1586,36.9176],[7.1547,36.9175],[7.1551,36.9165],[7.1541,36.9165],[7.1541,36.916],[7.1529,36.9157],[7.1525,36.9167],[7.1493,36.9172],[7.1493,36.9164],[7.1477,36.9168],[7.1464,36.9161],[7.1465,36.9151],[7.1452,36.9148],[7.1459,36.9138],[7.1449,36.9138],[7.145,36.9112],[7.1434,36.9111],[7.1408,36.9099],[7.1408,36.9104],[7.1392,36.9103],[7.1392,36.9098],[7.1345,36.9078],[7.131,36.9079],[7.131,36.9087],[7.1303,36.9087],[7.13,36.9094],[7.129,36.9097],[7.1287,36.9081],[7.1275,36.9081],[7.1271,36.9089],[7.1262,36.9089],[7.1258,36.9106],[7.1248,36.9106],[7.1248,36.9099],[7.1242,36.9099],[7.1242,36.9091],[7.1226,36.9085],[7.1227,36.9078],[7.122,36.9078],[7.122,36.9073],[7.1208,36.9072],[7.1207,36.9077],[7.1185,36.9087],[7.1184,36.911],[7.1171,36.9113],[7.1173,36.9126],[7.1164,36.9138],[7.1151,36.9143],[7.1148,36.9151],[7.1142,36.9151],[7.1142,36.9156],[7.1135,36.9156],[7.1135,36.9164],[7.1122,36.9166],[7.1119,36.9174],[7.1087,36.9172],[7.108,36.9176],[7.108,36.9181],[7.1071,36.9181],[7.107,36.9186],[7.1051,36.918],[7.1051,36.9188],[7.1045,36.9188],[7.1046,36.9197],[7.1057,36.9203],[7.1057,36.9206],[7.1044,36.9203],[7.1043,36.9199],[7.1006,36.9194],[7.0987,36.9195],[7.0987,36.92],[7.0977,36.92],[7.0974,36.9192],[7.0971,36.9192],[7.0971,36.92],[7.0955,36.9194],[7.0952,36.9202],[7.0942,36.9204],[7.0942,36.9209],[7.0939,36.9209],[7.0939,36.9204],[7.0862,36.92],[7.0862,36.9195],[7.0856,36.9195],[7.085,36.9185],[7.0846,36.9185],[7.0846,36.9195],[7.0824,36.9187],[7.0824,36.9182],[7.0808,36.9176],[7.0805,36.9184],[7.0776,36.9173],[7.0773,36.9166],[7.077,36.9165],[7.077,36.9173],[7.0748,36.9159],[7.0738,36.916],[7.0738,36.9165],[7.071,36.9157],[7.071,36.9152],[7.0703,36.9152],[7.0701,36.9136],[7.0694,36.9136],[7.0694,36.9126],[7.0688,36.9126],[7.0691,36.9118],[7.0685,36.9118],[7.0685,36.9105],[7.0666,36.9112],[7.0663,36.912],[7.0653,36.9122],[7.0653,36.9128],[7.0627,36.9127],[7.063,36.9132],[7.0624,36.9132],[7.0625,36.9137],[7.062,36.9145],[7.0607,36.9147],[7.0608,36.9142],[7.0598,36.9145],[7.06,36.9137],[7.0595,36.9132],[7.0582,36.9132],[7.0582,36.9137],[7.0566,36.9134],[7.0554,36.9108],[7.0548,36.9108],[7.0546,36.9098],[7.0526,36.9077],[7.052,36.9077],[7.0517,36.9069],[7.051,36.907],[7.0504,36.9065],[7.038,36.9022],[7.0172,36.8966],[7.016,36.8963],[6.9809,36.8868],[6.9797,36.8876],[6.9792,36.8875],[6.9789,36.8874],[6.9783,36.8871],[6.9779,36.887],[6.9776,36.887],[6.9772,36.8869],[6.9762,36.887],[6.976,36.8869],[6.9756,36.8868],[6.9749,36.8866],[6.9738,36.8863],[6.9736,36.8863],[6.9733,36.8863],[6.973,36.8862],[6.9724,36.8861],[6.972,36.886],[6.9715,36.886],[6.9709,36.8859],[6.9706,36.8857],[6.9704,36.8856],[6.9697,36.8855],[6.9692,36.8855],[6.9687,36.8854],[6.9682,36.8854],[6.9678,36.8853],[6.9674,36.8853],[6.9671,36.8853],[6.9668,36.8853],[6.9667,36.8854],[6.9666,36.8855],[6.9666,36.8859],[6.9665,36.886],[6.9664,36.8859],[6.9664,36.8859],[6.9664,36.8853],[6.9663,36.8852],[6.9662,36.8851],[6.9658,36.885],[6.9653,36.8849],[6.965,36.8849],[6.9648,36.8848],[6.9645,36.8848],[6.9637,36.8846],[6.9631,36.8845],[6.9627,36.8845],[6.9625,36.8845],[6.9623,36.8846],[6.9622,36.8846],[6.9621,36.8847],[6.962,36.8847],[6.9619,36.8846],[6.9618,36.8845],[6.9617,36.8844],[6.9615,36.8844],[6.9604,36.8841],[6.9601,36.8841],[6.9598,36.8841],[6.9596,36.884],[6.9594,36.8841],[6.9587,36.884],[6.9585,36.884],[6.9585,36.8841],[6.9584,36.8842],[6.9582,36.8841],[6.9581,36.8841],[6.958,36.8841],[6.9581,36.884],[6.9581,36.8839],[6.958,36.8839],[6.9578,36.8839],[6.9577,36.8839],[6.9573,36.8839],[6.9569,36.8839],[6.9565,36.8838],[6.9563,36.8837],[6.956,36.8837],[6.9556,36.8837],[6.955,36.8836],[6.9548,36.8836],[6.9547,36.8837],[6.9546,36.8838],[6.9544,36.8847],[6.9543,36.8848],[6.9542,36.8848],[6.9542,36.8847],[6.9542,36.8846],[6.9545,36.8835],[6.9544,36.8834],[6.9542,36.8833],[6.9539,36.8832],[6.9535,36.8831],[6.9529,36.8831],[6.9525,36.8831],[6.9519,36.8831],[6.9514,36.8831],[6.9509,36.8831],[6.9508,36.8832],[6.9507,36.8832],[6.9507,36.8833],[6.9505,36.8844],[6.9504,36.8845],[6.9503,36.8845],[6.9503,36.8844],[6.9503,36.8844],[6.9505,36.8832],[6.9504,36.8832],[6.9502,36.8831],[6.9497,36.883],[6.9492,36.883],[6.9487,36.883],[6.9483,36.8831],[6.948,36.8832],[6.9475,36.8839],[6.9471,36.8843],[6.9465,36.8849],[6.9464,36.885],[6.9455,36.8856],[6.9438,36.8868],[6.9433,36.8868],[6.9432,36.8868],[6.9431,36.8868],[6.9429,36.8868],[6.9428,36.8867],[6.9428,36.8866],[6.9427,36.8865],[6.9428,36.8864],[6.9429,36.8864],[6.9431,36.8863],[6.9432,36.8864],[6.9432,36.8864],[6.9433,36.8865],[6.9436,36.8865],[6.9437,36.8864],[6.944,36.8862],[6.944,36.8862],[6.944,36.886],[6.9441,36.8859],[6.9441,36.8858],[6.9441,36.8858],[6.9442,36.8858],[6.9443,36.8858],[6.9442,36.8858],[6.9441,36.8858],[6.9439,36.8856],[6.9442,36.8854],[6.9444,36.8856],[6.9444,36.8856],[6.9445,36.8857],[6.9446,36.8857],[6.9447,36.8857],[6.9448,36.8857],[6.9462,36.8848],[6.9463,36.8846],[6.9464,36.8844],[6.9464,36.8844],[6.9462,36.8844],[6.9461,36.8844],[6.9459,36.8843],[6.9464,36.8838],[6.9464,36.8838],[6.9465,36.8839],[6.9464,36.8839],[6.9466,36.884],[6.9466,36.8841],[6.9466,36.8842],[6.9466,36.8842],[6.9472,36.8835],[6.9471,36.8835],[6.9472,36.8834],[6.9473,36.8834],[6.9473,36.8833],[6.9473,36.8832],[6.9474,36.8831],[6.9474,36.883],[6.9471,36.8827],[6.947,36.8826],[6.9469,36.8826],[6.9467,36.8828],[6.9466,36.8828],[6.9463,36.8827],[6.9459,36.8825],[6.9456,36.8825],[6.9451,36.8825],[6.9451,36.8826],[6.9452,36.8827],[6.9452,36.8828],[6.9451,36.8829],[6.945,36.8829],[6.9449,36.8829],[6.9437,36.8837],[6.9437,36.8838],[6.9431,36.8842],[6.9429,36.8842],[6.9428,36.8841],[6.9428,36.884],[6.9435,36.8836],[6.9436,36.8836],[6.9448,36.8828],[6.9447,36.8828],[6.9447,36.8827],[6.9448,36.8826],[6.9448,36.8825],[6.9449,36.8826],[6.945,36.8825],[6.9444,36.8824],[6.9435,36.8823],[6.9424,36.8822],[6.9422,36.8822],[6.9421,36.8824],[6.9419,36.8823],[6.9419,36.8823],[6.9416,36.8822],[6.9415,36.8822],[6.9415,36.8825],[6.9412,36.8824],[6.9412,36.8822],[6.941,36.8823],[6.9407,36.8824],[6.9404,36.8826],[6.9402,36.8826],[6.9399,36.8827],[6.9397,36.8828],[6.9397,36.8828],[6.937,36.8829],[6.9369,36.8819],[6.9348,36.882],[6.9348,36.8824],[6.935,36.8824],[6.935,36.8826],[6.9349,36.8827],[6.9349,36.8828],[6.9353,36.8828],[6.9357,36.8827],[6.936,36.8827],[6.9361,36.8827],[6.9364,36.8826],[6.9364,36.8826],[6.9365,36.8826],[6.9365,36.8827],[6.9365,36.8827],[6.9361,36.8829],[6.9359,36.883],[6.9355,36.883],[6.9348,36.883],[6.9347,36.8831],[6.9346,36.8832],[6.9346,36.8833],[6.9346,36.8836],[6.9346,36.8844],[6.9347,36.8844],[6.9348,36.8845],[6.935,36.8845],[6.9351,36.8845],[6.9351,36.8846],[6.9353,36.8846],[6.9353,36.8845],[6.9356,36.8846],[6.9355,36.8849],[6.9353,36.8848],[6.9353,36.8848],[6.9351,36.8847],[6.9348,36.8847],[6.9347,36.8848],[6.9347,36.8849],[6.9347,36.8854],[6.9347,36.8855],[6.9348,36.8857],[6.9348,36.8858],[6.9348,36.886],[6.9349,36.8862],[6.935,36.8864],[6.9351,36.8865],[6.9359,36.8872],[6.936,36.8872],[6.9359,36.8871],[6.9361,36.887],[6.9363,36.8872],[6.9362,36.8873],[6.9361,36.8873],[6.936,36.8874],[6.9368,36.8882],[6.937,36.8883],[6.9372,36.8884],[6.9391,36.8892],[6.9392,36.8891],[6.9391,36.889],[6.9392,36.8889],[6.9395,36.889],[6.9394,36.8892],[6.9393,36.8891],[6.9393,36.8892],[6.9404,36.8896],[6.9405,36.8897],[6.9407,36.8897],[6.9409,36.8898],[6.9411,36.8899],[6.9412,36.8899],[6.9418,36.8901],[6.943,36.8906],[6.9432,36.8907],[6.9435,36.8908],[6.9438,36.8909],[6.9444,36.8911],[6.9445,36.891],[6.9445,36.891],[6.9446,36.891],[6.9447,36.891],[6.9448,36.8911],[6.9449,36.8913],[6.9451,36.8914],[6.9452,36.8914],[6.9453,36.8914],[6.9453,36.8915],[6.9456,36.8916],[6.9458,36.8917],[6.9462,36.8919],[6.9464,36.8919],[6.9467,36.8919],[6.9468,36.8919],[6.9469,36.8919],[6.9471,36.8921],[6.947,36.8923],[6.9469,36.8924],[6.9468,36.8925],[6.9466,36.8925],[6.9465,36.8924],[6.9463,36.8923],[6.946,36.8922],[6.9455,36.892],[6.9453,36.892],[6.9448,36.8918],[6.9446,36.8917],[6.9441,36.8915],[6.9439,36.8914],[6.943,36.891],[6.9425,36.8909],[6.9421,36.8908],[6.9418,36.8907],[6.9418,36.8906],[6.9416,36.8906],[6.9414,36.8904],[6.9413,36.8904],[6.9408,36.8903],[6.9396,36.8898],[6.9378,36.8891],[6.9369,36.8887],[6.9366,36.8886],[6.9364,36.8884],[6.935,36.887],[6.9345,36.8865],[6.9343,36.8863],[6.9342,36.8861],[6.9342,36.8859],[6.9342,36.8858],[6.934,36.8853],[6.9327,36.8821],[6.9326,36.8819],[6.9323,36.8817],[6.9318,36.8816],[6.9318,36.8814],[6.9321,36.881],[6.9321,36.881],[6.9318,36.8813],[6.9317,36.8814],[6.9315,36.8813],[6.9313,36.8812],[6.9311,36.881],[6.9311,36.8808],[6.9312,36.8806],[6.931,36.8805],[6.9309,36.8804],[6.9306,36.8808],[6.9305,36.8808],[6.93,36.8809],[6.9298,36.8809],[6.9296,36.8809],[6.9294,36.8811],[6.9289,36.8815],[6.9287,36.8817],[6.9284,36.8817],[6.9279,36.8817],[6.9277,36.882],[6.9275,36.8822],[6.9273,36.8823],[6.9272,36.8824],[6.927,36.8825],[6.9259,36.8827],[6.9256,36.8829],[6.9252,36.883],[6.9247,36.8831],[6.9242,36.8832],[6.9239,36.8833],[6.9237,36.8833],[6.9235,36.8833],[6.9238,36.8836],[6.9239,36.8838],[6.9239,36.8839],[6.9238,36.8841],[6.9235,36.8842],[6.9233,36.8841],[6.9232,36.8837],[6.9231,36.8835],[6.9229,36.8833],[6.9226,36.8832],[6.9222,36.8831],[6.9217,36.883],[6.9215,36.883],[6.9213,36.883],[6.9211,36.8831],[6.9208,36.8832],[6.9201,36.884],[6.9198,36.8843],[6.9195,36.8844],[6.9195,36.8845],[6.9195,36.8846],[6.9193,36.8845],[6.9192,36.8845],[6.9191,36.8845],[6.9191,36.8846],[6.9189,36.8848],[6.9187,36.8848],[6.9186,36.8849],[6.9187,36.885],[6.9188,36.8851],[6.9189,36.8852],[6.9187,36.8852],[6.9186,36.8851],[6.9183,36.8849],[6.9181,36.8849],[6.9177,36.8849],[6.9167,36.885],[6.9165,36.885],[6.9164,36.8851],[6.9163,36.8853],[6.9161,36.8854],[6.9159,36.8854],[6.9157,36.8858],[6.9157,36.8861],[6.9156,36.8864],[6.9154,36.8868],[6.9152,36.887],[6.9151,36.8871],[6.9149,36.8873],[6.9147,36.8873],[6.9145,36.8875],[6.9142,36.8876],[6.9131,36.8881],[6.9122,36.8885],[6.9119,36.8887],[6.9113,36.8888],[6.9106,36.8891],[6.9081,36.8901],[6.9053,36.8912],[6.9052,36.8913],[6.9026,36.8923],[6.9013,36.8928],[6.9012,36.8929],[6.901,36.893],[6.9008,36.8929],[6.9008,36.8927],[6.9007,36.8926],[6.9008,36.8925],[6.901,36.8925],[6.9011,36.8926],[6.9031,36.8918],[6.9031,36.8917],[6.9031,36.8917],[6.9027,36.8912],[6.9029,36.8911],[6.9032,36.8915],[6.9036,36.8915],[6.9039,36.8914],[6.9047,36.8911],[6.9046,36.891],[6.9047,36.8909],[6.9046,36.8907],[6.9049,36.8906],[6.9051,36.8908],[6.9052,36.8908],[6.9057,36.8907],[6.9071,36.8901],[6.907,36.89],[6.9071,36.89],[6.907,36.8898],[6.9074,36.8897],[6.9075,36.8899],[6.9076,36.8898],[6.9077,36.8899],[6.9078,36.8898],[6.9079,36.8897],[6.908,36.8896],[6.9081,36.8896],[6.9082,36.8896],[6.9082,36.8895],[6.9083,36.8896],[6.9083,36.8895],[6.9084,36.8895],[6.9084,36.8896],[6.9093,36.8892],[6.9094,36.8891],[6.9094,36.8891],[6.9093,36.8889],[6.9097,36.8888],[6.9098,36.8889],[6.9099,36.8889],[6.91,36.889],[6.9107,36.8887],[6.9107,36.8886],[6.9104,36.8881],[6.9122,36.8873],[6.914,36.8872],[6.9146,36.8859],[6.9117,36.8854],[6.9115,36.8854],[6.9108,36.8855],[6.911,36.8859],[6.9108,36.8859],[6.9107,36.8855],[6.9104,36.8855],[6.9104,36.8856],[6.9102,36.8856],[6.9101,36.8857],[6.9072,36.8863],[6.9078,36.8881],[6.9067,36.8883],[6.9061,36.8861],[6.9028,36.8868],[6.9027,36.8864],[6.9024,36.886],[6.9018,36.8861],[6.902,36.8868],[6.902,36.8868],[6.9017,36.8861],[6.9014,36.886],[6.9012,36.886],[6.9009,36.8861],[6.9011,36.8867],[6.9011,36.8867],[6.9011,36.8868],[6.9009,36.8869],[6.901,36.8871],[6.9015,36.887],[6.9017,36.8874],[6.9011,36.8877],[6.9026,36.8899],[6.9021,36.8901],[6.902,36.89],[6.9017,36.8901],[6.9015,36.8902],[6.9013,36.8902],[6.9012,36.8902],[6.901,36.8901],[6.9008,36.8901],[6.9007,36.89],[6.9006,36.8898],[6.8992,36.8877],[6.899,36.8877],[6.8985,36.8877],[6.8981,36.8877],[6.8976,36.8877],[6.8971,36.8878],[6.8958,36.888],[6.8944,36.8883],[6.8935,36.8886],[6.8933,36.8888],[6.8929,36.8894],[6.8927,36.8897],[6.8926,36.8898],[6.8923,36.8898],[6.8923,36.8899],[6.8922,36.8899],[6.8919,36.8901],[6.8916,36.89],[6.8914,36.8901],[6.8911,36.8902],[6.8902,36.8905],[6.8898,36.8907],[6.8894,36.891],[6.8896,36.8912],[6.8896,36.8913],[6.8897,36.8913],[6.8897,36.8914],[6.8897,36.8915],[6.8897,36.8915],[6.8896,36.8915],[6.8898,36.8916],[6.8898,36.8917],[6.8897,36.8917],[6.8896,36.8918],[6.8895,36.8919],[6.8894,36.8919],[6.8893,36.8919],[6.8892,36.8919],[6.8893,36.8918],[6.8891,36.8917],[6.889,36.8918],[6.8889,36.892],[6.8888,36.892],[6.8887,36.8921],[6.8886,36.8921],[6.8885,36.8921],[6.8885,36.8922],[6.8883,36.8923],[6.888,36.8924],[6.888,36.8924],[6.8879,36.8925],[6.8879,36.8925],[6.8878,36.8924],[6.8877,36.8924],[6.8876,36.8924],[6.8875,36.8923],[6.8875,36.8923],[6.8873,36.8923],[6.8872,36.8923],[6.8869,36.8924],[6.8866,36.8926],[6.8861,36.8929],[6.8858,36.8931],[6.8857,36.8932],[6.8856,36.8934],[6.8854,36.8935],[6.8851,36.8936],[6.8849,36.8937],[6.8847,36.8938],[6.8844,36.894],[6.8841,36.8941],[6.8834,36.8946],[6.883,36.8948],[6.8827,36.895],[6.8825,36.8951],[6.8825,36.8952],[6.8825,36.8954],[6.8823,36.8957],[6.8821,36.8959],[6.882,36.896],[6.8817,36.8962],[6.8815,36.8964],[6.8812,36.8966],[6.8811,36.8968],[6.8808,36.897],[6.8806,36.8973],[6.8804,36.8975],[6.8803,36.8978],[6.8801,36.8981],[6.88,36.8984],[6.8801,36.8985],[6.8801,36.8986],[6.8802,36.8987],[6.8811,36.8993],[6.8811,36.8994],[6.8811,36.8995],[6.881,36.8996],[6.8808,36.8995],[6.8808,36.8995],[6.8804,36.8992],[6.88,36.8997],[6.8802,36.8998],[6.879,36.901],[6.8794,36.9013],[6.8793,36.902],[6.879,36.9021],[6.879,36.9021],[6.8785,36.9023],[6.8787,36.9028],[6.8796,36.9028],[6.8796,36.9029],[6.8788,36.9031],[6.8791,36.9037],[6.8801,36.9038],[6.8801,36.9038],[6.8802,36.9038],[6.8802,36.9033],[6.8803,36.9033],[6.8803,36.9022],[6.8802,36.9022],[6.8803,36.9015],[6.8818,36.8997],[6.8819,36.8997],[6.8819,36.8997],[6.882,36.8996],[6.8819,36.8996],[6.882,36.8996],[6.8819,36.8995],[6.8819,36.8995],[6.882,36.8994],[6.8821,36.8994],[6.8822,36.8994],[6.8823,36.8994],[6.8824,36.8995],[6.8824,36.8996],[6.8824,36.8997],[6.8823,36.8998],[6.8808,36.9015],[6.8807,36.9017],[6.8806,36.9019],[6.8806,36.903],[6.8807,36.9032],[6.8807,36.9034],[6.8806,36.9035],[6.8806,36.9039],[6.8806,36.904],[6.8806,36.9043],[6.8805,36.9044],[6.8806,36.9046],[6.8807,36.9048],[6.8809,36.9049],[6.8811,36.905],[6.8811,36.9051],[6.8813,36.9051],[6.8815,36.9052],[6.8816,36.9051],[6.8818,36.9052],[6.8819,36.9053],[6.8821,36.9052],[6.8822,36.9053],[6.8823,36.9053],[6.8826,36.9054],[6.8828,36.9054],[6.8831,36.9052],[6.8832,36.905],[6.8835,36.9049],[6.8836,36.9049],[6.8837,36.9049],[6.8838,36.905],[6.8837,36.9051],[6.8838,36.9052],[6.8839,36.9053],[6.8838,36.9054],[6.8836,36.9055],[6.8834,36.9057],[6.8831,36.9058],[6.883,36.9058],[6.8831,36.9061],[6.8831,36.9064],[6.8831,36.9066],[6.8831,36.9069],[6.8831,36.9071],[6.883,36.9072],[6.8829,36.9073],[6.883,36.9075],[6.8831,36.9078],[6.8834,36.9084],[6.8842,36.9086],[6.8841,36.9097],[6.8851,36.9102],[6.8849,36.912],[6.8842,36.912],[6.8845,36.9125],[6.884,36.9125],[6.8839,36.9125],[6.8835,36.9143],[6.8842,36.9144],[6.8842,36.9144],[6.8848,36.9157],[6.886,36.9179],[6.8867,36.918],[6.8879,36.9182],[6.8869,36.9197],[6.8859,36.92],[6.8869,36.9208],[6.8859,36.9207],[6.8858,36.9203],[6.885,36.92],[6.8846,36.9207],[6.8826,36.9248],[6.881,36.9253],[6.8816,36.9275],[6.882,36.9292],[6.8818,36.9317],[6.8808,36.9317],[6.8805,36.9325],[6.879,36.9323],[6.8789,36.9323],[6.8779,36.9331],[6.8766,36.933],[6.8757,36.9324],[6.8754,36.9303],[6.8738,36.93],[6.8738,36.9306],[6.8725,36.9308],[6.8725,36.9316],[6.8719,36.9315],[6.8715,36.9326],[6.8706,36.9325],[6.8705,36.9333],[6.8696,36.933],[6.8696,36.9325],[6.8693,36.9325],[6.8689,36.9335],[6.867,36.933],[6.8674,36.932],[6.8648,36.9313],[6.8575,36.9319],[6.8481,36.9355],[6.848,36.9373],[6.8464,36.9372],[6.8464,36.9378],[6.847,36.9378],[6.8466,36.9383],[6.8466,36.9408],[6.8474,36.9411],[6.848,36.9424],[6.8478,36.944],[6.8456,36.9434],[6.8457,36.9468],[6.8458,36.9483],[6.8474,36.9486],[6.8474,36.9488],[6.8461,36.9485],[6.8468,36.9506],[6.8489,36.9517],[6.849,36.953],[6.8494,36.9531],[6.8498,36.953],[6.8495,36.9537],[6.8501,36.9538],[6.85,36.9571],[6.8494,36.9571],[6.8496,36.9566],[6.8493,36.9561],[6.8496,36.9558],[6.8488,36.9537],[6.8482,36.9537],[6.8482,36.9542],[6.8476,36.954],[6.8476,36.9535],[6.8463,36.9537],[6.8463,36.9547],[6.845,36.9544],[6.845,36.9539],[6.8438,36.9539],[6.8431,36.9539],[6.8434,36.9549],[6.8421,36.9546],[6.8421,36.9552],[6.8405,36.9556],[6.8405,36.9551],[6.8395,36.9551],[6.8395,36.9546],[6.8379,36.9546],[6.838,36.9538],[6.836,36.9543],[6.8363,36.9553],[6.8347,36.9548],[6.8356,36.954],[6.8351,36.9522],[6.8338,36.9522],[6.8339,36.9517],[6.8326,36.9516],[6.832,36.9506],[6.8278,36.9503],[6.8278,36.9498],[6.8256,36.9502],[6.8253,36.9492],[6.8227,36.9495],[6.8218,36.949],[6.8208,36.9491],[6.8205,36.9483],[6.8161,36.9476],[6.8157,36.9479],[6.8148,36.9476],[6.8128,36.9477],[6.8128,36.9482],[6.8122,36.9482],[6.8125,36.9487],[6.8096,36.9497],[6.8099,36.9502],[6.8089,36.9504],[6.8089,36.9512],[6.8083,36.9512],[6.8082,36.952],[6.8073,36.9519],[6.8075,36.9543],[6.8053,36.9537],[6.8046,36.9547],[6.8034,36.9544],[6.8034,36.9552],[6.8027,36.9552],[6.8027,36.9565],[6.802,36.9565],[6.8017,36.9572],[6.8004,36.9567],[6.8004,36.9562],[6.7992,36.9562],[6.7995,36.9557],[6.7985,36.9556],[6.7992,36.9544],[6.797,36.9547],[6.796,36.9546],[6.796,36.954],[6.7954,36.954],[6.7954,36.9535],[6.7948,36.9535],[6.7947,36.9543],[6.7941,36.954],[6.7941,36.9535],[6.7938,36.9535],[6.7934,36.9545],[6.7928,36.9545],[6.7925,36.9553],[6.7915,36.955],[6.7915,36.9555],[6.7902,36.955],[6.7899,36.9562],[6.7892,36.956],[6.7895,36.9573],[6.7888,36.9571],[6.7887,36.9571],[6.7885,36.9583],[6.7876,36.9577],[6.7884,36.9567],[6.7888,36.9562],[6.788,36.9549],[6.787,36.9547],[6.7874,36.9539],[6.7882,36.9536],[6.7881,36.9526],[6.7868,36.9523],[6.7874,36.9534],[6.7848,36.9533],[6.7852,36.9526],[6.7842,36.9523],[6.7848,36.9495],[6.7837,36.9477],[6.7828,36.9479],[6.7828,36.9474],[6.77,36.945],[6.7671,36.9461],[6.7664,36.9476],[6.7629,36.9478],[6.7629,36.9473],[6.762,36.9472],[6.762,36.9478],[6.7607,36.9477],[6.7607,36.9472],[6.7581,36.9472],[6.7581,36.9479],[6.7575,36.9479],[6.7575,36.9484],[6.7581,36.9485],[6.7577,36.9497],[6.7565,36.9501],[6.7549,36.9497],[6.7548,36.9505],[6.7545,36.9504],[6.7542,36.9494],[6.7513,36.9501],[6.7511,36.9512],[6.7518,36.9517],[6.7526,36.955],[6.7524,36.9576],[6.7518,36.9576],[6.7525,36.9581],[6.7541,36.9592],[6.7542,36.9599],[6.7536,36.9599],[6.7528,36.964],[6.7517,36.9635],[6.7513,36.9632],[6.7516,36.9625],[6.7507,36.9621],[6.7494,36.9622],[6.7494,36.9627],[6.7481,36.9634],[6.7477,36.9634],[6.748,36.9631],[6.7476,36.9614],[6.7496,36.9593],[6.7495,36.9581],[6.7501,36.9581],[6.7498,36.9573],[6.7492,36.9575],[6.7488,36.9542],[6.7471,36.9518],[6.7455,36.9518],[6.7459,36.9508],[6.7449,36.9509],[6.7334,36.9473],[6.731,36.9465],[6.7188,36.9451],[6.7185,36.9464],[6.7166,36.9461],[6.7166,36.9466],[6.7159,36.9462],[6.7121,36.9471],[6.712,36.9481],[6.7127,36.9481],[6.7116,36.9507],[6.7107,36.951],[6.71,36.9509],[6.7103,36.9524],[6.7097,36.9524],[6.7097,36.9516],[6.709,36.9516],[6.7084,36.9501],[6.7081,36.9501],[6.7081,36.9506],[6.7049,36.9498],[6.705,36.9492],[6.7043,36.9495],[6.7036,36.9508],[6.7011,36.9499],[6.7011,36.9489],[6.7008,36.9489],[6.7008,36.9497],[6.6995,36.9502],[6.6991,36.9514],[6.6975,36.9509],[6.6973,36.9496],[6.695,36.9506],[6.695,36.9498],[6.6944,36.9498],[6.6944,36.949],[6.6928,36.9498],[6.6928,36.9503],[6.6916,36.949],[6.6915,36.949],[6.6893,36.9487],[6.6893,36.9492],[6.6877,36.9494],[6.6877,36.9499],[6.6864,36.9502],[6.6869,36.953],[6.6876,36.953],[6.6872,36.9552],[6.6872,36.9556],[6.6878,36.9556],[6.6878,36.9566],[6.6868,36.9566],[6.6868,36.9571],[6.6855,36.9573],[6.6848,36.9584],[6.6835,36.9583],[6.682,36.9583],[6.682,36.9575],[6.6807,36.9576],[6.6801,36.9574],[6.6797,36.9576],[6.6791,36.9575],[6.6796,36.9562],[6.6784,36.9546],[6.6783,36.9533],[6.6776,36.9533],[6.678,36.9521],[6.6773,36.952],[6.678,36.9508],[6.677,36.9513],[6.6774,36.9495],[6.6765,36.9497],[6.6765,36.9487],[6.6758,36.9489],[6.6758,36.9494],[6.6752,36.9494],[6.6754,36.9481],[6.6746,36.9471],[6.674,36.9474],[6.674,36.9479],[6.6733,36.9481],[6.6735,36.9478],[6.6733,36.9473],[6.672,36.9476],[6.6717,36.9483],[6.6711,36.9483],[6.671,36.9488],[6.6701,36.9491],[6.6701,36.9486],[6.6672,36.9485],[6.6675,36.9493],[6.6662,36.9495],[6.6662,36.95],[6.6656,36.95],[6.6656,36.9503],[6.6662,36.9503],[6.666,36.9507],[6.6662,36.9511],[6.6649,36.9508],[6.6642,36.9533],[6.6648,36.9533],[6.6641,36.9551],[6.6635,36.9549],[6.6635,36.9561],[6.6628,36.9561],[6.6628,36.9571],[6.6621,36.9571],[6.6621,36.9587],[6.6621,36.9589],[6.662,36.9589],[6.6608,36.9584],[6.6608,36.9579],[6.6605,36.9579],[6.6598,36.9594],[6.6592,36.9594],[6.6592,36.9599],[6.6579,36.9594],[6.6583,36.9586],[6.6573,36.9582],[6.6564,36.9583],[6.657,36.957],[6.6561,36.9568],[6.6561,36.956],[6.6548,36.9556],[6.6526,36.9562],[6.6519,36.9582],[6.6512,36.9582],[6.6512,36.9592],[6.6506,36.9592],[6.6505,36.9597],[6.6493,36.9593],[6.6486,36.9594],[6.6486,36.9602],[6.6467,36.9602],[6.6464,36.9591],[6.6458,36.9591],[6.6458,36.9578],[6.6429,36.958],[6.6423,36.9557],[6.6417,36.9557],[6.6417,36.9552],[6.6369,36.9556],[6.6372,36.9561],[6.6353,36.9566],[6.6348,36.9574],[6.6336,36.9586],[6.6323,36.9591],[6.6318,36.9617],[6.6326,36.9619],[6.6322,36.9625],[6.6316,36.9624],[6.6313,36.9617],[6.6277,36.9626],[6.628,36.9634],[6.6267,36.9636],[6.6261,36.9652],[6.6254,36.9651],[6.6252,36.9669],[6.6264,36.9685],[6.6265,36.9697],[6.6265,36.9706],[6.6294,36.9711],[6.6294,36.9722],[6.6313,36.9724],[6.6319,36.9737],[6.6306,36.9741],[6.6299,36.9738],[6.6248,36.9739],[6.6246,36.9727],[6.6245,36.9726],[6.6226,36.972],[6.6227,36.9715],[6.6204,36.972],[6.6201,36.9727],[6.6194,36.9727],[6.6194,36.972],[6.6169,36.9711],[6.6169,36.9701],[6.6157,36.9694],[6.5894,36.9744],[6.5822,36.9758],[6.5822,36.9763],[6.5793,36.9771],[6.5792,36.9776],[6.5763,36.9788],[6.5763,36.9793],[6.575,36.9795],[6.575,36.9803],[6.5737,36.9805],[6.573,36.9815],[6.5721,36.9818],[6.5721,36.9823],[6.5711,36.9825],[6.5707,36.9833],[6.5701,36.9833],[6.5694,36.9846],[6.5688,36.9845],[6.5642,36.9914],[6.5639,36.9934],[6.5655,36.9965],[6.5664,36.9968],[6.5673,36.9971],[6.5674,36.9984],[6.568,36.9984],[6.568,36.9989],[6.5699,36.9989],[6.5699,36.9995],[6.5693,36.9994],[6.5686,37.001],[6.5679,37.001],[6.5682,37.002],[6.5705,37.0023],[6.5709,37.0049],[6.5713,37.005],[6.572,37.0045],[6.5729,37.0045],[6.5739,37.0034],[6.5736,37.0052],[6.5758,37.0057],[6.5758,37.0063],[6.5769,37.0068],[6.5776,37.0091],[6.5798,37.0096],[6.5815,37.0118],[6.5813,37.0128],[6.5823,37.0128],[6.5827,37.0146],[6.5835,37.0149],[6.5835,37.0152],[6.5809,37.015],[6.5803,37.0144],[6.5792,37.0141],[6.5778,37.0137],[6.5778,37.0143],[6.5774,37.0143],[6.5775,37.0132],[6.5759,37.0124],[6.5759,37.0119],[6.5728,37.0106],[6.5725,37.0095],[6.5718,37.0095],[6.5716,37.0085],[6.5715,37.0082],[6.5713,37.0083],[6.5686,37.0088],[6.566,37.0104],[6.5642,37.0137],[6.5664,37.0151],[6.5662,37.0158],[6.5668,37.016],[6.5668,37.016],[6.5676,37.0171],[6.5674,37.0182],[6.5683,37.0183],[6.5689,37.0195],[6.5696,37.0195],[6.57,37.0218],[6.5706,37.0223],[6.57,37.0282],[6.5683,37.0289],[6.5674,37.0293],[6.5638,37.0294],[6.5635,37.0286],[6.5629,37.0286],[6.5633,37.0273],[6.5623,37.0276],[6.5626,37.0268],[6.5617,37.0268],[6.5617,37.026],[6.5604,37.0257],[6.5601,37.0247],[6.5556,37.0252],[6.5543,37.026],[6.5531,37.0257],[6.5492,37.0263],[6.5492,37.0268],[6.5479,37.027],[6.5475,37.0278],[6.5463,37.028],[6.5462,37.0285],[6.5456,37.0285],[6.5456,37.029],[6.5449,37.029],[6.5446,37.0298],[6.542,37.031],[6.5413,37.032],[6.5407,37.032],[6.5398,37.0338],[6.5405,37.0376],[6.5411,37.0377],[6.5412,37.0378],[6.5417,37.041],[6.5423,37.041],[6.5425,37.0436],[6.5432,37.0436],[6.5444,37.0495],[6.5493,37.0543],[6.5467,37.0543],[6.546,37.0548],[6.5454,37.0549],[6.5444,37.0549],[6.5444,37.0565],[6.5438,37.0563],[6.5434,37.0564],[6.5437,37.0534],[6.5429,37.0516],[6.5407,37.0515],[6.5407,37.0507],[6.5329,37.0514],[6.5317,37.0515],[6.5288,37.0523],[6.5288,37.0518],[6.5272,37.0525],[6.5269,37.0533],[6.5256,37.0526],[6.5198,37.0539],[6.5198,37.0544],[6.5188,37.0544],[6.5186,37.0552],[6.5189,37.0557],[6.5184,37.0562],[6.5171,37.0562],[6.5166,37.0569],[6.5169,37.059],[6.5189,37.061],[6.5192,37.0613],[6.5188,37.0611],[6.5183,37.0609],[6.5157,37.061],[6.5157,37.0615],[6.5154,37.0615],[6.5151,37.0605],[6.5128,37.0617],[6.5128,37.0622],[6.5121,37.0622],[6.513,37.0651],[6.5124,37.065],[6.5123,37.0661],[6.5114,37.0661],[6.5111,37.0684],[6.5124,37.0694],[6.5126,37.0721],[6.5126,37.0725],[6.5114,37.0738],[6.5101,37.0744],[6.5098,37.0745],[6.5098,37.0746],[6.5101,37.0753],[6.5084,37.0759],[6.5056,37.077],[6.5056,37.0775],[6.5033,37.0773],[6.5023,37.0777],[6.5013,37.0789],[6.4984,37.0791],[6.4974,37.0804],[6.4965,37.0806],[6.4965,37.0812],[6.4952,37.0814],[6.4945,37.0824],[6.4938,37.0824],[6.4932,37.0836],[6.4922,37.0835],[6.4916,37.0839],[6.4915,37.0844],[6.4864,37.0856],[6.4863,37.0863],[6.4855,37.086],[6.4851,37.0858],[6.4851,37.0863],[6.4803,37.0863],[6.4773,37.0876],[6.4725,37.0881],[6.4722,37.0873],[6.4706,37.0866],[6.469,37.0872],[6.469,37.088],[6.4683,37.088],[6.4683,37.0885],[6.467,37.0882],[6.4675,37.0854],[6.4659,37.0851],[6.4656,37.0843],[6.4566,37.0843],[6.4557,37.0835],[6.4509,37.0816],[6.449,37.0812],[6.449,37.0817],[6.4451,37.0819],[6.4448,37.0826],[6.4355,37.0819],[6.4355,37.0814],[6.4333,37.0808],[6.4326,37.0821],[6.4288,37.0806],[6.4269,37.0812],[6.4265,37.082],[6.4246,37.0821],[6.4237,37.0816],[6.4237,37.0811],[6.4211,37.0809],[6.4189,37.0818],[6.4185,37.0831],[6.4175,37.0831],[6.4164,37.0843],[6.4158,37.0858],[6.4149,37.0852],[6.413,37.0856],[6.4092,37.0827],[6.4079,37.0826],[6.4079,37.0821],[6.407,37.0822],[6.4057,37.0814],[6.4028,37.082],[6.4031,37.0845],[6.4011,37.0842],[6.4008,37.0835],[6.4015,37.0835],[6.4015,37.0832],[6.4005,37.0832],[6.4003,37.0822],[6.3987,37.082],[6.3977,37.0812],[6.3961,37.0813],[6.3961,37.0818],[6.3916,37.0809],[6.3913,37.0802],[6.3907,37.0802],[6.3901,37.0791],[6.3888,37.0792],[6.3872,37.0788],[6.3872,37.0793],[6.3866,37.079],[6.3865,37.0798],[6.3859,37.0798],[6.3856,37.0782],[6.3782,37.0787],[6.377,37.0783],[6.377,37.0778],[6.3713,37.0769],[6.3712,37.0774],[6.3649,37.0764],[6.363,37.0754],[6.363,37.0749],[6.3608,37.0735],[6.356,37.0732],[6.356,37.0727],[6.3535,37.0721],[6.3535,37.0716],[6.3516,37.0713],[6.3516,37.0708],[6.3487,37.0706],[6.3462,37.069],[6.3457,37.0689],[6.3382,37.0677],[6.3379,37.0684],[6.3369,37.0682],[6.3367,37.0674],[6.3357,37.0671],[6.3354,37.0661],[6.3348,37.0663],[6.333,37.0619],[6.3314,37.0614],[6.3315,37.0603],[6.3302,37.0601],[6.3299,37.0593],[6.3292,37.0593],[6.3293,37.0582],[6.3286,37.0582],[6.3291,37.0577],[6.329,37.0569],[6.3284,37.0569],[6.3278,37.0559],[6.3268,37.0556],[6.3268,37.0548],[6.3246,37.0547],[6.3221,37.0537],[6.3221,37.0532],[6.3215,37.0532],[6.3215,37.0516],[6.3209,37.0519],[6.3209,37.0514],[6.3199,37.0514],[6.3193,37.0501],[6.3187,37.0503],[6.3187,37.0498],[6.318,37.0498],[6.3173,37.0485],[6.3175,37.048],[6.3168,37.0479],[6.3161,37.0456],[6.3157,37.0446],[6.315,37.0446],[6.3151,37.0435],[6.3132,37.0429],[6.3122,37.0432],[6.3125,37.0422],[6.3106,37.0416],[6.31,37.0406],[6.3091,37.0403],[6.3085,37.0393],[6.3077,37.0391],[6.3031,37.0384],[6.3031,37.0379],[6.3024,37.0379],[6.3025,37.0373],[6.3006,37.037],[6.3006,37.0365],[6.2977,37.0365],[6.2977,37.036],[6.2967,37.0361],[6.2948,37.0356],[6.2949,37.0351],[6.2933,37.0346],[6.2933,37.0338],[6.2914,37.0331],[6.2869,37.0331],[6.2869,37.0336],[6.2793,37.0317],[6.2787,37.0304],[6.2777,37.0305],[6.2758,37.0294],[6.2717,37.0291],[6.2704,37.028],[6.2651,37.0262],[6.2651,37.0254],[6.2638,37.0252],[6.2635,37.0244],[6.2629,37.0244],[6.2626,37.0231],[6.2618,37.0231],[6.2617,37.0231],[6.2618,37.0228],[6.2629,37.0208],[6.2627,37.0197],[6.2634,37.0198],[6.2635,37.0159],[6.2641,37.0159],[6.2644,37.0141],[6.2632,37.012],[6.263,37.0084],[6.2616,37.0061],[6.261,37.0063],[6.2607,37.0051],[6.2601,37.005],[6.2598,37.004],[6.2575,37.0037],[6.2569,37.0027],[6.2557,37.0029],[6.2545,37.0005],[6.2535,37.0005],[6.2529,36.9992],[6.2513,36.9989],[6.251,36.9982],[6.2504,36.9981],[6.2504,36.9976],[6.2491,36.9971],[6.2479,36.9947],[6.2474,36.9947],[6.2473,36.9947],[6.2473,36.9946],[6.2475,36.9934],[6.2459,36.9896],[6.2449,36.9893],[6.2446,36.9885],[6.2434,36.9886],[6.243,36.9883],[6.2424,36.9886],[6.2418,36.9884],[6.2418,36.9879],[6.2405,36.9876],[6.2406,36.9843],[6.2406,36.984],[6.24,36.984],[6.2399,36.9822],[6.2418,36.9787],[6.2424,36.9787],[6.2428,36.9761],[6.2435,36.9764],[6.2442,36.9739],[6.2452,36.9737],[6.2455,36.9731],[6.2462,36.9731],[6.2462,36.9726],[6.2468,36.9726],[6.2468,36.9721],[6.2504,36.9718],[6.2513,36.972],[6.2513,36.9714],[6.2526,36.9716],[6.2545,36.9714],[6.2548,36.9711],[6.2552,36.9706],[6.2558,36.9707],[6.2572,36.9682],[6.2583,36.968],[6.2583,36.9652],[6.2591,36.9649],[6.2589,36.9616],[6.2597,36.9605],[6.2602,36.9598],[6.2601,36.9591],[6.2607,36.9591],[6.2608,36.9586],[6.262,36.9586],[6.2622,36.958],[6.2622,36.9578],[6.2634,36.9573],[6.2631,36.9563],[6.2639,36.9561],[6.2641,36.9553],[6.2647,36.9553],[6.2642,36.9509],[6.2626,36.9506],[6.2638,36.9486],[6.2637,36.9473],[6.2619,36.9468],[6.2618,36.9468],[6.2611,36.9442],[6.2615,36.9437],[6.2611,36.9414],[6.2582,36.9416],[6.2581,36.9414],[6.2579,36.9398],[6.2576,36.9397],[6.2576,36.9403],[6.2573,36.9403],[6.2573,36.9397],[6.2566,36.9397],[6.257,36.9392],[6.2563,36.9392],[6.2561,36.9379],[6.2551,36.9376],[6.2551,36.9371],[6.2542,36.9368],[6.2539,36.9358],[6.2529,36.9358],[6.2527,36.9332],[6.2524,36.9332],[6.2524,36.9337],[6.2508,36.9334],[6.2506,36.9296],[6.25,36.9296],[6.2491,36.9282],[6.2484,36.9282],[6.2481,36.9275],[6.2456,36.9259],[6.2453,36.9251],[6.2428,36.924],[6.2422,36.923],[6.2394,36.9219],[6.2394,36.9213],[6.2387,36.9213],[6.2385,36.9206],[6.2202,36.912],[6.2069,36.9076],[6.2032,36.9057],[6.2019,36.9057],[6.2013,36.9052],[6.1937,36.903],[6.1934,36.9029],[6.1908,36.9026],[6.1882,36.9035],[6.1872,36.9047],[6.1866,36.9047],[6.1857,36.9021],[6.1699,36.8979],[6.1699,36.8984],[6.1658,36.8966],[6.1638,36.8967],[6.1638,36.8975],[6.1626,36.8971],[6.1619,36.8976],[6.1606,36.8971],[6.1606,36.8977],[6.1574,36.8968],[6.1575,36.8963],[6.1565,36.8963],[6.1565,36.8958],[6.1572,36.8958],[6.1572,36.8955],[6.1543,36.8955],[6.1543,36.896],[6.1514,36.8959],[6.1514,36.8964],[6.1504,36.8963],[6.1501,36.8965],[6.1495,36.8964],[6.1495,36.8956],[6.1479,36.8956],[6.1473,36.8937],[6.1467,36.894],[6.1469,36.8932],[6.1461,36.8924],[6.1436,36.8915],[6.1414,36.8909],[6.135,36.889],[6.1117,36.8815],[6.099,36.8773],[6.0965,36.8757],[6.0924,36.8744],[6.0845,36.8719],[6.0845,36.8717],[6.0897,36.8713],[6.0897,36.8708],[6.0913,36.8706],[6.0913,36.87],[6.0942,36.8688],[6.0944,36.8683],[6.0985,36.8664],[6.0985,36.8658],[6.1018,36.8643],[6.1059,36.8635],[6.106,36.8629],[6.1088,36.8628],[6.1089,36.8623],[6.1163,36.8611],[6.1163,36.8606],[6.1176,36.8607],[6.1176,36.8602],[6.1198,36.8597],[6.1199,36.8592],[6.1205,36.8592],[6.1208,36.8586],[6.122,36.8582],[6.1221,36.8577],[6.1233,36.8572],[6.1232,36.8557],[6.1226,36.8557],[6.1228,36.8572],[6.1205,36.8579],[6.1202,36.8587],[6.1173,36.86],[6.1131,36.8609],[6.0999,36.8641],[6.0998,36.8646],[6.0985,36.8648],[6.0985,36.8653],[6.0969,36.8658],[6.0969,36.8663],[6.092,36.8689],[6.091,36.869],[6.091,36.8695],[6.0865,36.8706],[6.0862,36.8703],[6.0852,36.8707],[6.0852,36.8712],[6.083,36.8712],[6.0698,36.865],[6.0672,36.8648],[6.0669,36.864],[6.066,36.864],[6.0651,36.8627],[6.0635,36.8624],[6.0635,36.8619],[6.0613,36.8615],[6.0603,36.8607],[6,36.8408],[5.9983,36.8403],[5.9948,36.8393],[5.9823,36.8366],[5.9823,36.8361],[5.9774,36.8357],[5.9774,36.8352],[5.9465,36.8298],[5.9465,36.8293],[5.9459,36.8294],[5.9448,36.8292],[5.9375,36.8277],[5.9263,36.8257],[5.9262,36.8252],[5.9211,36.8247],[5.9205,36.8242],[5.916,36.8236],[5.9156,36.8229],[5.9044,36.8215],[5.9009,36.8223],[5.8993,36.8271],[5.8989,36.8282],[5.8986,36.8282],[5.8982,36.8274],[5.8969,36.8272],[5.897,36.8269],[5.8979,36.8202],[5.895,36.8198],[5.8945,36.8221],[5.891,36.8217],[5.8914,36.8191],[5.8909,36.8186],[5.883,36.8184],[5.8825,36.8183],[5.8833,36.8175],[5.8828,36.8155],[5.8812,36.816],[5.8811,36.8177],[5.8865,36.8258],[5.8877,36.8277],[5.8853,36.8289],[5.8857,36.8297],[5.8862,36.8303],[5.8874,36.8308],[5.8879,36.8309],[5.9,36.8335],[5.9001,36.834],[5.8867,36.8312],[5.8859,36.8308],[5.8854,36.8305],[5.885,36.8299],[5.8823,36.8254],[5.8771,36.8171],[5.8764,36.8171],[5.8745,36.8164],[5.8669,36.8153],[5.8584,36.814],[5.8584,36.8137],[5.8632,36.8126],[5.865,36.8118],[5.8666,36.8099],[5.8668,36.8095],[5.867,36.8092],[5.867,36.809],[5.8658,36.8064],[5.8652,36.8059],[5.8647,36.8055],[5.8638,36.8047],[5.8638,36.803],[5.8637,36.8018],[5.8637,36.801],[5.8635,36.8017],[5.8635,36.8031],[5.8633,36.8046],[5.8642,36.8059],[5.865,36.8063],[5.8654,36.8065],[5.8664,36.8092],[5.8659,36.8102],[5.8651,36.8112],[5.863,36.8122],[5.8612,36.8124],[5.8613,36.8129],[5.859,36.8128],[5.8565,36.8136],[5.852,36.8129],[5.852,36.8134],[5.8491,36.8123],[5.826,36.8096],[5.8222,36.8092],[5.8007,36.8066],[5.7931,36.8067],[5.7893,36.8085],[5.7893,36.809],[5.7795,36.8114],[5.7755,36.8142],[5.7753,36.8163],[5.7768,36.817],[5.7765,36.8173],[5.7751,36.8165],[5.7746,36.8172],[5.7756,36.8178],[5.7754,36.8183],[5.7741,36.8176],[5.7731,36.8189],[5.7744,36.82],[5.775,36.82],[5.7778,36.8169],[5.7783,36.8172],[5.7752,36.8204],[5.7752,36.8212],[5.7765,36.822],[5.7795,36.8239],[5.7797,36.8244],[5.7794,36.8245],[5.7792,36.824],[5.7764,36.8221],[5.7763,36.822],[5.7756,36.8225],[5.7738,36.8215],[5.7724,36.822],[5.774,36.8232],[5.7749,36.8236],[5.775,36.8237],[5.7761,36.8242],[5.7752,36.8248],[5.7746,36.8244],[5.7742,36.8241],[5.7726,36.8231],[5.7703,36.8231],[5.7704,36.8236],[5.7698,36.8246],[5.7685,36.8244],[5.7688,36.8253],[5.7717,36.8257],[5.7723,36.8255],[5.7736,36.8262],[5.7753,36.8273],[5.7802,36.8274],[5.7806,36.8251],[5.781,36.8251],[5.7804,36.8277],[5.7729,36.8277],[5.771,36.8277],[5.7705,36.8282],[5.7686,36.8289],[5.768,36.8288],[5.7682,36.8267],[5.7663,36.8262],[5.7657,36.8278],[5.7638,36.8276],[5.7638,36.8281],[5.7632,36.8279],[5.7631,36.8274],[5.7625,36.8274],[5.7626,36.8268],[5.7621,36.8263],[5.7619,36.8261],[5.7612,36.8253],[5.7605,36.8254],[5.7592,36.8239],[5.7569,36.8234],[5.7569,36.8229],[5.7538,36.8237],[5.7538,36.8242],[5.7544,36.8242],[5.7549,36.825],[5.7548,36.8255],[5.7529,36.8258],[5.7528,36.8253],[5.7525,36.8253],[5.7519,36.8266],[5.7475,36.8267],[5.7472,36.8277],[5.7459,36.828],[5.7461,36.8277],[5.7459,36.8272],[5.7443,36.8274],[5.7427,36.8285],[5.7396,36.8291],[5.7376,36.8282],[5.7376,36.8277],[5.7357,36.8277],[5.7352,36.8267],[5.7391,36.8256],[5.7385,36.8223],[5.7374,36.8208],[5.7351,36.8199],[5.7306,36.8192],[5.729,36.8199],[5.7288,36.8225],[5.7265,36.8223],[5.7266,36.8228],[5.7262,36.8228],[5.7262,36.8223],[5.7253,36.8226],[5.7256,36.8221],[5.7221,36.8232],[5.7221,36.8221],[5.7208,36.822],[5.7192,36.8227],[5.7194,36.8222],[5.7188,36.8214],[5.7179,36.8215],[5.7179,36.8207],[5.7127,36.8206],[5.7127,36.819],[5.7108,36.8189],[5.7086,36.8203],[5.7073,36.8202],[5.7069,36.8191],[5.7047,36.8189],[5.7052,36.8182],[5.705,36.8176],[5.704,36.8178],[5.7017,36.8167],[5.7011,36.8157],[5.7004,36.8157],[5.7004,36.8152],[5.6934,36.8161],[5.6934,36.8166],[5.6928,36.8166],[5.694,36.8192],[5.6939,36.8197],[5.6917,36.8189],[5.6913,36.8187],[5.6913,36.8182],[5.6897,36.8184],[5.6893,36.818],[5.6892,36.8179],[5.6887,36.8175],[5.6893,36.8172],[5.691,36.8162],[5.6924,36.8131],[5.6938,36.8122],[5.6936,36.811],[5.6923,36.8107],[5.6906,36.8087],[5.6897,36.8089],[5.6884,36.8083],[5.6883,36.8077],[5.6855,36.8083],[5.6843,36.8114],[5.683,36.811],[5.6826,36.8094],[5.682,36.8094],[5.682,36.8079],[5.6807,36.8079],[5.6804,36.8079],[5.6805,36.8072],[5.68,36.8059],[5.6793,36.8059],[5.6788,36.801],[5.6782,36.801],[5.6782,36.8005],[5.6775,36.8005],[5.6778,36.799],[5.6762,36.7981],[5.6665,36.796],[5.6636,36.796],[5.6614,36.797],[5.6619,36.7975],[5.6618,36.7988],[5.6595,36.7988],[5.6595,36.7993],[5.6586,36.7996],[5.6586,36.8001],[5.6577,36.8002],[5.6584,36.7971],[5.6575,36.7958],[5.6565,36.7956],[5.6556,36.7928],[5.6548,36.7912],[5.6538,36.791],[5.6531,36.7895],[5.6506,36.7888],[5.6506,36.7893],[5.649,36.7888],[5.6489,36.7883],[5.648,36.788],[5.648,36.7875],[5.6489,36.7878],[5.6491,36.7867],[5.6476,36.785],[5.6388,36.7812],[5.6295,36.78],[5.6295,36.7795],[5.6262,36.7779],[5.6182,36.7768],[5.6135,36.7779],[5.6125,36.7771],[5.608,36.7757],[5.6064,36.7759],[5.6064,36.7753],[5.6044,36.7754],[5.6045,36.7759],[5.6029,36.7761],[5.601,36.7771],[5.5984,36.7773],[5.5981,36.7781],[5.5975,36.7781],[5.5977,36.7786],[5.5969,36.7797],[5.5959,36.7792],[5.5957,36.7807],[5.595,36.7805],[5.595,36.7784],[5.5943,36.7784],[5.5946,36.7771],[5.5949,36.7764],[5.5902,36.7722],[5.589,36.7696],[5.5868,36.7699],[5.5868,36.7681],[5.5849,36.7678],[5.5824,36.7669],[5.582,36.7658],[5.5813,36.7652],[5.5809,36.7645],[5.5801,36.7638],[5.5788,36.764],[5.5776,36.7642],[5.5776,36.7647],[5.5763,36.7644],[5.5761,36.7641],[5.5757,36.7643],[5.5751,36.764],[5.574,36.7639],[5.5725,36.7641],[5.5723,36.7638],[5.5723,36.7635],[5.5719,36.7633],[5.5722,36.763],[5.5717,36.7624],[5.5718,36.7618],[5.571,36.7609],[5.5697,36.7589],[5.5683,36.7582],[5.5681,36.7566],[5.5671,36.755],[5.5675,36.7533],[5.5666,36.752],[5.5659,36.7503],[5.5645,36.7496],[5.5634,36.7488],[5.5629,36.7479],[5.5615,36.7483],[5.5599,36.7479],[5.5593,36.7475],[5.5591,36.747],[5.5589,36.7465],[5.5586,36.746],[5.5581,36.7456],[5.5577,36.7452],[5.5571,36.745],[5.5558,36.7443],[5.5531,36.7381],[5.5515,36.7381],[5.5514,36.7377],[5.5532,36.7356],[5.5533,36.7337],[5.5531,36.7332],[5.5524,36.733],[5.5519,36.7327],[5.5515,36.7323],[5.5514,36.7317],[5.5509,36.7312],[5.5502,36.7313],[5.5502,36.7306],[5.5528,36.7288],[5.5535,36.7282],[5.5545,36.7267],[5.555,36.7259],[5.5555,36.7248],[5.5558,36.7244],[5.557,36.7226],[5.557,36.7212],[5.554,36.7169],[5.5533,36.7161],[5.5526,36.7149],[5.5519,36.7141],[5.5503,36.7131],[5.549,36.7126],[5.5471,36.7119],[5.5463,36.7121],[5.5449,36.7124],[5.5438,36.7128],[5.5428,36.7132],[5.542,36.7133],[5.5415,36.7129],[5.5411,36.7125],[5.5402,36.712],[5.5396,36.7116],[5.5394,36.7102],[5.5407,36.7092],[5.542,36.7082],[5.5411,36.7033],[5.5408,36.703],[5.5405,36.7025],[5.5399,36.7023],[5.5391,36.7018],[5.5356,36.7006],[5.5345,36.7011],[5.5327,36.7018],[5.5302,36.7024],[5.5296,36.7018],[5.5267,36.7023],[5.5265,36.7014],[5.5288,36.7008],[5.5294,36.7],[5.5296,36.6983],[5.5281,36.6959],[5.5264,36.695],[5.5239,36.6933],[5.523,36.6935],[5.5219,36.6936],[5.5209,36.6931],[5.5203,36.6912],[5.5182,36.6886],[5.5161,36.6887],[5.5138,36.6885],[5.5116,36.6885],[5.51,36.6876],[5.5086,36.6876],[5.5076,36.687],[5.5081,36.6856],[5.5075,36.6838],[5.5072,36.683],[5.5071,36.6822],[5.5062,36.6809],[5.5043,36.6802],[5.5034,36.6799],[5.5011,36.6786],[5.501,36.6779],[5.5001,36.6775],[5.4998,36.6782],[5.4975,36.6784],[5.4946,36.6776],[5.495,36.6781],[5.4943,36.6781],[5.4943,36.6786],[5.4937,36.6786],[5.4927,36.6761],[5.492,36.6761],[5.492,36.6756],[5.4911,36.6753],[5.4907,36.6746],[5.4888,36.6741],[5.4884,36.6733],[5.4852,36.6729],[5.484,36.6747],[5.4812,36.6759],[5.479,36.6761],[5.479,36.6766],[5.4783,36.6766],[5.4787,36.6773],[5.4796,36.6772],[5.4799,36.6769],[5.4806,36.6768],[5.4806,36.6771],[5.4801,36.6772],[5.4794,36.6784],[5.48,36.6784],[5.4801,36.6787],[5.4804,36.6799],[5.4785,36.6802],[5.4784,36.6792],[5.4782,36.6777],[5.4774,36.6769],[5.4761,36.6769],[5.4761,36.6764],[5.4771,36.6767],[5.477,36.6761],[5.478,36.6763],[5.4794,36.6748],[5.4793,36.671],[5.4788,36.6702],[5.4777,36.6696],[5.4771,36.6687],[5.476,36.6681],[5.4752,36.6676],[5.471,36.6671],[5.4668,36.6656],[5.4668,36.6651],[5.4601,36.664],[5.454,36.6629],[5.4518,36.6638],[5.4518,36.6643],[5.4502,36.6641],[5.4499,36.6633],[5.445,36.662],[5.4397,36.6641],[5.4394,36.6648],[5.44,36.6648],[5.4401,36.6659],[5.4391,36.6661],[5.4388,36.6672],[5.4375,36.6667],[5.4372,36.6654],[5.4356,36.6652],[5.4343,36.6644],[5.4342,36.6614],[5.4361,36.6614],[5.4364,36.6608],[5.437,36.6608],[5.4369,36.6582],[5.4363,36.6582],[5.4363,36.6572],[5.4356,36.6572],[5.4356,36.6564],[5.433,36.6552],[5.4327,36.6545],[5.4314,36.6545],[5.4314,36.654],[5.4304,36.6541],[5.4277,36.6537],[5.4247,36.6533],[5.4244,36.6541],[5.4238,36.654],[5.4228,36.6539],[5.4226,36.6585],[5.4194,36.6583],[5.4186,36.6567],[5.4188,36.6559],[5.4198,36.6533],[5.4196,36.6527],[5.4192,36.6511],[5.4166,36.6511],[5.416,36.6506],[5.415,36.6507],[5.4151,36.652],[5.4135,36.6523],[5.4129,36.6541],[5.4101,36.6548],[5.4077,36.6533],[5.4063,36.6534],[5.4052,36.6535],[5.4039,36.6537],[5.4017,36.6529],[5.399,36.6519],[5.3975,36.6515],[5.396,36.6512],[5.394,36.6508],[5.3929,36.6502],[5.3919,36.6498],[5.3901,36.6499],[5.3884,36.6496],[5.3866,36.6495],[5.3859,36.649],[5.3853,36.6486],[5.3844,36.6482],[5.3821,36.6484],[5.3809,36.6492],[5.3772,36.6487],[5.3771,36.6473],[5.3763,36.6471],[5.3756,36.6469],[5.3717,36.6464],[5.3702,36.6455],[5.3697,36.6448],[5.3692,36.644],[5.3466,36.6424],[5.337,36.6417],[5.3372,36.6413],[5.2949,36.638],[5.2933,36.6379],[5.2874,36.6379],[5.2857,36.6379],[5.2848,36.6381],[5.2844,36.6379],[5.2793,36.6381],[5.2784,36.638],[5.2777,36.6381],[5.2767,36.6385],[5.2753,36.6384],[5.2747,36.6385],[5.2732,36.6385],[5.2705,36.6387],[5.2679,36.6391],[5.2665,36.639],[5.2655,36.6394],[5.2645,36.6394],[5.2633,36.6396],[5.262,36.6396],[5.261,36.6398],[5.2598,36.6398],[5.2591,36.64],[5.2569,36.6403],[5.2563,36.6403],[5.2549,36.6407],[5.2536,36.6406],[5.2503,36.6412],[5.2493,36.6414],[5.2484,36.6415],[5.2459,36.6419],[5.2437,36.6422],[5.2425,36.6423],[5.2405,36.6427],[5.2391,36.6437],[5.239,36.644],[5.2382,36.6445],[5.2374,36.6449],[5.2342,36.6451],[5.2313,36.6461],[5.2304,36.6461],[5.2298,36.646],[5.2211,36.6484],[5.2139,36.6506],[5.2134,36.651],[5.2109,36.6518],[5.2084,36.6526],[5.2059,36.6533],[5.1999,36.6555],[5.1921,36.6582],[5.1813,36.6609],[5.1786,36.6618],[5.1781,36.662],[5.1776,36.6624],[5.1773,36.6629],[5.1767,36.6633],[5.1761,36.6637],[5.1757,36.6642],[5.1752,36.6643],[5.1746,36.6645],[5.174,36.6646],[5.1735,36.6646],[5.173,36.6646],[5.1724,36.6646],[5.1719,36.6648],[5.1715,36.6649],[5.1711,36.6651],[5.1707,36.6653],[5.1703,36.6655],[5.1692,36.6659],[5.1689,36.6661],[5.1684,36.6663],[5.1681,36.6666],[5.1677,36.6671],[5.1674,36.6675],[5.1672,36.6675],[5.1668,36.6674],[5.1664,36.6675],[5.1658,36.6676],[5.1651,36.6679],[5.1636,36.6686],[5.1437,36.676],[5.1425,36.6765],[5.1362,36.6792],[5.1306,36.6821],[5.1277,36.6834],[5.1199,36.6874],[5.118,36.6885],[5.112,36.6911],[5.1011,36.6961],[5.0984,36.6975],[5.0954,36.6995],[5.0929,36.7011],[5.0894,36.7041],[5.0873,36.7056],[5.0859,36.7067],[5.0847,36.7078],[5.0844,36.7083],[5.0843,36.7087],[5.0843,36.7091],[5.0851,36.7095],[5.0855,36.7091],[5.0857,36.7091],[5.0846,36.7103],[5.0844,36.7102],[5.0849,36.7097],[5.0842,36.7092],[5.0835,36.7093],[5.0831,36.7094],[5.0827,36.7096],[5.0823,36.71],[5.0819,36.7108],[5.0816,36.7113],[5.0816,36.7117],[5.0817,36.712],[5.082,36.7121],[5.0829,36.7122],[5.0835,36.7127],[5.0841,36.7131],[5.0842,36.7133],[5.0842,36.7139],[5.0838,36.7142],[5.0832,36.7146],[5.083,36.7144],[5.0828,36.7145],[5.0822,36.7151],[5.082,36.7156],[5.0819,36.7159],[5.0818,36.7163],[5.082,36.7168],[5.0823,36.7172],[5.0828,36.7175],[5.0832,36.7169],[5.0834,36.717],[5.0825,36.7183],[5.0824,36.7182],[5.0828,36.7176],[5.0821,36.7174],[5.0818,36.7173],[5.0813,36.7174],[5.0809,36.7176],[5.0804,36.7179],[5.0802,36.7182],[5.08,36.7186],[5.0799,36.7191],[5.08,36.7195],[5.0803,36.7199],[5.0808,36.7202],[5.0813,36.7196],[5.0815,36.7197],[5.0806,36.721],[5.0804,36.7209],[5.0808,36.7204],[5.0802,36.72],[5.0797,36.7199],[5.0792,36.7201],[5.0787,36.7203],[5.0782,36.7208],[5.078,36.7213],[5.0779,36.7217],[5.078,36.7222],[5.0783,36.7226],[5.0786,36.7229],[5.0791,36.723],[5.0793,36.7225],[5.0795,36.7225],[5.0789,36.7238],[5.0787,36.7238],[5.0777,36.7257],[5.0777,36.7269],[5.0772,36.7283],[5.077,36.729],[5.077,36.7293],[5.077,36.7295],[5.0772,36.7353],[5.0773,36.7353],[5.0774,36.7354],[5.0774,36.7351],[5.0775,36.7347],[5.0775,36.7346],[5.0777,36.7344],[5.078,36.7344],[5.0783,36.7344],[5.0785,36.7344],[5.0788,36.7345],[5.079,36.7344],[5.0793,36.7344],[5.0795,36.7344],[5.0797,36.7344],[5.0802,36.7347],[5.0803,36.7348],[5.0804,36.7349],[5.0802,36.736],[5.0803,36.7362],[5.0806,36.7363],[5.0807,36.7364],[5.0806,36.7366],[5.0807,36.7369],[5.0806,36.7372],[5.0807,36.7373],[5.0855,36.7383],[5.0858,36.7383],[5.086,36.7383],[5.0862,36.7383],[5.0863,36.7384],[5.0877,36.7464],[5.0878,36.7469],[5.0878,36.747],[5.0935,36.7494],[5.0936,36.7492],[5.0938,36.7493],[5.0937,36.7495],[5.0969,36.7513],[5.0977,36.7517],[5.0978,36.7518],[5.0976,36.7519],[5.0975,36.7519],[5.0937,36.7496],[5.0935,36.7497],[5.0935,36.7498],[5.0931,36.7502],[5.0929,36.7501],[5.0933,36.7495],[5.0879,36.7472],[5.0878,36.7474],[5.0892,36.7482],[5.0891,36.7482],[5.0873,36.7472],[5.0875,36.747],[5.0873,36.7462],[5.0874,36.7461],[5.0863,36.7397],[5.0862,36.7396],[5.0861,36.7388],[5.086,36.7387],[5.0859,36.7386],[5.0848,36.7384],[5.0847,36.7382],[5.0808,36.7374],[5.0807,36.7374],[5.0804,36.7376],[5.0802,36.7377],[5.0801,36.7378],[5.08,36.7389],[5.0796,36.739],[5.0786,36.7459],[5.0832,36.7488],[5.0854,36.7476],[5.0869,36.7483],[5.0851,36.7501],[5.0872,36.752],[5.088,36.7524],[5.0902,36.7524],[5.091,36.7521],[5.0913,36.7519],[5.0904,36.7514],[5.0905,36.7513],[5.0913,36.7518],[5.0918,36.7514],[5.091,36.7509],[5.0911,36.7508],[5.0919,36.7513],[5.0921,36.7511],[5.0914,36.7507],[5.0915,36.7506],[5.0922,36.751],[5.0922,36.7509],[5.0924,36.751],[5.0923,36.7512],[5.0928,36.7521],[5.0922,36.7527],[5.0921,36.7527],[5.0916,36.7524],[5.0913,36.7524],[5.0912,36.7526],[5.0913,36.7527],[5.0915,36.7528],[5.0916,36.7534],[5.0914,36.7536],[5.0926,36.7549],[5.093,36.7555],[5.0931,36.7556],[5.0933,36.7555],[5.0934,36.7556],[5.0935,36.7558],[5.0934,36.7559],[5.0933,36.7559],[5.0934,36.7561],[5.0936,36.7564],[5.0937,36.7566],[5.0936,36.7567],[5.0935,36.7568],[5.0936,36.7569],[5.0938,36.7571],[5.0939,36.7572],[5.094,36.7574],[5.0942,36.7579],[5.0943,36.7585],[5.0944,36.7587],[5.0947,36.7588],[5.095,36.7589],[5.0954,36.7589],[5.0956,36.7588],[5.0957,36.759],[5.0959,36.7589],[5.096,36.7588],[5.0962,36.7583],[5.0963,36.7583],[5.0961,36.7587],[5.0963,36.7589],[5.0963,36.7591],[5.0965,36.7592],[5.0967,36.7592],[5.0967,36.759],[5.0968,36.7588],[5.097,36.7587],[5.0969,36.7581],[5.0974,36.7573],[5.0973,36.7572],[5.0977,36.7565],[5.0978,36.7565],[5.0981,36.7562],[5.0979,36.7561],[5.0981,36.756],[5.0983,36.7561],[5.0983,36.7562],[5.0982,36.7562],[5.0981,36.7562],[5.0979,36.7566],[5.0981,36.7566],[5.0977,36.7573],[5.0976,36.7573],[5.0975,36.7573],[5.097,36.7581],[5.0971,36.7586],[5.0975,36.7587],[5.0975,36.7586],[5.0976,36.7586],[5.0997,36.7584],[5.0999,36.7584],[5.1014,36.7582],[5.1018,36.7582],[5.102,36.7581],[5.1018,36.7554],[5.1016,36.7528],[5.1014,36.7525],[5.1015,36.7524],[5.1017,36.7524],[5.1019,36.7525],[5.1023,36.7581],[5.1024,36.7583],[5.1025,36.7584],[5.1028,36.7585],[5.1032,36.7585],[5.1035,36.7587],[5.1037,36.7586],[5.1039,36.7587],[5.1041,36.7586],[5.1043,36.7587],[5.1047,36.7591],[5.1054,36.7593],[5.1056,36.7596],[5.1061,36.76],[5.1063,36.7601],[5.1063,36.7601],[5.1058,36.7605],[5.1052,36.7607],[5.1047,36.7608],[5.1041,36.7609],[5.1032,36.7613],[5.1026,36.7616],[5.1026,36.7616],[5.1025,36.7619],[5.1023,36.762],[5.102,36.7622],[5.102,36.7624],[5.1021,36.7625],[5.1024,36.7627],[5.1023,36.7628],[5.1022,36.763],[5.1023,36.7631],[5.1025,36.7632],[5.1027,36.7633],[5.1029,36.7633],[5.1029,36.7633],[5.1031,36.7632],[5.1031,36.7632],[5.1033,36.7633],[5.1033,36.7634],[5.1034,36.7636],[5.1035,36.7639],[5.1034,36.764],[5.1034,36.7642],[5.1036,36.7644],[5.1033,36.7647],[5.1031,36.7647],[5.103,36.7648],[5.103,36.765],[5.1031,36.7652],[5.1034,36.7653],[5.1036,36.7654],[5.1041,36.7655],[5.1044,36.7654],[5.1045,36.7655],[5.1047,36.7655],[5.105,36.7655],[5.105,36.7658],[5.1051,36.766],[5.1049,36.7661],[5.1049,36.7662],[5.105,36.7663],[5.1052,36.7664],[5.1053,36.7666],[5.1053,36.7667],[5.1055,36.7667],[5.1055,36.7669],[5.1056,36.767],[5.1057,36.767],[5.1058,36.767],[5.106,36.7671],[5.1061,36.7671],[5.1058,36.7673],[5.1059,36.7674],[5.1058,36.7675],[5.1059,36.7676],[5.106,36.7676],[5.1062,36.7677],[5.1062,36.7679],[5.1064,36.768],[5.1062,36.7681],[5.1063,36.7682],[5.1063,36.7683],[5.1062,36.7684],[5.1063,36.7685],[5.1063,36.7686],[5.1064,36.7687],[5.1069,36.7688],[5.107,36.7687],[5.1072,36.7688],[5.1074,36.7688],[5.1074,36.7689],[5.1075,36.769],[5.1073,36.7691],[5.1072,36.7692],[5.1071,36.7693],[5.1069,36.7697],[5.1068,36.7699],[5.1062,36.7702],[5.1062,36.7703],[5.1058,36.7703],[5.1056,36.7705],[5.1054,36.7705],[5.1053,36.7706],[5.1048,36.7707],[5.1046,36.7707],[5.1044,36.7708],[5.104,36.7708],[5.1037,36.7709],[5.1035,36.7708],[5.1033,36.771],[5.1031,36.7709],[5.1029,36.771],[5.1028,36.7712],[5.1029,36.7713],[5.1027,36.7714],[5.1025,36.7715],[5.1025,36.7716],[5.1027,36.7717],[5.1025,36.7718],[5.1024,36.7719],[5.1025,36.7721],[5.1026,36.7724],[5.1028,36.7726],[5.1032,36.7729],[5.1034,36.7731],[5.1034,36.7736],[5.1034,36.7739],[5.1035,36.7741],[5.1037,36.7742],[5.1039,36.7743],[5.1039,36.7742],[5.1042,36.7742],[5.1044,36.7743],[5.1045,36.7742],[5.1047,36.7744],[5.1048,36.7744],[5.105,36.7744],[5.1051,36.7744],[5.1052,36.7744],[5.1052,36.7744],[5.1054,36.7743],[5.1056,36.7744],[5.1058,36.7743],[5.1061,36.7743],[5.1062,36.7743],[5.1063,36.7744],[5.1062,36.7745],[5.1064,36.7747],[5.1066,36.7747],[5.1068,36.7747],[5.107,36.7747],[5.107,36.7749],[5.107,36.7751],[5.1068,36.7754],[5.1066,36.7755],[5.1065,36.7755],[5.1062,36.7756],[5.1062,36.7758],[5.1061,36.7759],[5.1059,36.776],[5.1057,36.7761],[5.1055,36.7762],[5.1053,36.7763],[5.1052,36.7764],[5.105,36.7765],[5.1048,36.7763],[5.1046,36.7761],[5.1044,36.7761],[5.1043,36.7761],[5.1042,36.7762],[5.1042,36.7763],[5.1042,36.7764],[5.1041,36.7765],[5.104,36.7765],[5.1039,36.7766],[5.1038,36.7767],[5.1036,36.7768],[5.1035,36.7768],[5.1032,36.7766],[5.1028,36.7763],[5.1028,36.7764],[5.1026,36.7766],[5.1024,36.7767],[5.1022,36.7768],[5.102,36.7767],[5.1019,36.7765],[5.1018,36.7764],[5.1016,36.7763],[5.1014,36.7761],[5.1011,36.776],[5.1008,36.776],[5.1007,36.7759],[5.1006,36.7759],[5.1004,36.7758],[5.1001,36.7757],[5.1001,36.7756],[5.1001,36.7755],[5.1001,36.7753],[5.1,36.7753],[5.1,36.7752],[5.1002,36.775],[5.1003,36.7748],[5.1004,36.7743],[5.1005,36.774],[5.1003,36.7736],[5.1002,36.7735],[5.0999,36.7735],[5.0998,36.7736],[5.0997,36.7736],[5.0997,36.7735],[5.0995,36.7735],[5.0993,36.7735],[5.0991,36.7734],[5.099,36.7733],[5.099,36.7731],[5.099,36.773],[5.099,36.7728],[5.0989,36.7726],[5.099,36.7725],[5.0989,36.7724],[5.0987,36.7722],[5.0986,36.7722],[5.0984,36.7722],[5.0983,36.7723],[5.0979,36.7724],[5.0976,36.7727],[5.0973,36.7728],[5.0972,36.7727],[5.097,36.7729],[5.0969,36.7731],[5.0968,36.7732],[5.0967,36.7732],[5.0967,36.7733],[5.0966,36.7734],[5.0963,36.7736],[5.0963,36.7735],[5.0964,36.7734],[5.0963,36.7734],[5.0962,36.7733],[5.0961,36.7734],[5.0959,36.7734],[5.0959,36.7736],[5.0958,36.7735],[5.0958,36.7734],[5.0956,36.7735],[5.0955,36.7736],[5.0956,36.7737],[5.0955,36.7738],[5.0953,36.7739],[5.0952,36.7739],[5.0951,36.7739],[5.0948,36.7739],[5.0947,36.7739],[5.0948,36.7738],[5.0946,36.7738],[5.0945,36.7738],[5.0945,36.7739],[5.0944,36.774],[5.0943,36.7739],[5.0941,36.7739],[5.094,36.7741],[5.0938,36.774],[5.0937,36.7741],[5.0935,36.7743],[5.0933,36.7743],[5.0932,36.7744],[5.0931,36.7746],[5.0929,36.7746],[5.0927,36.7747],[5.0926,36.7748],[5.0928,36.7749],[5.0927,36.775],[5.0924,36.7755],[5.0922,36.7755],[5.0921,36.7756],[5.0921,36.7758],[5.092,36.7758],[5.0917,36.7761],[5.0913,36.7761],[5.0914,36.7763],[5.0912,36.7765],[5.091,36.7765],[5.091,36.7764],[5.0909,36.7762],[5.0909,36.7762],[5.0908,36.7764],[5.0908,36.7766],[5.0906,36.7768],[5.0908,36.7769],[5.0909,36.777],[5.091,36.7773],[5.0911,36.7775],[5.091,36.7776],[5.0908,36.7776],[5.0907,36.7779],[5.0907,36.7777],[5.0907,36.7776],[5.0907,36.7774],[5.0907,36.7773],[5.0905,36.7771],[5.0902,36.777],[5.0902,36.7768],[5.0899,36.7769],[5.0897,36.7771],[5.0896,36.7768],[5.0896,36.7767],[5.0893,36.7766],[5.0888,36.7766],[5.0884,36.7765],[5.088,36.7764],[5.0878,36.7762],[5.0875,36.7764],[5.0871,36.7764],[5.0867,36.7764],[5.0866,36.7763],[5.0859,36.7764],[5.0855,36.7766],[5.0852,36.7768],[5.0849,36.7769],[5.0847,36.7767],[5.0845,36.7767],[5.0843,36.7768],[5.0839,36.777],[5.0838,36.777],[5.0835,36.7772],[5.083,36.7773],[5.0827,36.7776],[5.0823,36.7777],[5.0822,36.7778],[5.0819,36.778],[5.0817,36.778],[5.0813,36.7778],[5.0812,36.7777],[5.081,36.7778],[5.0807,36.7777],[5.0806,36.7778],[5.0804,36.7777],[5.0803,36.7778],[5.0802,36.7779],[5.0802,36.7777],[5.0798,36.7777],[5.0797,36.7777],[5.0795,36.7777],[5.0792,36.7775],[5.079,36.7776],[5.0788,36.7777],[5.0787,36.7779],[5.0785,36.778],[5.0783,36.778],[5.0781,36.778],[5.078,36.778],[5.0779,36.7782],[5.0777,36.778],[5.0776,36.7781],[5.0775,36.7781],[5.0774,36.778],[5.0772,36.778],[5.0771,36.7778],[5.0769,36.7776],[5.0763,36.7778],[5.0759,36.7774],[5.0756,36.7775],[5.0755,36.7777],[5.0752,36.7778],[5.075,36.778],[5.0747,36.7779],[5.0746,36.7777],[5.0745,36.7777],[5.0742,36.7778],[5.0742,36.778],[5.074,36.7782],[5.0737,36.7781],[5.0733,36.7781],[5.0729,36.7782],[5.0718,36.7782],[5.0707,36.7782],[5.0703,36.7782],[5.07,36.7782],[5.0698,36.7783],[5.0695,36.7786],[5.0685,36.7792],[5.0683,36.7793],[5.068,36.7795],[5.0677,36.7795],[5.0672,36.7795],[5.0669,36.7794],[5.0667,36.7793],[5.0662,36.7792],[5.0658,36.7791],[5.0655,36.7791],[5.065,36.7794],[5.0644,36.7797],[5.064,36.7799],[5.0638,36.7803],[5.0637,36.7806],[5.0634,36.7807],[5.0631,36.7808],[5.0628,36.7809],[5.0624,36.7808],[5.062,36.7807],[5.0613,36.7806],[5.0607,36.7805],[5.0604,36.7806],[5.0601,36.7808],[5.0599,36.7809],[5.0598,36.7812],[5.0597,36.7811],[5.0593,36.7811],[5.0589,36.781],[5.0585,36.781],[5.0581,36.7811],[5.0578,36.7811],[5.0573,36.7812],[5.0568,36.7813],[5.0562,36.7814],[5.0558,36.7813],[5.0553,36.7812],[5.0549,36.7812],[5.0542,36.7812],[5.0536,36.7813],[5.0531,36.7815],[5.0524,36.7818],[5.0518,36.7821],[5.0514,36.7821],[5.0511,36.782],[5.051,36.782],[5.0503,36.782],[5.0499,36.7821],[5.0495,36.7822],[5.0493,36.7823],[5.0491,36.7822],[5.0488,36.7822],[5.0486,36.7822],[5.0483,36.7822],[5.048,36.7823],[5.0474,36.7827],[5.047,36.783],[5.0466,36.7832],[5.046,36.7838],[5.0455,36.7841],[5.0454,36.7843],[5.0452,36.7846],[5.045,36.7849],[5.0447,36.7852],[5.0443,36.7856],[5.0439,36.7859],[5.043,36.7864],[5.0426,36.7866],[5.0422,36.787],[5.0418,36.7872],[5.0414,36.7873],[5.0412,36.7871],[5.0409,36.7872],[5.0405,36.7874],[5.0402,36.7875],[5.0398,36.7875],[5.0395,36.7875],[5.0391,36.7876],[5.0386,36.7878],[5.0379,36.7881],[5.0372,36.7885],[5.0368,36.7887],[5.0364,36.7887],[5.036,36.7889],[5.0353,36.7888],[5.0345,36.789],[5.0335,36.7893],[5.0333,36.7895],[5.033,36.7896],[5.0327,36.7897],[5.0327,36.7898],[5.0324,36.7899],[5.0321,36.7899],[5.032,36.7899],[5.0318,36.79],[5.0315,36.7901],[5.0313,36.79],[5.0311,36.79],[5.0309,36.7901],[5.0309,36.7903],[5.0307,36.7903],[5.0302,36.7905],[5.0298,36.7906],[5.0292,36.7908],[5.029,36.7911],[5.0286,36.7915],[5.0282,36.7919],[5.0278,36.7921],[5.0274,36.7923],[5.0267,36.7925],[5.0261,36.7925],[5.0258,36.7925],[5.0253,36.7926],[5.025,36.7926],[5.0246,36.7925],[5.0242,36.7925],[5.0238,36.7927],[5.0237,36.7928],[5.0239,36.7929],[5.0236,36.7929],[5.0234,36.7931],[5.0233,36.7933],[5.023,36.7933],[5.0228,36.7933],[5.0227,36.7935],[5.0229,36.7937],[5.0232,36.7937],[5.0234,36.7938],[5.0236,36.7939],[5.0238,36.794],[5.0238,36.7942],[5.0237,36.7943],[5.0234,36.7943],[5.0231,36.7943],[5.0229,36.7942],[5.0226,36.794],[5.0224,36.794],[5.0221,36.7938],[5.022,36.7937],[5.0219,36.7935],[5.0216,36.7934],[5.0215,36.7935],[5.0212,36.7936],[5.0208,36.7935],[5.0205,36.7934],[5.0203,36.7932],[5.02,36.793],[5.0197,36.7928],[5.0195,36.7929],[5.0194,36.793],[5.0192,36.793],[5.019,36.7929],[5.0188,36.7926],[5.0187,36.7924],[5.0185,36.7924],[5.0182,36.7924],[5.0178,36.7926],[5.0175,36.7929],[5.0172,36.7934],[5.0169,36.794],[5.0166,36.7943],[5.0163,36.7947],[5.0159,36.7949],[5.0155,36.7952],[5.0151,36.7954],[5.015,36.7956],[5.0149,36.7959],[5.0148,36.7965],[5.0146,36.7973],[5.0146,36.7977],[5.0145,36.7985],[5.0143,36.799],[5.0142,36.8009],[5.0143,36.8013],[5.0143,36.8023],[5.0143,36.8024],[5.0145,36.8026],[5.0146,36.8028],[5.0144,36.8037],[5.0143,36.8041],[5.0143,36.8045],[5.0142,36.8048],[5.0142,36.8048],[5.0141,36.805],[5.0142,36.8052],[5.0142,36.8054],[5.0143,36.8054],[5.0146,36.806],[5.0148,36.8062],[5.0151,36.8061],[5.0154,36.8062],[5.0155,36.8065],[5.0153,36.8069],[5.0152,36.8072],[5.0149,36.8072],[5.0146,36.8072],[5.0142,36.8067],[5.0142,36.8064],[5.0142,36.8062],[5.0141,36.806],[5.014,36.8059],[5.0139,36.8057],[5.0135,36.8056],[5.0133,36.8056],[5.013,36.8056],[5.0126,36.8056],[5.0123,36.8055],[5.0121,36.8054],[5.0118,36.8052],[5.0116,36.8051],[5.0112,36.805],[5.0108,36.8051],[5.0106,36.8051],[5.0105,36.8052],[5.0104,36.8053],[5.0102,36.8054],[5.0103,36.8054],[5.0102,36.8056],[5.0099,36.8057],[5.0097,36.8057],[5.01,36.8056],[5.0097,36.8056],[5.0096,36.8055],[5.0095,36.8055],[5.0093,36.8057],[5.0092,36.8057],[5.0092,36.8059],[5.0092,36.806],[5.009,36.8061],[5.0086,36.806],[5.0083,36.8059],[5.0081,36.8056],[5.008,36.8055],[5.0076,36.8056],[5.0074,36.8056],[5.0072,36.8056],[5.007,36.8057],[5.0067,36.8058],[5.006,36.806],[5.0055,36.8062],[5.0053,36.8061],[5.005,36.8062],[5.0046,36.8064],[5.0044,36.8067],[5.0043,36.807],[5.0043,36.8072],[5.0043,36.8074],[5.0045,36.8075],[5.0046,36.8076],[5.0045,36.8076],[5.0041,36.8077],[5.0038,36.8076],[5.0036,36.8076],[5.0034,36.8076],[5.0031,36.8078],[5.0029,36.808],[5.0028,36.8082],[5.0029,36.8083],[5.003,36.8085],[5.0028,36.8088],[5.0025,36.8091],[5.0021,36.8093],[5.0015,36.8094],[5.0011,36.8095],[5.0008,36.8094],[5.0005,36.8095],[5.0004,36.8095],[5.0002,36.8096],[5.0001,36.8097],[4.9998,36.8098],[4.9996,36.8099],[4.9995,36.8101],[4.9994,36.8103],[4.999,36.8103],[4.9988,36.8102],[4.9987,36.8102],[4.9974,36.8103],[4.9968,36.8118],[4.9955,36.8118],[4.9952,36.8134],[4.9905,36.8158],[4.9905,36.8165],[4.9896,36.8166],[4.989,36.8181],[4.9887,36.8181],[4.9876,36.8161],[4.9883,36.8163],[4.988,36.8156],[4.9867,36.8158],[4.9868,36.8138],[4.986,36.813],[4.9796,36.813],[4.9786,36.8134],[4.9783,36.8142],[4.977,36.8138],[4.9745,36.8142],[4.9745,36.8148],[4.9691,36.8148],[4.9683,36.8159],[4.9685,36.8169],[4.9679,36.8169],[4.9679,36.8174],[4.9663,36.8168],[4.964,36.817],[4.964,36.8175],[4.9631,36.8174],[4.9615,36.8186],[4.9615,36.8191],[4.9587,36.8208],[4.9552,36.8216],[4.9517,36.8237],[4.951,36.8246],[4.9515,36.8272],[4.9528,36.8272],[4.9525,36.828],[4.9416,36.8286],[4.9417,36.8292],[4.9397,36.8292],[4.9397,36.8297],[4.9378,36.8299],[4.9363,36.8308],[4.9363,36.8323],[4.9353,36.8326],[4.9346,36.8336],[4.9333,36.8353],[4.9324,36.8365],[4.9323,36.8393],[4.9307,36.8401],[4.9302,36.8427],[4.9286,36.8435],[4.9274,36.8451],[4.9264,36.8451],[4.9264,36.8456],[4.9258,36.8456],[4.9258,36.8461],[4.9245,36.8464],[4.9227,36.8505],[4.9211,36.8508],[4.9204,36.8495],[4.9195,36.8493],[4.9195,36.8488],[4.9175,36.8489],[4.9143,36.8475],[4.9127,36.8472],[4.9079,36.8477],[4.9076,36.8485],[4.9073,36.8485],[4.9073,36.848],[4.9054,36.8485],[4.9054,36.849],[4.9041,36.8488],[4.9041,36.8493],[4.9029,36.8497],[4.9022,36.8495],[4.9,36.8501],[4.9,36.8509],[4.8981,36.8507],[4.8981,36.8512],[4.8926,36.8505],[4.8927,36.851],[4.8875,36.8497],[4.8863,36.8503],[4.8838,36.8532],[4.8802,36.853],[4.8803,36.8535],[4.878,36.8538],[4.8774,36.8549],[4.8768,36.8549],[4.8767,36.8567],[4.8778,36.8582],[4.8765,36.8581],[4.8746,36.8584],[4.8743,36.8581],[4.8638,36.8597],[4.8638,36.8602],[4.8619,36.8608],[4.8619,36.8613],[4.8606,36.8615],[4.86,36.8631],[4.8594,36.8631],[4.8594,36.8644],[4.8575,36.8647],[4.8579,36.8665],[4.8534,36.8662],[4.847,36.8677],[4.847,36.8682],[4.8413,36.8693],[4.8413,36.8698],[4.8378,36.8702],[4.8372,36.8708],[4.8359,36.8705],[4.8356,36.8708],[4.8257,36.8702],[4.8184,36.8717],[4.8183,36.8707],[4.8161,36.8697],[4.816,36.8687],[4.8151,36.8684],[4.8147,36.8671],[4.8145,36.8672],[4.8154,36.8702],[4.8164,36.8703],[4.8174,36.8716],[4.818,36.8717],[4.818,36.8722],[4.8123,36.8723],[4.8123,36.8728],[4.8104,36.8731],[4.8104,36.8736],[4.8085,36.8739],[4.8085,36.8744],[4.8069,36.8752],[4.8072,36.8772],[4.8073,36.8783],[4.8067,36.8783],[4.8071,36.8819],[4.8077,36.8819],[4.8077,36.882],[4.8077,36.8829],[4.8074,36.8829],[4.8071,36.8829],[4.8071,36.8834],[4.8055,36.8831],[4.8036,36.8836],[4.8007,36.8834],[4.7994,36.8826],[4.7959,36.8826],[4.7959,36.8833],[4.7934,36.8842],[4.7934,36.8849],[4.7918,36.8855],[4.7911,36.8886],[4.7902,36.8893],[4.7897,36.8909],[4.7888,36.8913],[4.7875,36.8912],[4.7875,36.8917],[4.7865,36.8914],[4.7865,36.8909],[4.7843,36.8902],[4.7842,36.8897],[4.7833,36.89],[4.7833,36.8905],[4.7814,36.8905],[4.7808,36.8915],[4.7795,36.8916],[4.7795,36.8921],[4.7753,36.8903],[4.7753,36.8908],[4.7696,36.8922],[4.769,36.8935],[4.7658,36.8928],[4.7658,36.8933],[4.7623,36.8941],[4.7623,36.8946],[4.761,36.8949],[4.7613,36.8954],[4.7582,36.896],[4.7582,36.8955],[4.752,36.8938],[4.7514,36.8927],[4.7485,36.8928],[4.7488,36.8923],[4.745,36.8922],[4.743,36.8916],[4.7424,36.8903],[4.7404,36.8896],[4.7394,36.888],[4.7388,36.888],[4.7378,36.8863],[4.7365,36.886],[4.7355,36.8845],[4.7284,36.8822],[4.7211,36.882],[4.7195,36.8828],[4.7156,36.8827],[4.7147,36.8815],[4.7019,36.8807],[4.6993,36.8813],[4.6916,36.881],[4.6916,36.8815],[4.6884,36.8817],[4.6859,36.8828],[4.6846,36.882],[4.6801,36.8822],[4.6802,36.8827],[4.6728,36.884],[4.6687,36.8834],[4.6687,36.8839],[4.6664,36.8841],[4.6632,36.8832],[4.6632,36.8827],[4.6607,36.8834],[4.6597,36.8837],[4.6559,36.8832],[4.6549,36.8836],[4.6546,36.8844],[4.653,36.8846],[4.6527,36.8865],[4.6521,36.8861],[4.6499,36.8866],[4.6486,36.8877],[4.6432,36.888],[4.6406,36.8869],[4.6399,36.8859],[4.638,36.8856],[4.638,36.8851],[4.6364,36.8851],[4.6357,36.8833],[4.6312,36.8828],[4.629,36.8836],[4.6159,36.8825],[4.6076,36.8835],[4.6073,36.8842],[4.605,36.8844],[4.6005,36.8832],[4.5957,36.8829],[4.5957,36.8834],[4.591,36.8836],[4.5868,36.8826],[4.5866,36.8826],[4.5841,36.8832],[4.5801,36.8831],[4.5801,36.8836],[4.5694,36.883],[4.5663,36.8829],[4.5612,36.8832],[4.5561,36.8845],[4.5529,36.8843],[4.551,36.8856],[4.5488,36.8858],[4.5488,36.8853],[4.5481,36.8853],[4.5478,36.8845],[4.5398,36.8848],[4.5254,36.8853],[4.5254,36.8858],[4.5152,36.8865],[4.5151,36.8863],[4.5151,36.8863],[4.5044,36.8871],[4.5044,36.8879],[4.5006,36.89],[4.5006,36.8905],[4.4968,36.8919],[4.4965,36.8929],[4.4933,36.8945],[4.493,36.8952],[4.492,36.8955],[4.4921,36.896],[4.4914,36.896],[4.4914,36.8965],[4.4863,36.8973],[4.4838,36.8982],[4.4828,36.8995],[4.4803,36.8996],[4.4787,36.9006],[4.4784,36.9016],[4.4707,36.9021],[4.4695,36.9026],[4.4682,36.9022],[4.4682,36.9017],[4.4646,36.9007],[4.4647,36.9012],[4.4634,36.9014],[4.4618,36.9012],[4.4608,36.9016],[4.4605,36.9023],[4.4573,36.903],[4.4545,36.9039],[4.4545,36.9045],[4.4513,36.905],[4.4513,36.9055],[4.4497,36.9061],[4.4489,36.9071],[4.4491,36.9076],[4.4478,36.9076],[4.4478,36.9081],[4.4459,36.9082],[4.4456,36.9089],[4.444,36.909],[4.444,36.9095],[4.4392,36.9106],[4.4392,36.91],[4.4363,36.9101],[4.4364,36.9108],[4.4347,36.91],[4.4325,36.9099],[4.4325,36.9106],[4.4223,36.91],[4.4226,36.9095],[4.4219,36.9095],[4.4219,36.909],[4.421,36.909],[4.4206,36.9082],[4.42,36.9082],[4.42,36.9067],[4.419,36.9067],[4.4198,36.9059],[4.4186,36.9016],[4.4194,36.9018],[4.4198,36.9041],[4.4206,36.9044],[4.4205,36.9023],[4.4212,36.9023],[4.4208,36.9015],[4.4202,36.9018],[4.4186,36.8956],[4.4107,36.8923],[4.405,36.8917],[4.405,36.8912],[4.4005,36.8906],[4.3986,36.8911],[4.3858,36.89],[4.3829,36.8902],[4.3826,36.8909],[4.381,36.8915],[4.381,36.892],[4.38,36.8924],[4.374,36.8927],[4.3705,36.8925],[4.3685,36.8917],[4.3615,36.8919],[4.3612,36.8927],[4.3586,36.8942],[4.3545,36.8929],[4.3519,36.8928],[4.3519,36.8933],[4.35,36.8944],[4.3491,36.8957],[4.3462,36.8966],[4.3424,36.8964],[4.3405,36.8968],[4.3405,36.8973],[4.3386,36.898],[4.3328,36.898],[4.3312,36.899],[4.3306,36.9003],[4.3287,36.9007],[4.3274,36.8997],[4.3242,36.899],[4.3232,36.8978],[4.3219,36.8971],[4.3194,36.8967],[4.3162,36.8968],[4.3155,36.8955],[4.311,36.8956],[4.311,36.8961],[4.3091,36.8959],[4.3091,36.8954],[4.3072,36.8959],[4.3072,36.8967],[4.3047,36.898],[4.302,36.9011],[4.3008,36.905],[4.2997,36.9065],[4.2987,36.9061],[4.2974,36.9063],[4.2965,36.9083],[4.2866,36.9073],[4.285,36.9063],[4.2805,36.9053],[4.2734,36.9022],[4.2734,36.9017],[4.2715,36.9017],[4.2705,36.9017],[4.2699,36.9027],[4.2696,36.9027],[4.2689,36.9014],[4.267,36.9017],[4.2667,36.9033],[4.2648,36.9033],[4.2645,36.9043],[4.2638,36.9043],[4.2638,36.9048],[4.2629,36.9051],[4.2629,36.9056],[4.261,36.9064],[4.261,36.9059],[4.2594,36.9055],[4.2584,36.9057],[4.2584,36.9049],[4.2571,36.9047],[4.2565,36.9062],[4.2523,36.9052],[4.2523,36.9047],[4.2472,36.904],[4.2472,36.9045],[4.2443,36.9041],[4.2411,36.9029],[4.2408,36.9032],[4.2379,36.9025],[4.2369,36.9002],[4.2362,36.9002],[4.2356,36.899],[4.2343,36.899],[4.2343,36.8985],[4.2324,36.8989],[4.2292,36.8974],[4.2269,36.8975],[4.2274,36.8983],[4.2266,36.8988],[4.2266,36.8978],[4.2244,36.8979],[4.2234,36.8972],[4.2202,36.8966],[4.2199,36.8958],[4.2115,36.8924],[4.2032,36.8931],[4.2032,36.8937],[4.201,36.8937],[4.2003,36.8947],[4.1991,36.8951],[4.1971,36.8947],[4.1971,36.8953],[4.1952,36.8958],[4.1949,36.8966],[4.1936,36.8966],[4.1936,36.8958],[4.1914,36.8952],[4.1863,36.8947],[4.1853,36.8951],[4.1853,36.8956],[4.1834,36.8959],[4.1834,36.8964],[4.1815,36.8964],[4.1815,36.897],[4.1796,36.8971],[4.1777,36.8983],[4.1771,36.8993],[4.1761,36.8996],[4.1755,36.9011],[4.1707,36.9019],[4.1704,36.9027],[4.1653,36.9035],[4.1653,36.904],[4.1646,36.9038],[4.1643,36.9048],[4.1631,36.9048],[4.1621,36.9069],[4.1586,36.908],[4.1586,36.9075],[4.1573,36.9075],[4.157,36.9082],[4.1564,36.9079],[4.1532,36.9083],[4.1522,36.9067],[4.1516,36.9068],[4.1499,36.9045],[4.149,36.9048],[4.148,36.9047],[4.1478,36.9001],[4.1479,36.8975],[4.1473,36.8973],[4.1437,36.8958],[4.1434,36.8948],[4.1408,36.8939],[4.1344,36.8939],[4.1341,36.8942],[4.1333,36.8946],[4.1312,36.8945],[4.1297,36.8939],[4.1264,36.8946],[4.1228,36.8957],[4.1228,36.8964],[4.1217,36.8967],[4.121,36.8965],[4.1195,36.8959],[4.1186,36.8951],[4.1186,36.8949],[4.1189,36.8948],[4.1191,36.8949],[4.119,36.895],[4.1198,36.8957],[4.1211,36.8963],[4.1214,36.8959],[4.1222,36.896],[4.1222,36.8957],[4.1216,36.8956],[4.1212,36.8954],[4.1214,36.8951],[4.121,36.8949],[4.1208,36.8953],[4.1207,36.8953],[4.1209,36.8949],[4.1205,36.8947],[4.1202,36.8951],[4.12,36.895],[4.1203,36.8946],[4.12,36.8945],[4.1199,36.8947],[4.1198,36.8949],[4.1196,36.8949],[4.1195,36.8948],[4.1197,36.8944],[4.1201,36.8939],[4.1198,36.8933],[4.1187,36.8929],[4.118,36.8922],[4.1174,36.8918],[4.1081,36.8898],[4.1056,36.8909],[4.103,36.8909],[4.1024,36.8914],[4.1005,36.8913],[4.1005,36.8918],[4.0995,36.8916],[4.0992,36.8908],[4.0944,36.8917],[4.0931,36.891],[4.0912,36.8913],[4.0877,36.8925],[4.0877,36.893],[4.0852,36.8931],[4.0833,36.894],[4.0833,36.8951],[4.0814,36.8951],[4.0814,36.8956],[4.081,36.8955],[4.0794,36.8954],[4.0794,36.8959],[4.0766,36.8965],[4.0759,36.8963],[4.0731,36.8973],[4.0667,36.8966],[4.0635,36.8972],[4.0628,36.8968],[4.0628,36.8963],[4.0599,36.8966],[4.06,36.8971],[4.0584,36.8976],[4.0584,36.8981],[4.059,36.8981],[4.059,36.8984],[4.058,36.8984],[4.0581,36.8989],[4.0561,36.8992],[4.0558,36.8981],[4.0481,36.8969],[4.0478,36.8977],[4.0462,36.8977],[4.0462,36.8982],[4.0443,36.8985],[4.0443,36.899],[4.0427,36.8993],[4.0424,36.9006],[4.0389,36.9],[4.037,36.901],[4.036,36.9009],[4.0354,36.9009],[4.0338,36.9001],[4.029,36.9002],[4.029,36.9007],[4.0242,36.9016],[4.0223,36.9018],[4.0223,36.9013],[4.0155,36.9013],[4.0152,36.9021],[4.0117,36.903],[4.0076,36.9028],[4.0069,36.9032],[4.006,36.9014],[4.0037,36.9015],[4.0015,36.9027],[4.0009,36.9043],[4.0002,36.9043],[4.0008,36.9025],[3.9999,36.9022],[3.9999,36.9014],[3.996,36.9011],[3.9957,36.9014],[3.9871,36.9],[3.9861,36.8987],[3.98,36.8987],[3.9771,36.8991],[3.9768,36.8998],[3.9739,36.9001],[3.9735,36.9009],[3.9736,36.9014],[3.9717,36.9014],[3.9711,36.8999],[3.9669,36.8986],[3.9662,36.8971],[3.964,36.8966],[3.9637,36.8979],[3.9621,36.8976],[3.9621,36.8982],[3.9608,36.8979],[3.9608,36.8974],[3.9579,36.8968],[3.9557,36.8978],[3.9528,36.898],[3.9445,36.8986],[3.9445,36.8991],[3.9426,36.8991],[3.9426,36.8996],[3.9413,36.8995],[3.9405,36.8999],[3.9372,36.9016],[3.9362,36.9013],[3.9349,36.9017],[3.9349,36.9022],[3.934,36.9022],[3.9324,36.9043],[3.9308,36.9042],[3.9302,36.9037],[3.9302,36.9037],[3.9267,36.9046],[3.9267,36.9051],[3.9254,36.905],[3.9219,36.9059],[3.9216,36.9067],[3.9213,36.9077],[3.92,36.908],[3.9197,36.9088],[3.9181,36.9096],[3.9181,36.9101],[3.9165,36.9106],[3.9156,36.9134],[3.9172,36.9134],[3.9169,36.9142],[3.9156,36.9142],[3.9156,36.915],[3.9162,36.915],[3.9166,36.916],[3.9186,36.9149],[3.9188,36.9134],[3.9194,36.9134],[3.919,36.9155],[3.9178,36.9168],[3.9172,36.9168],[3.9174,36.918],[3.9214,36.9221],[3.9135,36.9189],[3.9118,36.9182],[3.9111,36.9183],[3.9105,36.9173],[3.9073,36.9176],[3.9073,36.9181],[3.9035,36.9181],[3.9032,36.9197],[3.9019,36.92],[3.9019,36.9205],[3.9,36.9201],[3.8971,36.9208],[3.8965,36.9217],[3.8955,36.9233],[3.8907,36.9226],[3.8907,36.9223],[3.8907,36.9221],[3.8891,36.9221],[3.8891,36.9216],[3.8869,36.9217],[3.884,36.9211],[3.884,36.9206],[3.8827,36.9204],[3.8824,36.9196],[3.8817,36.9197],[3.8811,36.9192],[3.8782,36.9191],[3.8779,36.9199],[3.8776,36.9199],[3.8776,36.9194],[3.8769,36.9194],[3.8766,36.9176],[3.8747,36.9168],[3.8737,36.9155],[3.873,36.9155],[3.873,36.915],[3.8724,36.915],[3.8724,36.9135],[3.8711,36.9135],[3.8708,36.9127],[3.8553,36.9126],[3.8532,36.9126],[3.8532,36.9124],[3.8556,36.9118],[3.8556,36.9051],[3.855,36.9051],[3.8536,36.8959],[3.8542,36.8936],[3.8552,36.8933],[3.8558,36.8928],[3.857,36.8908],[3.8572,36.8907],[3.8587,36.8905],[3.8595,36.89],[3.86,36.8897],[3.8598,36.8882],[3.8602,36.8879],[3.8606,36.8876],[3.8615,36.8871],[3.8619,36.8867],[3.8625,36.8863],[3.8625,36.8861],[3.8621,36.8861],[3.8609,36.8869],[3.8606,36.8871],[3.8604,36.8874],[3.8602,36.8876],[3.8597,36.888],[3.8595,36.8884],[3.8596,36.8894],[3.8593,36.8898],[3.8589,36.89],[3.8571,36.8905],[3.8568,36.8907],[3.8555,36.892],[3.8552,36.8926],[3.8542,36.8928],[3.8532,36.8949],[3.853,36.8954],[3.8531,36.8962],[3.8536,36.9041],[3.8527,36.9111],[3.8519,36.9121],[3.85,36.9128],[3.8455,36.9125],[3.8429,36.9114],[3.8426,36.9106],[3.8407,36.9095],[3.7784,36.8961],[3.7345,36.8867],[3.7342,36.8859],[3.7275,36.8836],[3.7265,36.8821],[3.7255,36.8821],[3.7255,36.8816],[3.7198,36.8798],[3.7191,36.8788],[3.7178,36.8786],[3.7175,36.876],[3.7188,36.8759],[3.7201,36.8761],[3.7208,36.8757],[3.7211,36.8726],[3.7174,36.8665],[3.7164,36.8662],[3.7158,36.865],[3.7152,36.865],[3.7139,36.8634],[3.7123,36.8627],[3.7119,36.8619],[3.711,36.8616],[3.7103,36.8606],[3.709,36.8601],[3.7087,36.8591],[3.7077,36.8588],[3.7074,36.8581],[3.7055,36.8576],[3.7052,36.8568],[3.7026,36.8555],[3.7026,36.855],[3.6981,36.8532],[3.6978,36.854],[3.6965,36.8538],[3.6965,36.8522],[3.6949,36.8516],[3.6939,36.8517],[3.6939,36.8507],[3.693,36.851],[3.6926,36.8492],[3.692,36.8492],[3.692,36.8487],[3.6901,36.8479],[3.6897,36.8471],[3.6715,36.8414],[3.6679,36.8403],[3.6679,36.8398],[3.6631,36.8378],[3.6631,36.8373],[3.6606,36.8364],[3.6538,36.8327],[3.6532,36.8317],[3.648,36.8296],[3.6477,36.8289],[3.6471,36.8289],[3.6467,36.8281],[3.6405,36.8255],[3.638,36.8244],[3.6368,36.8239],[3.6295,36.8216],[3.6224,36.8183],[3.6197,36.8177],[3.6129,36.8151],[3.6095,36.8146],[3.6011,36.8118],[3.5795,36.8062],[3.5676,36.8037],[3.5655,36.8041],[3.5651,36.8039],[3.5644,36.804],[3.5641,36.8044],[3.563,36.8043],[3.562,36.8043],[3.5612,36.8049],[3.5604,36.8051],[3.558,36.8047],[3.5581,36.8044],[3.5587,36.8046],[3.5599,36.8048],[3.5606,36.8048],[3.5613,36.804],[3.561,36.8039],[3.561,36.8038],[3.562,36.8039],[3.563,36.8029],[3.5623,36.802],[3.5616,36.8019],[3.5599,36.8029],[3.5598,36.8032],[3.5601,36.8039],[3.5599,36.804],[3.5596,36.8036],[3.5595,36.8039],[3.5591,36.8038],[3.5594,36.8033],[3.559,36.8026],[3.56,36.8018],[3.5609,36.8018],[3.5613,36.8014],[3.5614,36.8008],[3.5609,36.7982],[3.5602,36.7982],[3.5586,36.7957],[3.558,36.7957],[3.5567,36.7941],[3.553,36.7924],[3.5525,36.7921],[3.5525,36.7917],[3.5525,36.7916],[3.5524,36.7915],[3.5518,36.7913],[3.5464,36.7889],[3.5423,36.7876],[3.5301,36.786],[3.5301,36.7855],[3.5247,36.7853],[3.5247,36.7848],[3.5228,36.785],[3.5224,36.7858],[3.5192,36.7845],[3.5192,36.784],[3.5176,36.7842],[3.5164,36.7835],[3.5164,36.7828],[3.5157,36.7829],[3.5155,36.7827],[3.5148,36.7822],[3.5149,36.7807],[3.5157,36.7804],[3.516,36.7798],[3.5166,36.7797],[3.5168,36.7792],[3.5157,36.778],[3.5155,36.7777],[3.5152,36.7774],[3.5147,36.7772],[3.5143,36.7769],[3.5135,36.7769],[3.5133,36.7765],[3.5125,36.7763],[3.5125,36.7753],[3.51,36.7741],[3.5064,36.7732],[3.5044,36.7732],[3.5039,36.7723],[3.5035,36.772],[3.5026,36.7714],[3.5021,36.7711],[3.5018,36.7711],[3.5016,36.7711],[3.5004,36.7705],[3.5001,36.7704],[3.4997,36.7701],[3.4994,36.77],[3.4987,36.7699],[3.4982,36.7698],[3.4978,36.7697],[3.4971,36.7695],[3.4956,36.7692],[3.4953,36.7691],[3.4948,36.7689],[3.4943,36.7688],[3.4939,36.7688],[3.4935,36.7688],[3.4922,36.7684],[3.492,36.7684],[3.4919,36.7685],[3.4913,36.7683],[3.491,36.7683],[3.4905,36.7682],[3.4901,36.7681],[3.4889,36.7679],[3.4882,36.7678],[3.4875,36.7678],[3.4873,36.7677],[3.487,36.7678],[3.4863,36.7677],[3.4858,36.7676],[3.4854,36.7675],[3.4851,36.7675],[3.4846,36.7675],[3.4837,36.7675],[3.4829,36.7675],[3.4818,36.7674],[3.4807,36.7674],[3.4801,36.7675],[3.4796,36.7675],[3.4792,36.7676],[3.4786,36.7675],[3.478,36.7676],[3.4776,36.7677],[3.4775,36.7679],[3.4775,36.768],[3.4774,36.768],[3.4772,36.7681],[3.4771,36.7682],[3.4773,36.7682],[3.4772,36.7683],[3.4774,36.7683],[3.4773,36.7684],[3.4771,36.7683],[3.4771,36.7686],[3.477,36.7685],[3.4768,36.7686],[3.4767,36.7688],[3.4765,36.7687],[3.4764,36.7685],[3.4764,36.7684],[3.4765,36.7683],[3.4767,36.7682],[3.4767,36.7681],[3.4768,36.768],[3.4767,36.7679],[3.4766,36.7678],[3.4765,36.7678],[3.4764,36.7677],[3.4764,36.7676],[3.4765,36.7675],[3.4764,36.7674],[3.4763,36.7672],[3.4759,36.7671],[3.4756,36.7671],[3.475,36.767],[3.4744,36.767],[3.4738,36.767],[3.4733,36.767],[3.4729,36.767],[3.4725,36.7671],[3.4722,36.7673],[3.4721,36.7674],[3.472,36.7676],[3.4722,36.7676],[3.4723,36.7676],[3.4723,36.7677],[3.4722,36.7678],[3.4721,36.7678],[3.4712,36.7678],[3.4711,36.7677],[3.4709,36.7677],[3.4709,36.7676],[3.4709,36.7676],[3.471,36.7675],[3.4713,36.7675],[3.4713,36.7674],[3.4713,36.7673],[3.4712,36.7672],[3.4711,36.7671],[3.4709,36.767],[3.4707,36.7669],[3.4704,36.7669],[3.4702,36.7668],[3.4699,36.7668],[3.4697,36.7669],[3.4696,36.7669],[3.4696,36.7673],[3.4695,36.7673],[3.4695,36.7674],[3.4694,36.7673],[3.4694,36.7673],[3.4694,36.767],[3.4692,36.767],[3.4689,36.7669],[3.4687,36.7669],[3.4685,36.767],[3.4682,36.767],[3.4681,36.767],[3.4679,36.767],[3.4677,36.767],[3.4677,36.767],[3.4677,36.7672],[3.4676,36.7672],[3.4675,36.7672],[3.4674,36.7671],[3.4675,36.7669],[3.4674,36.7668],[3.4672,36.7668],[3.4669,36.7668],[3.4661,36.7669],[3.4652,36.7669],[3.4643,36.767],[3.4636,36.7671],[3.4633,36.7671],[3.4632,36.7671],[3.4629,36.7671],[3.4622,36.767],[3.4616,36.767],[3.4608,36.7671],[3.4605,36.7671],[3.4602,36.767],[3.4598,36.767],[3.4591,36.7671],[3.4587,36.7671],[3.4584,36.7671],[3.4582,36.7671],[3.4578,36.7671],[3.4578,36.7671],[3.4573,36.7672],[3.4569,36.7672],[3.4563,36.7672],[3.456,36.7673],[3.4558,36.7673],[3.4554,36.7673],[3.455,36.7673],[3.4544,36.7673],[3.4541,36.7673],[3.4539,36.7674],[3.4535,36.7674],[3.4531,36.7675],[3.4529,36.7675],[3.4522,36.7675],[3.4513,36.7675],[3.4504,36.7676],[3.4502,36.7677],[3.45,36.7677],[3.4499,36.7677],[3.4496,36.7677],[3.4493,36.7677],[3.4488,36.7677],[3.4484,36.7677],[3.4478,36.7678],[3.4476,36.7678],[3.4473,36.7678],[3.447,36.7679],[3.4463,36.7679],[3.4459,36.768],[3.4456,36.768],[3.4455,36.768],[3.4453,36.7679],[3.4452,36.7679],[3.4451,36.768],[3.4449,36.768],[3.4446,36.768],[3.4443,36.768],[3.4441,36.768],[3.4439,36.7681],[3.4436,36.7682],[3.4433,36.7682],[3.4428,36.7682],[3.4426,36.7681],[3.4424,36.7681],[3.4423,36.768],[3.4421,36.768],[3.4417,36.7681],[3.4415,36.7681],[3.4412,36.7682],[3.4409,36.7682],[3.4405,36.7682],[3.4402,36.7683],[3.4399,36.7683],[3.4396,36.7683],[3.4393,36.7683],[3.4391,36.7684],[3.4389,36.7684],[3.4387,36.7684],[3.4386,36.7683],[3.4383,36.7683],[3.438,36.7684],[3.4377,36.7684],[3.4371,36.7685],[3.4367,36.7686],[3.4362,36.7686],[3.4357,36.7686],[3.4352,36.7686],[3.4345,36.7688],[3.4341,36.7688],[3.4338,36.7688],[3.4335,36.7688],[3.4332,36.7689],[3.4327,36.769],[3.4322,36.769],[3.4312,36.7691],[3.4294,36.7693],[3.429,36.7693],[3.4288,36.7693],[3.4285,36.7693],[3.4282,36.7694],[3.4279,36.7693],[3.4274,36.7693],[3.4268,36.7694],[3.4261,36.7696],[3.426,36.7696],[3.4259,36.7696],[3.4257,36.7697],[3.4254,36.7697],[3.4251,36.7697],[3.4247,36.7698],[3.4242,36.77],[3.4239,36.7701],[3.4235,36.7701],[3.4226,36.7701],[3.4216,36.7701],[3.4211,36.7701],[3.421,36.7701],[3.4207,36.7702],[3.4203,36.7703],[3.4198,36.7704],[3.4196,36.7704],[3.4193,36.7704],[3.4191,36.7704],[3.4184,36.7705],[3.4177,36.7706],[3.4169,36.7707],[3.4166,36.7707],[3.4163,36.7707],[3.4161,36.7707],[3.416,36.7708],[3.4157,36.7708],[3.4152,36.7709],[3.4144,36.771],[3.4139,36.7711],[3.4136,36.7712],[3.4131,36.7714],[3.4127,36.7715],[3.4123,36.7716],[3.4122,36.7716],[3.4123,36.7717],[3.4121,36.7717],[3.4119,36.7717],[3.4116,36.7718],[3.4112,36.7718],[3.4106,36.7719],[3.4105,36.7719],[3.4105,36.7718],[3.4104,36.7718],[3.4103,36.7717],[3.4102,36.7717],[3.4101,36.7717],[3.4099,36.7717],[3.4097,36.7718],[3.4095,36.7718],[3.4093,36.772],[3.4092,36.7721],[3.409,36.7722],[3.4089,36.7722],[3.4086,36.7722],[3.4082,36.7723],[3.4077,36.7724],[3.4071,36.7726],[3.4067,36.7727],[3.4062,36.7728],[3.4059,36.7728],[3.4059,36.7729],[3.4056,36.773],[3.4054,36.773],[3.4051,36.7729],[3.4045,36.773],[3.4045,36.7731],[3.4045,36.7733],[3.4044,36.7731],[3.4042,36.7731],[3.404,36.7731],[3.4041,36.7732],[3.4039,36.7733],[3.4038,36.7733],[3.4033,36.7734],[3.4032,36.7734],[3.403,36.7735],[3.4028,36.7736],[3.4023,36.7735],[3.4012,36.7738],[3.4008,36.7739],[3.4005,36.7739],[3.4002,36.774],[3.4,36.7739],[3.3996,36.7738],[3.3994,36.7738],[3.3989,36.774],[3.3986,36.774],[3.3984,36.7741],[3.3978,36.7742],[3.3974,36.7742],[3.3973,36.7743],[3.3969,36.7743],[3.3967,36.7744],[3.396,36.7745],[3.3959,36.7745],[3.3956,36.7744],[3.3953,36.7745],[3.3949,36.7745],[3.3943,36.7747],[3.3938,36.7747],[3.3933,36.7748],[3.3926,36.7751],[3.3918,36.7752],[3.3908,36.7755],[3.39,36.7755],[3.3888,36.7758],[3.3881,36.776],[3.3877,36.7761],[3.3873,36.7761],[3.3868,36.7763],[3.3863,36.7764],[3.3856,36.7765],[3.3848,36.7766],[3.383,36.7769],[3.382,36.7771],[3.3812,36.7773],[3.3808,36.7774],[3.3804,36.7774],[3.38,36.7774],[3.3794,36.7774],[3.379,36.7775],[3.3786,36.7776],[3.3784,36.7777],[3.3782,36.7776],[3.378,36.7777],[3.3779,36.7777],[3.3775,36.7778],[3.3772,36.7778],[3.3768,36.7778],[3.3764,36.7779],[3.376,36.778],[3.3756,36.778],[3.3753,36.778],[3.3748,36.7781],[3.3744,36.7783],[3.3739,36.7784],[3.3737,36.7785],[3.3735,36.7786],[3.3732,36.7786],[3.3728,36.7787],[3.3726,36.7787],[3.3723,36.7788],[3.3717,36.7788],[3.3714,36.7788],[3.3711,36.7789],[3.3704,36.7791],[3.3699,36.7794],[3.3693,36.7795],[3.3689,36.7796],[3.3685,36.7797],[3.3682,36.7797],[3.3675,36.78],[3.367,36.7802],[3.3664,36.7804],[3.3659,36.7806],[3.3658,36.7806],[3.3654,36.7807],[3.3652,36.7807],[3.3649,36.7809],[3.3643,36.7811],[3.3639,36.7813],[3.3634,36.7814],[3.3631,36.7815],[3.3626,36.7816],[3.3623,36.7817],[3.3617,36.7817],[3.3612,36.7819],[3.3609,36.782],[3.3603,36.7821],[3.3577,36.7827],[3.3529,36.7838],[3.3512,36.7838],[3.3497,36.7838],[3.3495,36.7838],[3.3493,36.7838],[3.3488,36.7839],[3.3479,36.7841],[3.3474,36.7842],[3.347,36.7844],[3.3464,36.7844],[3.3457,36.7845],[3.3451,36.7845],[3.3449,36.7846],[3.3446,36.7847],[3.3446,36.7847],[3.3444,36.7845],[3.3441,36.7844],[3.3437,36.7843],[3.3434,36.7843],[3.3431,36.7843],[3.3428,36.7844],[3.3424,36.7845],[3.3422,36.7844],[3.342,36.7844],[3.3416,36.7843],[3.3407,36.7842],[3.3403,36.7842],[3.3399,36.7842],[3.3395,36.7843],[3.3392,36.7844],[3.3371,36.7846],[3.3362,36.7847],[3.3334,36.7851],[3.3331,36.7851],[3.3327,36.7851],[3.3323,36.7851],[3.3321,36.7852],[3.332,36.7853],[3.3316,36.7853],[3.3312,36.7854],[3.3306,36.7854],[3.3302,36.7855],[3.3296,36.7856],[3.3288,36.7856],[3.3282,36.7858],[3.3277,36.7859],[3.3273,36.786],[3.3268,36.7861],[3.3268,36.7861],[3.3263,36.7861],[3.3258,36.7862],[3.3252,36.7863],[3.3249,36.7863],[3.3247,36.7864],[3.324,36.7865],[3.3239,36.7865],[3.323,36.7867],[3.3192,36.7875],[3.3178,36.7878],[3.3163,36.788],[3.3153,36.7883],[3.3134,36.7887],[3.3125,36.789],[3.3113,36.7894],[3.3109,36.7896],[3.3106,36.7898],[3.3105,36.79],[3.3105,36.7901],[3.3106,36.79],[3.3107,36.79],[3.3108,36.7901],[3.3108,36.7902],[3.3106,36.7904],[3.3102,36.7905],[3.3101,36.7905],[3.31,36.7905],[3.31,36.7904],[3.31,36.7903],[3.3101,36.7903],[3.3102,36.7903],[3.3103,36.7902],[3.3102,36.7901],[3.3102,36.79],[3.3099,36.7899],[3.3097,36.7899],[3.3095,36.7899],[3.3093,36.79],[3.3091,36.7901],[3.3089,36.7903],[3.3088,36.7906],[3.3083,36.7907],[3.3074,36.792],[3.3071,36.7922],[3.3067,36.7924],[3.3063,36.7928],[3.306,36.7932],[3.3056,36.7937],[3.3055,36.7939],[3.3054,36.7939],[3.3053,36.7938],[3.3052,36.7937],[3.305,36.7937],[3.3048,36.7937],[3.3046,36.7938],[3.3045,36.7939],[3.3044,36.7941],[3.3043,36.7941],[3.3042,36.794],[3.304,36.7939],[3.3038,36.7936],[3.3036,36.7934],[3.3034,36.7933],[3.3032,36.7933],[3.303,36.7933],[3.3028,36.7934],[3.3026,36.7934],[3.3023,36.7933],[3.3022,36.7933],[3.3021,36.7931],[3.3019,36.7931],[3.3018,36.793],[3.3017,36.7929],[3.3015,36.7928],[3.3011,36.7927],[3.3005,36.7927],[3.3,36.7928],[3.2998,36.7929],[3.2995,36.7931],[3.2992,36.7932],[3.2989,36.7932],[3.2985,36.7933],[3.2981,36.7934],[3.2976,36.7935],[3.2972,36.7936],[3.297,36.7937],[3.2968,36.7938],[3.2964,36.7937],[3.2963,36.7937],[3.296,36.7938],[3.2956,36.7939],[3.2953,36.7939],[3.295,36.7939],[3.2948,36.7938],[3.2948,36.7938],[3.2946,36.7937],[3.2944,36.7937],[3.2938,36.7939],[3.2935,36.794],[3.2915,36.7947],[3.2902,36.7952],[3.2899,36.7954],[3.2895,36.7957],[3.2889,36.796],[3.2888,36.7961],[3.2888,36.7962],[3.2888,36.7963],[3.288,36.797],[3.2861,36.7977],[3.2846,36.7988],[3.2846,36.7988],[3.2843,36.799],[3.284,36.7991],[3.2836,36.7994],[3.2835,36.7995],[3.2834,36.7997],[3.2834,36.7999],[3.2832,36.8],[3.2826,36.8003],[3.282,36.8005],[3.2816,36.8005],[3.2803,36.8005],[3.2796,36.8005],[3.2794,36.8004],[3.2792,36.8003],[3.279,36.8002],[3.2788,36.8002],[3.2782,36.8001],[3.2774,36.8001],[3.2767,36.8003],[3.2762,36.8003],[3.2756,36.8004],[3.2745,36.8007],[3.2733,36.801],[3.2725,36.8013],[3.2718,36.8017],[3.2712,36.8022],[3.2709,36.8025],[3.2707,36.803],[3.2703,36.8032],[3.2697,36.8033],[3.2694,36.8035],[3.2688,36.8036],[3.2683,36.8036],[3.2678,36.8038],[3.2674,36.8039],[3.2672,36.804],[3.2669,36.8041],[3.2668,36.8041],[3.2664,36.8042],[3.2662,36.8042],[3.2659,36.8043],[3.2658,36.8044],[3.2657,36.8044],[3.2651,36.8046],[3.2648,36.8047],[3.2646,36.8048],[3.2642,36.8048],[3.2638,36.8048],[3.2636,36.805],[3.2635,36.8053],[3.2618,36.8064],[3.2618,36.8064],[3.2616,36.8065],[3.2614,36.8068],[3.2611,36.807],[3.2607,36.8075],[3.2605,36.8079],[3.2604,36.8083],[3.2597,36.8093],[3.2596,36.8094],[3.2591,36.8096],[3.2589,36.81],[3.259,36.8102],[3.2589,36.8103],[3.2589,36.8104],[3.2589,36.8107],[3.2589,36.8108],[3.2588,36.8111],[3.2589,36.8115],[3.2592,36.8113],[3.2593,36.8114],[3.2597,36.8115],[3.2596,36.8116],[3.2595,36.8116],[3.2593,36.8115],[3.2591,36.8114],[3.2589,36.8116],[3.2592,36.8116],[3.2591,36.8118],[3.259,36.812],[3.2589,36.8121],[3.2587,36.8119],[3.2587,36.8118],[3.2588,36.8117],[3.2587,36.8117],[3.2586,36.8116],[3.2585,36.8116],[3.2584,36.8119],[3.2582,36.812],[3.2581,36.812],[3.2582,36.8118],[3.2582,36.8116],[3.2582,36.8115],[3.258,36.8114],[3.2576,36.8113],[3.2574,36.8113],[3.2571,36.8115],[3.2567,36.8115],[3.2563,36.8117],[3.256,36.812],[3.2559,36.8122],[3.256,36.8125],[3.256,36.8126],[3.2559,36.8128],[3.2557,36.8128],[3.2554,36.8131],[3.2553,36.8132],[3.2553,36.813],[3.2552,36.813],[3.2552,36.8131],[3.255,36.8129],[3.2547,36.8131],[3.2545,36.8129],[3.2542,36.813],[3.254,36.8128],[3.2538,36.8127],[3.2535,36.8128],[3.2531,36.8129],[3.253,36.8126],[3.2527,36.8128],[3.2526,36.8125],[3.2523,36.8124],[3.2517,36.8126],[3.2516,36.8128],[3.2516,36.8129],[3.2514,36.8129],[3.2516,36.8127],[3.2515,36.8126],[3.2514,36.8125],[3.2511,36.8125],[3.2508,36.8126],[3.2503,36.8124],[3.2501,36.8123],[3.2498,36.8122],[3.2493,36.8124],[3.2483,36.8129],[3.2481,36.8129],[3.2477,36.8126],[3.2472,36.8127],[3.2468,36.8124],[3.2465,36.8124],[3.2468,36.8127],[3.2466,36.8127],[3.2464,36.8124],[3.2462,36.8124],[3.2463,36.8125],[3.2464,36.8127],[3.2466,36.8128],[3.2465,36.8129],[3.2462,36.8131],[3.2461,36.8132],[3.2459,36.8132],[3.2458,36.8131],[3.2457,36.8131],[3.2457,36.8132],[3.2457,36.8132],[3.2455,36.8132],[3.2455,36.8133],[3.2457,36.8134],[3.2459,36.8134],[3.2458,36.8135],[3.2456,36.8135],[3.2454,36.8136],[3.2453,36.8137],[3.2453,36.8138],[3.2452,36.8139],[3.2452,36.8138],[3.2451,36.8138],[3.2451,36.8139],[3.245,36.8137],[3.2448,36.8138],[3.2447,36.8137],[3.2444,36.8138],[3.2443,36.814],[3.2444,36.8141],[3.2439,36.8142],[3.2438,36.8142],[3.2438,36.8141],[3.2437,36.8142],[3.2437,36.8143],[3.2437,36.8143],[3.2435,36.8144],[3.2433,36.8143],[3.243,36.8145],[3.243,36.8143],[3.2431,36.8142],[3.2429,36.8141],[3.2426,36.814],[3.2421,36.8142],[3.2417,36.8144],[3.2414,36.8144],[3.2413,36.8144],[3.2409,36.8146],[3.2407,36.8145],[3.2407,36.8145],[3.2405,36.8144],[3.2404,36.8143],[3.2402,36.8144],[3.2399,36.8144],[3.2398,36.8145],[3.2398,36.8145],[3.2397,36.8145],[3.2392,36.8144],[3.2391,36.8144],[3.2388,36.8143],[3.2384,36.8145],[3.238,36.8145],[3.2375,36.8144],[3.2372,36.8144],[3.2369,36.8144],[3.2366,36.8144],[3.2365,36.8145],[3.2364,36.8145],[3.2364,36.8144],[3.2362,36.8144],[3.2362,36.8145],[3.2361,36.8145],[3.2361,36.8147],[3.236,36.8146],[3.236,36.8144],[3.2358,36.8143],[3.2357,36.8143],[3.2356,36.8143],[3.2356,36.8145],[3.2355,36.8146],[3.2353,36.8146],[3.2352,36.8146],[3.235,36.8144],[3.2348,36.8144],[3.2347,36.8145],[3.2348,36.8146],[3.2347,36.8148],[3.2347,36.8148],[3.2348,36.8148],[3.2348,36.8149],[3.2348,36.8149],[3.2345,36.8149],[3.2343,36.815],[3.2344,36.8151],[3.2344,36.8152],[3.2342,36.8152],[3.234,36.8151],[3.2341,36.815],[3.234,36.8149],[3.2338,36.8151],[3.2337,36.8151],[3.2338,36.8149],[3.2338,36.8148],[3.2338,36.8148],[3.2337,36.8148],[3.2336,36.8148],[3.2337,36.8147],[3.2336,36.8146],[3.2334,36.8147],[3.2334,36.8146],[3.2335,36.8145],[3.2334,36.8144],[3.2333,36.8143],[3.2331,36.8144],[3.233,36.8144],[3.2331,36.8146],[3.233,36.8148],[3.2329,36.8149],[3.2329,36.8146],[3.2327,36.8146],[3.2327,36.8148],[3.2321,36.8149],[3.2321,36.8149],[3.2321,36.8151],[3.232,36.8152],[3.2319,36.8152],[3.2319,36.8152],[3.2315,36.8154],[3.2316,36.8153],[3.2314,36.8154],[3.2315,36.8152],[3.2314,36.8154],[3.2312,36.8154],[3.2311,36.8154],[3.2311,36.8153],[3.2312,36.8152],[3.2312,36.8151],[3.2308,36.8155],[3.2307,36.8155],[3.2308,36.8154],[3.2309,36.8151],[3.2308,36.8151],[3.2307,36.8151],[3.2306,36.8151],[3.2307,36.815],[3.2308,36.815],[3.2305,36.8148],[3.2304,36.8146],[3.2302,36.8148],[3.23,36.8148],[3.2301,36.8146],[3.2299,36.8145],[3.23,36.8143],[3.2293,36.8144],[3.2292,36.8145],[3.2286,36.8145],[3.2284,36.8145],[3.2283,36.8145],[3.2281,36.8144],[3.2278,36.8145],[3.2277,36.8144],[3.2276,36.8142],[3.2275,36.8142],[3.2273,36.8143],[3.2271,36.8143],[3.2271,36.8141],[3.2269,36.8142],[3.2267,36.8142],[3.2267,36.814],[3.2268,36.8139],[3.2269,36.8138],[3.227,36.8136],[3.2269,36.8135],[3.2265,36.8135],[3.2266,36.8137],[3.2265,36.8137],[3.2262,36.8136],[3.226,36.8135],[3.2257,36.8135],[3.2255,36.8135],[3.2255,36.8132],[3.2254,36.8131],[3.2253,36.8131],[3.2252,36.8131],[3.2252,36.813],[3.2249,36.8129],[3.2248,36.8129],[3.2249,36.8129],[3.225,36.8128],[3.2249,36.8127],[3.2248,36.8127],[3.2246,36.8129],[3.2247,36.813],[3.2246,36.8131],[3.2244,36.8131],[3.2244,36.813],[3.2246,36.8129],[3.2247,36.8127],[3.2245,36.8124],[3.2243,36.8124],[3.2243,36.8124],[3.224,36.8126],[3.2241,36.8123],[3.2239,36.8122],[3.2238,36.8121],[3.2237,36.8121],[3.2235,36.8122],[3.2233,36.8123],[3.2233,36.8121],[3.223,36.8121],[3.2232,36.812],[3.2234,36.8119],[3.2231,36.8119],[3.223,36.8119],[3.2231,36.8118],[3.2234,36.8117],[3.2234,36.8111],[3.2238,36.8104],[3.2239,36.8102],[3.2241,36.8103],[3.2241,36.8103],[3.2241,36.8105],[3.2237,36.8111],[3.2239,36.8113],[3.224,36.8114],[3.2242,36.8115],[3.2244,36.8115],[3.2246,36.8115],[3.2248,36.8112],[3.2248,36.811],[3.2252,36.8106],[3.2253,36.8105],[3.2254,36.8105],[3.2258,36.8104],[3.2262,36.8102],[3.2267,36.8098],[3.2269,36.8097],[3.2273,36.8094],[3.2276,36.809],[3.2278,36.8086],[3.228,36.8084],[3.2282,36.8083],[3.2285,36.8079],[3.2289,36.8074],[3.2289,36.8072],[3.229,36.8065],[3.2292,36.8062],[3.2288,36.8052],[3.2287,36.805],[3.2287,36.8049],[3.2286,36.8048],[3.2286,36.8047],[3.2287,36.8047],[3.2288,36.8047],[3.2288,36.8047],[3.2289,36.8048],[3.229,36.8048],[3.2292,36.8052],[3.2292,36.8053],[3.2292,36.8054],[3.2292,36.8054],[3.2293,36.8054],[3.2294,36.8055],[3.2301,36.8051],[3.2301,36.8051],[3.2295,36.8055],[3.2298,36.8058],[3.2297,36.8058],[3.2297,36.8058],[3.2297,36.8059],[3.2298,36.8058],[3.2299,36.8059],[3.23,36.8058],[3.2301,36.8058],[3.2299,36.8059],[3.2298,36.8061],[3.2298,36.8062],[3.23,36.8063],[3.2302,36.8063],[3.2303,36.8063],[3.2304,36.8064],[3.2306,36.8064],[3.2311,36.8064],[3.2312,36.8063],[3.2312,36.8062],[3.2312,36.8059],[3.2313,36.8059],[3.2313,36.8061],[3.2313,36.8062],[3.2315,36.8062],[3.2316,36.8063],[3.2317,36.8064],[3.2319,36.8064],[3.2322,36.8064],[3.2325,36.8064],[3.2327,36.8064],[3.2329,36.8064],[3.233,36.8065],[3.2331,36.8066],[3.2332,36.8065],[3.2335,36.8064],[3.2339,36.8061],[3.234,36.806],[3.2344,36.8056],[3.2349,36.8053],[3.235,36.8051],[3.2351,36.8047],[3.2353,36.8042],[3.2353,36.8039],[3.2354,36.8038],[3.2357,36.8035],[3.2358,36.8033],[3.2358,36.8028],[3.2359,36.8025],[3.236,36.8022],[3.2361,36.802],[3.2361,36.8018],[3.2361,36.8015],[3.236,36.8012],[3.236,36.801],[3.2359,36.8009],[3.2358,36.8008],[3.2358,36.8006],[3.236,36.8004],[3.2361,36.8003],[3.2361,36.8002],[3.236,36.8],[3.2359,36.8],[3.2358,36.8],[3.2359,36.7998],[3.2364,36.7997],[3.2366,36.7996],[3.2367,36.7994],[3.2367,36.7988],[3.2366,36.7988],[3.2365,36.7985],[3.2368,36.7984],[3.2368,36.7984],[3.2368,36.7983],[3.2369,36.7982],[3.2369,36.7978],[3.2367,36.7973],[3.2365,36.7973],[3.2364,36.7972],[3.2362,36.7969],[3.2359,36.7967],[3.2358,36.7967],[3.2357,36.7968],[3.2354,36.7967],[3.2352,36.7967],[3.2351,36.7968],[3.2349,36.7968],[3.2351,36.7967],[3.2351,36.7966],[3.2351,36.7965],[3.2352,36.7965],[3.2355,36.7963],[3.2355,36.7961],[3.2353,36.796],[3.2351,36.796],[3.235,36.796],[3.235,36.796],[3.2349,36.7961],[3.2348,36.7961],[3.2347,36.796],[3.2349,36.7959],[3.2351,36.7958],[3.2352,36.7959],[3.2353,36.7958],[3.2353,36.7956],[3.2353,36.7953],[3.2351,36.7953],[3.235,36.7953],[3.235,36.7952],[3.235,36.7952],[3.2351,36.7952],[3.2353,36.7952],[3.2355,36.795],[3.2356,36.7947],[3.2355,36.7944],[3.2357,36.7942],[3.2361,36.7938],[3.2361,36.7933],[3.236,36.7929],[3.2361,36.7929],[3.2362,36.7928],[3.2359,36.7928],[3.2358,36.7927],[3.2361,36.7926],[3.2361,36.7924],[3.2361,36.7923],[3.236,36.7923],[3.2359,36.7924],[3.2358,36.7925],[3.2357,36.7924],[3.2356,36.7923],[3.2352,36.7923],[3.2352,36.7925],[3.2352,36.7927],[3.2351,36.7927],[3.235,36.7926],[3.235,36.7924],[3.2348,36.7923],[3.2346,36.7924],[3.2346,36.7925],[3.2347,36.7926],[3.2347,36.7927],[3.2346,36.7927],[3.2344,36.7925],[3.2343,36.7924],[3.2341,36.7922],[3.234,36.792],[3.2342,36.7919],[3.2342,36.792],[3.2344,36.7923],[3.2347,36.7923],[3.2347,36.7922],[3.2345,36.7921],[3.2343,36.7919],[3.2344,36.7917],[3.2345,36.7915],[3.2346,36.7915],[3.2346,36.7916],[3.2345,36.7917],[3.2346,36.7918],[3.2346,36.792],[3.2347,36.7921],[3.2349,36.7921],[3.2349,36.7921],[3.235,36.792],[3.235,36.7919],[3.2351,36.7919],[3.2351,36.792],[3.235,36.7922],[3.235,36.7922],[3.2351,36.7923],[3.2354,36.7922],[3.2356,36.7921],[3.2358,36.792],[3.2359,36.7917],[3.2358,36.7917],[3.2359,36.7916],[3.236,36.7914],[3.236,36.791],[3.236,36.7907],[3.2358,36.7904],[3.2357,36.7902],[3.2355,36.7902],[3.2354,36.7901],[3.2354,36.79],[3.2351,36.7898],[3.2351,36.7897],[3.2349,36.7895],[3.2348,36.7893],[3.2348,36.7892],[3.2348,36.7891],[3.2347,36.7891],[3.2345,36.7892],[3.2345,36.7891],[3.2346,36.7891],[3.2346,36.789],[3.2346,36.7889],[3.2344,36.7888],[3.2343,36.7886],[3.2341,36.7885],[3.2341,36.7884],[3.234,36.7883],[3.234,36.7882],[3.2339,36.7881],[3.234,36.788],[3.2338,36.7876],[3.2337,36.7872],[3.2338,36.787],[3.2339,36.7868],[3.2337,36.7866],[3.2335,36.7862],[3.2334,36.7862],[3.2333,36.7861],[3.2329,36.7858],[3.2327,36.7856],[3.2327,36.7855],[3.2326,36.7853],[3.2326,36.7851],[3.2323,36.7847],[3.2322,36.7846],[3.232,36.7841],[3.2319,36.7839],[3.2318,36.7838],[3.2318,36.7838],[3.2318,36.7837],[3.2318,36.7835],[3.2315,36.7832],[3.2316,36.783],[3.2315,36.7827],[3.2313,36.7822],[3.2312,36.782],[3.2311,36.782],[3.2311,36.7817],[3.2311,36.7816],[3.2311,36.7815],[3.231,36.7813],[3.2309,36.7811],[3.2308,36.7807],[3.2308,36.7805],[3.231,36.7804],[3.2311,36.7803],[3.231,36.7799],[3.231,36.7795],[3.2309,36.7792],[3.231,36.7786],[3.2311,36.7782],[3.2313,36.7777],[3.2313,36.7775],[3.2313,36.7769],[3.2312,36.7763],[3.231,36.7758],[3.2308,36.7756],[3.2305,36.7754],[3.2299,36.7746],[3.2294,36.774],[3.2286,36.7732],[3.2282,36.7729],[3.228,36.7728],[3.2278,36.7728],[3.2275,36.7727],[3.2266,36.7721],[3.2255,36.7715],[3.2255,36.7711],[3.2255,36.7707],[3.2253,36.7704],[3.2252,36.7702],[3.225,36.77],[3.2247,36.7696],[3.2243,36.7694],[3.2243,36.7692],[3.2241,36.7691],[3.224,36.7689],[3.2239,36.7687],[3.2238,36.7685],[3.2234,36.7683],[3.2227,36.7679],[3.2224,36.7677],[3.2222,36.7675],[3.2214,36.7671],[3.2211,36.7671],[3.221,36.7671],[3.2208,36.7671],[3.2207,36.7671],[3.2205,36.7669],[3.2204,36.7668],[3.2202,36.7668],[3.22,36.7668],[3.22,36.7668],[3.2198,36.7669],[3.2197,36.7669],[3.2196,36.7669],[3.2195,36.7668],[3.2193,36.7669],[3.219,36.7668],[3.2187,36.7666],[3.2186,36.7666],[3.218,36.7664],[3.2177,36.7664],[3.2174,36.7663],[3.2173,36.7662],[3.2173,36.766],[3.2177,36.7659],[3.218,36.7657],[3.2181,36.7653],[3.2181,36.7647],[3.2179,36.7641],[3.2174,36.7635],[3.2173,36.7634],[3.2169,36.763],[3.2166,36.7628],[3.2164,36.7628],[3.2156,36.7623],[3.2154,36.762],[3.2152,36.7619],[3.215,36.7617],[3.2149,36.7616],[3.2148,36.7615],[3.2147,36.7614],[3.2144,36.7612],[3.2143,36.7611],[3.2141,36.761],[3.2139,36.7609],[3.2135,36.7608],[3.2133,36.7606],[3.2128,36.7605],[3.2126,36.7605],[3.2124,36.7604],[3.2123,36.7604],[3.2119,36.7604],[3.2118,36.7605],[3.2118,36.7605],[3.2117,36.7603],[3.2116,36.7602],[3.2115,36.7602],[3.2114,36.7602],[3.2113,36.7602],[3.2113,36.7601],[3.2112,36.76],[3.2113,36.7599],[3.2108,36.7591],[3.2103,36.7589],[3.2099,36.7587],[3.2096,36.7585],[3.2092,36.7585],[3.2087,36.7584],[3.2082,36.7584],[3.208,36.7584],[3.2079,36.7585],[3.2076,36.7585],[3.2077,36.7583],[3.2076,36.7582],[3.2076,36.7582],[3.2069,36.7576],[3.2067,36.7575],[3.2065,36.7573],[3.2062,36.7571],[3.2059,36.7569],[3.2058,36.7567],[3.2054,36.7566],[3.2052,36.7566],[3.205,36.7565],[3.2048,36.7564],[3.2047,36.7563],[3.2045,36.7563],[3.2046,36.7563],[3.2044,36.7562],[3.2041,36.7562],[3.204,36.7561],[3.2041,36.7561],[3.204,36.756],[3.2039,36.756],[3.2038,36.756],[3.2037,36.756],[3.2038,36.7559],[3.2037,36.7559],[3.2037,36.756],[3.2036,36.756],[3.2035,36.7559],[3.2034,36.7559],[3.2032,36.7558],[3.2032,36.7559],[3.2031,36.7559],[3.203,36.7559],[3.2031,36.7559],[3.2031,36.7558],[3.203,36.7557],[3.2029,36.7557],[3.2029,36.7556],[3.2028,36.7556],[3.2027,36.7555],[3.2026,36.7556],[3.2025,36.7556],[3.2026,36.7554],[3.2024,36.7552],[3.2024,36.7551],[3.2022,36.7551],[3.2021,36.7551],[3.202,36.7552],[3.2019,36.7552],[3.202,36.7551],[3.202,36.755],[3.2018,36.7548],[3.2014,36.7547],[3.2013,36.7549],[3.2012,36.7549],[3.2013,36.7547],[3.2013,36.7546],[3.2012,36.7546],[3.2012,36.7545],[3.2009,36.7544],[3.2008,36.7544],[3.2007,36.7543],[3.2006,36.7543],[3.2004,36.7542],[3.2003,36.7542],[3.2001,36.7544],[3.2001,36.7544],[3.2001,36.7542],[3.2,36.7542],[3.1999,36.7541],[3.1998,36.754],[3.1997,36.7539],[3.1995,36.7538],[3.1994,36.7539],[3.1993,36.7539],[3.1993,36.7539],[3.1993,36.7538],[3.1993,36.7538],[3.1992,36.7537],[3.1988,36.7535],[3.1987,36.7534],[3.1986,36.7535],[3.1985,36.7535],[3.1985,36.7534],[3.1984,36.7532],[3.198,36.7531],[3.1978,36.7531],[3.1976,36.7533],[3.1975,36.7533],[3.1977,36.753],[3.1975,36.7529],[3.1972,36.7527],[3.1968,36.7526],[3.1967,36.7528],[3.1966,36.7528],[3.1966,36.7526],[3.1967,36.7525],[3.1965,36.7525],[3.1963,36.7524],[3.196,36.7523],[3.1959,36.7522],[3.1958,36.7522],[3.1957,36.7523],[3.1956,36.7523],[3.1957,36.7522],[3.1957,36.7521],[3.1955,36.7519],[3.1953,36.7518],[3.195,36.7518],[3.1948,36.7518],[3.1947,36.752],[3.1946,36.752],[3.1946,36.752],[3.1947,36.7518],[3.1946,36.7517],[3.1944,36.7514],[3.1941,36.7514],[3.194,36.7516],[3.1939,36.7516],[3.1939,36.7515],[3.194,36.7513],[3.1939,36.7513],[3.1939,36.7513],[3.1938,36.7512],[3.1935,36.7511],[3.1933,36.751],[3.1932,36.7511],[3.1931,36.7512],[3.193,36.7513],[3.1929,36.7513],[3.193,36.7512],[3.1931,36.751],[3.193,36.751],[3.1928,36.7508],[3.1927,36.7508],[3.1926,36.7509],[3.1925,36.7511],[3.1924,36.751],[3.1925,36.7509],[3.1923,36.7508],[3.1923,36.7507],[3.1922,36.7506],[3.192,36.7505],[3.192,36.7506],[3.1918,36.7507],[3.1918,36.7506],[3.1919,36.7504],[3.192,36.7503],[3.1917,36.7501],[3.1917,36.75],[3.1913,36.7499],[3.1911,36.7498],[3.1904,36.7497],[3.1901,36.7497],[3.1898,36.7496],[3.1895,36.7495],[3.1891,36.7493],[3.1889,36.7493],[3.1884,36.7493],[3.1881,36.7495],[3.188,36.7498],[3.1879,36.7499],[3.1883,36.75],[3.1884,36.75],[3.1884,36.7501],[3.1883,36.7502],[3.1881,36.7501],[3.1877,36.7501],[3.1873,36.75],[3.187,36.75],[3.1869,36.7499],[3.187,36.7498],[3.1872,36.7498],[3.1875,36.7499],[3.1876,36.7499],[3.1876,36.7497],[3.1876,36.7492],[3.1874,36.749],[3.1874,36.7488],[3.1874,36.7486],[3.1872,36.7485],[3.1871,36.7484],[3.1869,36.7483],[3.1865,36.7483],[3.186,36.7484],[3.1858,36.7486],[3.1856,36.7489],[3.1862,36.749],[3.1862,36.749],[3.1862,36.7491],[3.1854,36.749],[3.1848,36.749],[3.1847,36.7489],[3.1848,36.7488],[3.1854,36.7489],[3.1854,36.7488],[3.1855,36.7482],[3.1854,36.748],[3.1846,36.7478],[3.1837,36.7475],[3.1836,36.7475],[3.1835,36.7477],[3.1835,36.748],[3.1835,36.7482],[3.1838,36.7482],[3.184,36.7482],[3.1841,36.7483],[3.184,36.7484],[3.1837,36.7484],[3.1832,36.7483],[3.1827,36.7483],[3.1826,36.7482],[3.1827,36.7481],[3.1829,36.7481],[3.1833,36.7481],[3.1833,36.7479],[3.1833,36.7477],[3.1834,36.7474],[3.183,36.7472],[3.1827,36.7472],[3.1823,36.7471],[3.1819,36.747],[3.1816,36.747],[3.1814,36.7472],[3.1813,36.7473],[3.1813,36.7476],[3.1814,36.7476],[3.1816,36.7476],[3.1819,36.7477],[3.1819,36.7477],[3.1819,36.7478],[3.1819,36.7478],[3.1815,36.7478],[3.1809,36.7478],[3.1805,36.7478],[3.1804,36.7477],[3.1805,36.7476],[3.1805,36.7476],[3.1808,36.7476],[3.1811,36.7476],[3.1811,36.7476],[3.1811,36.7473],[3.1811,36.7471],[3.1809,36.7468],[3.1806,36.7467],[3.1805,36.7466],[3.1803,36.7465],[3.1801,36.7463],[3.1798,36.7462],[3.1793,36.7459],[3.1792,36.7459],[3.1788,36.7459],[3.1785,36.7459],[3.1782,36.7459],[3.1781,36.7459],[3.178,36.7459],[3.1779,36.7457],[3.1777,36.7457],[3.1775,36.7457],[3.1774,36.7457],[3.1772,36.7455],[3.177,36.7454],[3.1769,36.7454],[3.1766,36.7454],[3.1764,36.7455],[3.1763,36.7455],[3.1762,36.7455],[3.1761,36.7455],[3.1761,36.7454],[3.1759,36.7453],[3.1757,36.7453],[3.1756,36.7451],[3.1755,36.7451],[3.1752,36.745],[3.1749,36.745],[3.1747,36.745],[3.1745,36.7451],[3.1745,36.7451],[3.1745,36.745],[3.1745,36.7449],[3.1743,36.7448],[3.174,36.7446],[3.1733,36.7444],[3.1727,36.7443],[3.1724,36.7442],[3.1722,36.7442],[3.1717,36.7441],[3.1712,36.744],[3.171,36.744],[3.1707,36.7439],[3.1705,36.7439],[3.17,36.7438],[3.1696,36.7437],[3.1695,36.7437],[3.1692,36.7436],[3.1689,36.7436],[3.1687,36.7436],[3.1685,36.7435],[3.1684,36.7435],[3.1682,36.7435],[3.1679,36.7435],[3.1678,36.7435],[3.1678,36.7436],[3.1676,36.7437],[3.1676,36.7437],[3.1675,36.7438],[3.1674,36.7438],[3.1675,36.7437],[3.1675,36.7436],[3.1675,36.7436],[3.1674,36.7435],[3.1673,36.7434],[3.1667,36.7432],[3.166,36.743],[3.1654,36.743],[3.1652,36.743],[3.1648,36.7428],[3.1648,36.7428],[3.1643,36.7427],[3.1631,36.7427],[3.1628,36.7426],[3.1623,36.7425],[3.1622,36.7425],[3.162,36.7425],[3.1617,36.7426],[3.1615,36.7426],[3.1612,36.7425],[3.1604,36.7424],[3.1597,36.7423],[3.1589,36.7422],[3.1585,36.7422],[3.1578,36.7421],[3.1575,36.7422],[3.1572,36.7421],[3.1566,36.7421],[3.1562,36.7421],[3.1554,36.742],[3.154,36.7419],[3.153,36.7419],[3.1525,36.7419],[3.1521,36.7418],[3.1515,36.7418],[3.1509,36.7418],[3.1507,36.7417],[3.1502,36.7417],[3.1496,36.7417],[3.1492,36.7417],[3.149,36.7418],[3.1489,36.7419],[3.1488,36.7418],[3.1485,36.7419],[3.1483,36.7419],[3.1481,36.7419],[3.148,36.7419],[3.1477,36.7419],[3.1474,36.742],[3.1471,36.742],[3.147,36.7419],[3.1468,36.7418],[3.1465,36.7417],[3.1462,36.7417],[3.1461,36.7417],[3.1458,36.7417],[3.1456,36.7417],[3.1453,36.7417],[3.1449,36.7417],[3.1446,36.7417],[3.1443,36.7417],[3.1436,36.7417],[3.1422,36.7416],[3.1419,36.7417],[3.1407,36.7416],[3.1405,36.7417],[3.1405,36.7416],[3.14,36.7416],[3.1397,36.7416],[3.1394,36.7417],[3.1393,36.7417],[3.1389,36.7418],[3.1382,36.7421],[3.138,36.7422],[3.1378,36.7421],[3.1376,36.7421],[3.1376,36.742],[3.1374,36.7419],[3.1371,36.7418],[3.1367,36.7417],[3.1363,36.7418],[3.1359,36.7418],[3.1358,36.7418],[3.1355,36.7418],[3.1354,36.7418],[3.1353,36.7418],[3.135,36.7419],[3.1349,36.7419],[3.1347,36.742],[3.1344,36.7421],[3.1338,36.7423],[3.1334,36.7426],[3.1335,36.7427],[3.134,36.7435],[3.134,36.7436],[3.1339,36.7437],[3.1337,36.7437],[3.1332,36.7426],[3.1327,36.7429],[3.1319,36.7434],[3.1319,36.7435],[3.1323,36.7442],[3.1324,36.7444],[3.1323,36.7445],[3.1321,36.7445],[3.1319,36.7442],[3.1318,36.744],[3.1316,36.7435],[3.1315,36.7434],[3.1293,36.7441],[3.1292,36.7441],[3.1281,36.7436],[3.128,36.7435],[3.1276,36.7434],[3.125,36.7424],[3.1248,36.7423],[3.1239,36.7424],[3.1238,36.7423],[3.1236,36.7424],[3.1231,36.7425],[3.1227,36.7425],[3.1225,36.7425],[3.1219,36.7426],[3.1217,36.7426],[3.1216,36.7426],[3.1216,36.7426],[3.1212,36.7426],[3.1205,36.7427],[3.1203,36.7427],[3.12,36.7427],[3.1198,36.7428],[3.1196,36.7427],[3.1194,36.7428],[3.1194,36.7428],[3.1192,36.7428],[3.1192,36.7428],[3.1191,36.7428],[3.1189,36.7429],[3.1189,36.7429],[3.1188,36.7429],[3.1188,36.7429],[3.1188,36.7428],[3.1187,36.7428],[3.1185,36.7428],[3.1184,36.7428],[3.118,36.7429],[3.1178,36.7429],[3.1176,36.7429],[3.1174,36.7429],[3.1173,36.743],[3.117,36.743],[3.1169,36.743],[3.1168,36.7431],[3.1166,36.7431],[3.1165,36.7431],[3.1163,36.7431],[3.1149,36.7434],[3.1145,36.7434],[3.1138,36.7435],[3.1136,36.7435],[3.1133,36.7437],[3.1131,36.7437],[3.1128,36.7437],[3.1126,36.7437],[3.1122,36.7437],[3.1118,36.7438],[3.1117,36.7438],[3.1115,36.7439],[3.1114,36.7439],[3.1112,36.744],[3.111,36.744],[3.1109,36.744],[3.1108,36.744],[3.1102,36.7442],[3.1087,36.7447],[3.1076,36.745],[3.1069,36.7451],[3.1053,36.7453],[3.105,36.7454],[3.1045,36.7455],[3.1045,36.7455],[3.1041,36.7455],[3.1036,36.7456],[3.1031,36.7458],[3.1029,36.7458],[3.1022,36.746],[3.1014,36.7462],[3.101,36.7464],[3.1007,36.7464],[3.1005,36.7465],[3.1002,36.7464],[3.0994,36.7466],[3.0989,36.7466],[3.0982,36.7468],[3.0977,36.7469],[3.0976,36.7469],[3.0974,36.7469],[3.0969,36.747],[3.0963,36.747],[3.0961,36.7471],[3.096,36.7471],[3.0958,36.7471],[3.0956,36.7472],[3.0954,36.7472],[3.095,36.7473],[3.0945,36.7474],[3.0942,36.7474],[3.0934,36.7476],[3.0928,36.7476],[3.0923,36.7478],[3.0916,36.7479],[3.0914,36.748],[3.0908,36.7482],[3.0903,36.7482],[3.0899,36.7483],[3.0894,36.7484],[3.0891,36.7485],[3.089,36.7485],[3.0886,36.7486],[3.0884,36.7487],[3.0879,36.7488],[3.0877,36.7488],[3.0876,36.7488],[3.0864,36.7491],[3.0863,36.7492],[3.0858,36.7494],[3.0855,36.7495],[3.0852,36.7496],[3.085,36.7497],[3.085,36.7497],[3.0848,36.7499],[3.0839,36.7503],[3.0838,36.7505],[3.0834,36.7508],[3.0831,36.7509],[3.0831,36.751],[3.0818,36.7516],[3.0813,36.7518],[3.081,36.7518],[3.0803,36.752],[3.0798,36.7522],[3.0797,36.7523],[3.0796,36.7524],[3.0795,36.7524],[3.0794,36.7524],[3.0782,36.753],[3.0777,36.7535],[3.0776,36.7536],[3.0776,36.7537],[3.0776,36.7538],[3.0776,36.7538],[3.0775,36.7538],[3.0773,36.7538],[3.0773,36.7538],[3.0769,36.754],[3.0769,36.7542],[3.0769,36.7546],[3.0764,36.7551],[3.0757,36.7553],[3.0756,36.7559],[3.0757,36.7621],[3.0755,36.7621],[3.0755,36.7566],[3.0738,36.7572],[3.0738,36.7615],[3.0718,36.7615],[3.0718,36.7575],[3.0701,36.7581],[3.0701,36.7608],[3.0701,36.7622],[3.0666,36.7622],[3.0621,36.7632],[3.0626,36.7649],[3.0662,36.7641],[3.0666,36.7641],[3.0671,36.7644],[3.0678,36.7649],[3.0677,36.765],[3.0671,36.7645],[3.0662,36.7654],[3.066,36.7655],[3.0601,36.7668],[3.0606,36.7685],[3.064,36.7678],[3.0644,36.7687],[3.0611,36.7694],[3.0628,36.7709],[3.0651,36.7704],[3.0654,36.7715],[3.0636,36.7719],[3.0636,36.7722],[3.0639,36.7722],[3.0642,36.7732],[3.0639,36.7732],[3.064,36.7734],[3.0628,36.7737],[3.0628,36.7741],[3.0627,36.7744],[3.0625,36.775],[3.0623,36.776],[3.0655,36.7767],[3.0654,36.7778],[3.0622,36.7781],[3.0632,36.7803],[3.065,36.7795],[3.0655,36.7807],[3.0639,36.7815],[3.0641,36.7817],[3.0639,36.7818],[3.0646,36.784],[3.0659,36.7838],[3.0661,36.7841],[3.0648,36.7847],[3.0652,36.7851],[3.0654,36.785],[3.0659,36.785],[3.0659,36.7851],[3.0664,36.785],[3.0664,36.785],[3.0664,36.785],[3.0663,36.7849],[3.0664,36.7849],[3.0665,36.7852],[3.0664,36.7852],[3.0664,36.785],[3.0659,36.7851],[3.0659,36.7852],[3.0658,36.7852],[3.0657,36.7853],[3.0654,36.7855],[3.0654,36.7855],[3.0656,36.7854],[3.0657,36.7856],[3.0656,36.7857],[3.0658,36.786],[3.0659,36.7863],[3.066,36.7864],[3.066,36.7864],[3.0661,36.7864],[3.0661,36.7865],[3.0662,36.7865],[3.0681,36.7866],[3.0682,36.7863],[3.0682,36.7863],[3.0682,36.7863],[3.0682,36.7862],[3.0682,36.7862],[3.0683,36.786],[3.0683,36.786],[3.0683,36.786],[3.0683,36.786],[3.0684,36.7857],[3.0686,36.7858],[3.0686,36.7858],[3.0686,36.7858],[3.0687,36.7857],[3.0674,36.7852],[3.0676,36.7846],[3.0681,36.7845],[3.068,36.7841],[3.0679,36.784],[3.0679,36.7839],[3.068,36.7837],[3.068,36.7835],[3.0681,36.7833],[3.0682,36.783],[3.0685,36.7825],[3.0686,36.7823],[3.0688,36.7821],[3.0689,36.782],[3.0691,36.7818],[3.0693,36.7816],[3.0694,36.7815],[3.0697,36.7813],[3.0699,36.7812],[3.0719,36.7801],[3.0719,36.7797],[3.0718,36.7796],[3.0717,36.7796],[3.0717,36.7796],[3.0718,36.7795],[3.0719,36.7795],[3.0718,36.7796],[3.0718,36.7796],[3.0722,36.7797],[3.0725,36.7798],[3.0728,36.7798],[3.0756,36.7783],[3.0778,36.7771],[3.0777,36.7769],[3.0782,36.7767],[3.0786,36.7771],[3.0763,36.7783],[3.0761,36.7784],[3.0703,36.7815],[3.07,36.7816],[3.0698,36.7818],[3.0696,36.782],[3.0693,36.7823],[3.0691,36.7825],[3.069,36.7828],[3.0687,36.7831],[3.0686,36.7832],[3.0686,36.7834],[3.0684,36.7837],[3.0684,36.784],[3.0684,36.7842],[3.0686,36.7846],[3.0688,36.785],[3.0688,36.7851],[3.0689,36.7853],[3.0692,36.7857],[3.0693,36.7857],[3.0694,36.786],[3.0695,36.786],[3.0696,36.786],[3.0697,36.7862],[3.0697,36.7864],[3.0696,36.7866],[3.0697,36.7867],[3.0696,36.7868],[3.0696,36.7869],[3.0696,36.787],[3.0697,36.7871],[3.0699,36.7873],[3.0697,36.7873],[3.0697,36.7874],[3.0696,36.7875],[3.0696,36.7876],[3.0696,36.7876],[3.0695,36.7877],[3.0695,36.7878],[3.0694,36.7878],[3.0694,36.7879],[3.0696,36.7879],[3.0697,36.7881],[3.0696,36.7882],[3.0696,36.7883],[3.0697,36.7883],[3.0697,36.7884],[3.0697,36.7885],[3.0696,36.7886],[3.0695,36.7886],[3.0695,36.7886],[3.0693,36.7888],[3.0692,36.7889],[3.0691,36.7889],[3.069,36.789],[3.0689,36.789],[3.0688,36.789],[3.0688,36.7888],[3.0688,36.7888],[3.0687,36.7888],[3.0686,36.7888],[3.0685,36.7886],[3.0685,36.7886],[3.0686,36.7885],[3.0686,36.7884],[3.0685,36.7883],[3.0684,36.7882],[3.0684,36.7882],[3.0684,36.788],[3.0685,36.7878],[3.0685,36.7876],[3.0684,36.7876],[3.068,36.7875],[3.0676,36.7875],[3.0669,36.7876],[3.0653,36.7883],[3.0649,36.7885],[3.0634,36.7894],[3.0626,36.79],[3.0624,36.7902],[3.0623,36.7902],[3.0623,36.7902],[3.0623,36.7903],[3.0622,36.7903],[3.0622,36.7904],[3.0622,36.7907],[3.0621,36.7909],[3.0622,36.7909],[3.0623,36.791],[3.0622,36.791],[3.0621,36.7911],[3.0621,36.7911],[3.062,36.7912],[3.062,36.7913],[3.0618,36.7914],[3.0617,36.7917],[3.0615,36.7921],[3.0612,36.792],[3.0611,36.792],[3.0611,36.792],[3.0611,36.7921],[3.0611,36.7923],[3.0613,36.7924],[3.0612,36.7924],[3.0611,36.7924],[3.0609,36.7924],[3.0608,36.7924],[3.0607,36.7926],[3.0608,36.7926],[3.0608,36.7927],[3.0607,36.7927],[3.0606,36.7928],[3.0606,36.7929],[3.0606,36.793],[3.0606,36.793],[3.0605,36.7931],[3.0605,36.7932],[3.0605,36.7933],[3.0605,36.7934],[3.0606,36.7935],[3.0606,36.7935],[3.0604,36.7937],[3.0602,36.7938],[3.0601,36.7938],[3.0599,36.7936],[3.0596,36.7933],[3.0596,36.7933],[3.0596,36.7932],[3.0595,36.7931],[3.0588,36.7929],[3.0587,36.7928],[3.0582,36.7927],[3.0579,36.7928],[3.0577,36.7928],[3.0575,36.7928],[3.057,36.7929],[3.0568,36.793],[3.0565,36.793],[3.0561,36.7932],[3.0558,36.7933],[3.0549,36.7936],[3.0544,36.7939],[3.054,36.7941],[3.0538,36.7942],[3.0538,36.7943],[3.0538,36.7947],[3.0538,36.7949],[3.054,36.7952],[3.0541,36.7953],[3.0542,36.7955],[3.0542,36.7956],[3.054,36.7958],[3.0537,36.7961],[3.0532,36.7965],[3.0529,36.7968],[3.0526,36.797],[3.0524,36.7972],[3.0522,36.7974],[3.0519,36.7976],[3.0517,36.7976],[3.0515,36.7976],[3.0514,36.7976],[3.0513,36.7978],[3.0509,36.7981],[3.0503,36.7985],[3.0504,36.7985],[3.0504,36.7986],[3.0504,36.7986],[3.0503,36.7987],[3.0502,36.7986],[3.0502,36.7986],[3.0502,36.7987],[3.0503,36.7988],[3.0503,36.7988],[3.0502,36.7989],[3.0501,36.7988],[3.0501,36.7988],[3.0501,36.7989],[3.05,36.799],[3.05,36.7989],[3.0499,36.7989],[3.0498,36.799],[3.0496,36.7991],[3.0495,36.7993],[3.0495,36.7993],[3.0495,36.7994],[3.0494,36.7996],[3.0493,36.7997],[3.0492,36.7999],[3.0493,36.8],[3.0493,36.8001],[3.0494,36.8],[3.0495,36.8],[3.0496,36.8],[3.0496,36.8001],[3.0496,36.8001],[3.0497,36.8001],[3.0497,36.8001],[3.0499,36.8001],[3.0499,36.8002],[3.0497,36.8002],[3.0495,36.8002],[3.0494,36.8003],[3.0494,36.8003],[3.0495,36.8003],[3.0495,36.8004],[3.0495,36.8004],[3.0494,36.8004],[3.0494,36.8005],[3.0494,36.8005],[3.0495,36.8007],[3.0494,36.8008],[3.0495,36.8008],[3.0496,36.8008],[3.0495,36.8009],[3.0495,36.8009],[3.0498,36.8009],[3.0498,36.8009],[3.0498,36.801],[3.0496,36.801],[3.0496,36.8011],[3.0496,36.8011],[3.0496,36.8012],[3.0496,36.8013],[3.0496,36.8013],[3.0495,36.8013],[3.0496,36.8013],[3.0497,36.8013],[3.0497,36.8014],[3.0495,36.8015],[3.0495,36.8014],[3.0494,36.8015],[3.0495,36.8016],[3.0494,36.8016],[3.0494,36.8017],[3.0496,36.8016],[3.0497,36.8017],[3.0496,36.8017],[3.0497,36.8018],[3.0498,36.8017],[3.0498,36.8018],[3.0497,36.8018],[3.0498,36.8019],[3.0498,36.8019],[3.0498,36.8019],[3.0499,36.8019],[3.05,36.8019],[3.05,36.802],[3.0499,36.8021],[3.0497,36.802],[3.0496,36.802],[3.0496,36.802],[3.0497,36.8021],[3.0498,36.8021],[3.0498,36.8022],[3.0497,36.8022],[3.0495,36.8023],[3.0494,36.8022],[3.0494,36.8021],[3.0494,36.8021],[3.0492,36.802],[3.0491,36.8019],[3.0489,36.8018],[3.0489,36.8018],[3.0489,36.8019],[3.0489,36.8019],[3.049,36.802],[3.0491,36.8021],[3.0492,36.8021],[3.0492,36.8022],[3.0491,36.8022],[3.049,36.8021],[3.0488,36.8021],[3.0487,36.8021],[3.0487,36.8022],[3.0486,36.8022],[3.0485,36.8023],[3.0485,36.8024],[3.0484,36.8024],[3.0483,36.8024],[3.0482,36.8024],[3.0481,36.8025],[3.048,36.8026],[3.0478,36.803],[3.0478,36.803],[3.0478,36.8032],[3.048,36.8032],[3.048,36.8032],[3.0478,36.8033],[3.0477,36.8033],[3.0477,36.8034],[3.0476,36.8034],[3.0476,36.8034],[3.0475,36.8035],[3.0473,36.8035],[3.0473,36.8034],[3.0467,36.8036],[3.0466,36.8038],[3.0463,36.8041],[3.046,36.8046],[3.0458,36.8049],[3.0458,36.805],[3.0459,36.805],[3.0459,36.805],[3.0459,36.8051],[3.0457,36.8051],[3.0456,36.8051],[3.0456,36.8051],[3.0451,36.8053],[3.0444,36.8054],[3.0441,36.8056],[3.0435,36.8059],[3.0436,36.806],[3.0436,36.806],[3.0437,36.8061],[3.0437,36.8062],[3.0436,36.8061],[3.0434,36.8061],[3.0429,36.8063],[3.0428,36.8064],[3.0426,36.8065],[3.0422,36.8067],[3.0422,36.8068],[3.0422,36.8069],[3.0422,36.807],[3.0422,36.8071],[3.0421,36.8072],[3.0419,36.8072],[3.0418,36.8073],[3.0418,36.8072],[3.0418,36.8071],[3.0418,36.8071],[3.0416,36.8071],[3.0415,36.8072],[3.0413,36.8073],[3.0411,36.8075],[3.0409,36.8076],[3.0408,36.8077],[3.0407,36.808],[3.0406,36.8081],[3.0407,36.8082],[3.0407,36.8082],[3.0408,36.8082],[3.0409,36.8083],[3.0409,36.8084],[3.0409,36.8085],[3.0407,36.8084],[3.0406,36.8084],[3.0405,36.8085],[3.0406,36.8085],[3.0406,36.8086],[3.0404,36.8087],[3.0403,36.8089],[3.0402,36.8091],[3.0403,36.809],[3.0407,36.8092],[3.0407,36.8093],[3.0406,36.8093],[3.0405,36.8093],[3.0406,36.8094],[3.0406,36.8095],[3.0405,36.8096],[3.0404,36.8095],[3.0404,36.8094],[3.0403,36.8094],[3.0401,36.8094],[3.0399,36.8095],[3.0397,36.8096],[3.0396,36.8096],[3.0395,36.8096],[3.0394,36.8096],[3.0395,36.8097],[3.0394,36.8097],[3.0394,36.8097],[3.0393,36.8098],[3.0392,36.8098],[3.0392,36.8099],[3.0392,36.8099],[3.039,36.81],[3.039,36.8101],[3.0388,36.8101],[3.0388,36.8102],[3.0388,36.8103],[3.0388,36.8103],[3.0388,36.8104],[3.0387,36.8103],[3.0386,36.8102],[3.0385,36.8102],[3.0384,36.8102],[3.0382,36.8102],[3.0382,36.8103],[3.0382,36.8104],[3.038,36.8104],[3.038,36.8103],[3.0381,36.8102],[3.038,36.8101],[3.038,36.8101],[3.0381,36.81],[3.0381,36.8099],[3.0382,36.8099],[3.0382,36.8098],[3.0381,36.8097],[3.038,36.8096],[3.0378,36.8096],[3.0377,36.8095],[3.0376,36.8095],[3.0376,36.8095],[3.0375,36.8096],[3.0375,36.8095],[3.0375,36.8094],[3.0375,36.8094],[3.0371,36.8092],[3.0369,36.8093],[3.0368,36.8094],[3.0369,36.8094],[3.0369,36.8095],[3.0368,36.8096],[3.0368,36.8096],[3.0368,36.8094],[3.0367,36.8094],[3.0366,36.8094],[3.0365,36.8093],[3.0366,36.8092],[3.0364,36.8092],[3.036,36.8093],[3.0357,36.8096],[3.0357,36.8096],[3.0358,36.8098],[3.0358,36.8099],[3.0358,36.8099],[3.0358,36.81],[3.0357,36.81],[3.0357,36.8099],[3.0357,36.8098],[3.0357,36.8098],[3.0357,36.8097],[3.0357,36.8096],[3.0356,36.8096],[3.0355,36.8097],[3.0354,36.8097],[3.0355,36.8098],[3.0355,36.8099],[3.0354,36.8099],[3.0354,36.81],[3.0353,36.81],[3.0353,36.8098],[3.0352,36.8098],[3.0352,36.8099],[3.0351,36.81],[3.0351,36.8101],[3.035,36.8101],[3.035,36.81],[3.0349,36.8099],[3.0348,36.81],[3.0349,36.8101],[3.0348,36.8102],[3.0347,36.8103],[3.0347,36.81],[3.0346,36.8102],[3.0345,36.8102],[3.0344,36.8103],[3.0343,36.8102],[3.0343,36.8101],[3.0345,36.8099],[3.0344,36.8099],[3.0344,36.81],[3.0343,36.8101],[3.0341,36.8101],[3.0341,36.8102],[3.034,36.8102],[3.034,36.8099],[3.034,36.8098],[3.0339,36.8097],[3.0339,36.8098],[3.0339,36.8099],[3.0338,36.81],[3.0338,36.8099],[3.0338,36.8098],[3.0337,36.8099],[3.0337,36.81],[3.0335,36.8101],[3.0335,36.8099],[3.0336,36.8098],[3.0337,36.8097],[3.0336,36.8097],[3.0333,36.8096],[3.0331,36.8097],[3.0331,36.8098],[3.033,36.8098],[3.033,36.8097],[3.0329,36.8097],[3.0328,36.8097],[3.0327,36.8099],[3.0327,36.8099],[3.0326,36.81],[3.0325,36.81],[3.0325,36.8101],[3.0324,36.8101],[3.0324,36.8102],[3.0323,36.8103],[3.0322,36.8103],[3.0321,36.8103],[3.032,36.8103],[3.0319,36.8102],[3.0317,36.8103],[3.0317,36.8103],[3.0316,36.8104],[3.0316,36.8104],[3.0315,36.8104],[3.0314,36.8105],[3.0312,36.8105],[3.0312,36.8106],[3.0313,36.8106],[3.0314,36.8106],[3.0315,36.8108],[3.0312,36.811],[3.0311,36.8111],[3.031,36.8111],[3.0309,36.811],[3.0306,36.811],[3.0305,36.8109],[3.0305,36.8109],[3.0302,36.811],[3.0302,36.811],[3.0303,36.811],[3.0303,36.8111],[3.0304,36.8111],[3.0304,36.8112],[3.0303,36.8112],[3.0303,36.8112],[3.0303,36.8113],[3.0304,36.8113],[3.0304,36.8113],[3.0305,36.8113],[3.0305,36.8114],[3.0305,36.8114],[3.0305,36.8114],[3.0306,36.8114],[3.0307,36.8115],[3.0307,36.8116],[3.0306,36.8116],[3.0306,36.8117],[3.0307,36.8117],[3.0307,36.8117],[3.0306,36.8117],[3.0305,36.8116],[3.0304,36.8116],[3.0303,36.8116],[3.0305,36.8117],[3.0305,36.8118],[3.0305,36.8118],[3.0304,36.8117],[3.0302,36.8117],[3.0302,36.8117],[3.0301,36.8118],[3.0302,36.812],[3.0301,36.812],[3.03,36.8119],[3.03,36.8119],[3.03,36.812],[3.0299,36.812],[3.0299,36.8121],[3.03,36.8121],[3.0301,36.8121],[3.03,36.8123],[3.03,36.8124],[3.0298,36.8125],[3.0297,36.8126],[3.0296,36.8127],[3.0296,36.8127],[3.0294,36.8129],[3.0294,36.8128],[3.0293,36.8128],[3.0293,36.8129],[3.0291,36.813],[3.0291,36.8131],[3.0288,36.8131],[3.0288,36.813],[3.0289,36.8129],[3.0287,36.8129],[3.0286,36.8128],[3.0285,36.8128],[3.0285,36.8128],[3.0284,36.8128],[3.0284,36.8128],[3.0285,36.8126],[3.0286,36.8126],[3.0286,36.8125],[3.0282,36.8124],[3.0279,36.8123],[3.0278,36.8122],[3.0276,36.8122],[3.0275,36.8122],[3.0274,36.8122],[3.0273,36.8122],[3.0273,36.8123],[3.0273,36.8124],[3.0272,36.8124],[3.0272,36.8124],[3.0272,36.8123],[3.0273,36.8122],[3.0272,36.8122],[3.0271,36.8122],[3.0271,36.8121],[3.0267,36.812],[3.0262,36.812],[3.0259,36.812],[3.0258,36.8121],[3.0256,36.8121],[3.0254,36.8122],[3.0254,36.8123],[3.0253,36.8124],[3.0252,36.8124],[3.0251,36.8123],[3.025,36.8121],[3.025,36.8121],[3.0249,36.8121],[3.0247,36.8122],[3.0245,36.8122],[3.0244,36.8122],[3.0244,36.8124],[3.0244,36.8124],[3.0243,36.8124],[3.0243,36.8124],[3.0243,36.8125],[3.0242,36.8124],[3.0241,36.8125],[3.0241,36.8125],[3.024,36.8125],[3.024,36.8125],[3.024,36.8124],[3.024,36.8123],[3.0239,36.8122],[3.0236,36.8123],[3.0236,36.8123],[3.0235,36.8123],[3.0235,36.8124],[3.0234,36.8124],[3.0234,36.8124],[3.0233,36.8124],[3.0232,36.8125],[3.0231,36.8125],[3.023,36.8126],[3.023,36.8125],[3.023,36.8124],[3.0227,36.8126],[3.0223,36.8127],[3.022,36.8129],[3.0219,36.8131],[3.0219,36.8132],[3.0221,36.8132],[3.0222,36.8133],[3.0222,36.8134],[3.0223,36.8134],[3.0223,36.8134],[3.0223,36.8135],[3.0224,36.8136],[3.0224,36.8136],[3.0223,36.8136],[3.0221,36.8137],[3.022,36.8137],[3.022,36.8137],[3.022,36.8138],[3.0219,36.8138],[3.0218,36.8138],[3.0217,36.8138],[3.0218,36.8139],[3.0218,36.8139],[3.0219,36.814],[3.0219,36.814],[3.0219,36.8141],[3.0219,36.8142],[3.0219,36.8142],[3.0218,36.8142],[3.0217,36.8142],[3.0215,36.8144],[3.0211,36.8146],[3.021,36.8146],[3.0209,36.8145],[3.0208,36.8144],[3.0208,36.8142],[3.0209,36.8141],[3.0208,36.814],[3.0206,36.8141],[3.0205,36.814],[3.0204,36.8139],[3.0204,36.814],[3.0203,36.8141],[3.0203,36.8142],[3.0202,36.8141],[3.0203,36.8141],[3.0202,36.814],[3.0202,36.814],[3.02,36.814],[3.0196,36.8142],[3.0192,36.8145],[3.019,36.8147],[3.019,36.8148],[3.0191,36.8149],[3.0192,36.815],[3.0193,36.8151],[3.0193,36.8152],[3.0194,36.8152],[3.0194,36.8152],[3.0194,36.8152],[3.0194,36.8153],[3.0194,36.8153],[3.0195,36.8153],[3.0195,36.8154],[3.0195,36.8154],[3.0195,36.8155],[3.0194,36.8155],[3.0193,36.8155],[3.0193,36.8155],[3.0192,36.8155],[3.0192,36.8155],[3.0191,36.8156],[3.0191,36.8156],[3.0192,36.8156],[3.0193,36.8157],[3.0193,36.8157],[3.0194,36.8156],[3.0194,36.8156],[3.0194,36.8157],[3.0194,36.8157],[3.0193,36.8158],[3.0192,36.8159],[3.0191,36.8161],[3.019,36.8162],[3.0188,36.8162],[3.0186,36.8159],[3.0186,36.816],[3.0184,36.8162],[3.0183,36.8162],[3.0183,36.8163],[3.0183,36.8163],[3.0181,36.8164],[3.0179,36.8166],[3.0179,36.8167],[3.0178,36.817],[3.0178,36.8171],[3.0179,36.8171],[3.018,36.8171],[3.018,36.8173],[3.018,36.8173],[3.0179,36.8173],[3.0178,36.8173],[3.0177,36.8173],[3.0177,36.8174],[3.0176,36.8175],[3.0176,36.8175],[3.0177,36.8176],[3.0178,36.8176],[3.018,36.8175],[3.0182,36.8175],[3.0182,36.8177],[3.0182,36.8177],[3.0181,36.8178],[3.0179,36.8179],[3.0178,36.8179],[3.0178,36.818],[3.0178,36.8181],[3.0177,36.8181],[3.0176,36.8181],[3.0176,36.8181],[3.0175,36.8182],[3.0174,36.8181],[3.0174,36.8182],[3.0172,36.8185],[3.0171,36.8185],[3.0171,36.8182],[3.017,36.8182],[3.0168,36.8182],[3.0168,36.8181],[3.0168,36.818],[3.0168,36.8179],[3.0168,36.8179],[3.0169,36.8178],[3.0169,36.8178],[3.0169,36.8177],[3.0168,36.8177],[3.0168,36.8177],[3.0167,36.8178],[3.0166,36.8178],[3.0165,36.8177],[3.0164,36.8177],[3.0164,36.8176],[3.0164,36.8176],[3.0163,36.8174],[3.0162,36.8175],[3.016,36.8175],[3.0159,36.8174],[3.0157,36.8173],[3.0155,36.8174],[3.0153,36.8174],[3.0153,36.818],[3.0152,36.818],[3.0151,36.8179],[3.0152,36.8173],[3.0151,36.8173],[3.0148,36.8173],[3.0148,36.8174],[3.0146,36.8174],[3.0145,36.8174],[3.0144,36.8174],[3.0143,36.8175],[3.0143,36.8176],[3.0141,36.8178],[3.014,36.818],[3.0139,36.8184],[3.014,36.8186],[3.0146,36.8186],[3.0146,36.8185],[3.0147,36.8184],[3.0148,36.8184],[3.0147,36.8185],[3.0147,36.8186],[3.0148,36.8187],[3.0148,36.8187],[3.0146,36.8191],[3.0145,36.8191],[3.0146,36.8189],[3.0144,36.8188],[3.0142,36.8188],[3.0141,36.8189],[3.014,36.8189],[3.014,36.8188],[3.0139,36.8188],[3.0137,36.8188],[3.0137,36.8187],[3.0136,36.8187],[3.0134,36.8187],[3.0132,36.8189],[3.0132,36.8188],[3.0131,36.8188],[3.0131,36.8189],[3.0132,36.819],[3.0132,36.8191],[3.0131,36.8191],[3.0131,36.8191],[3.0129,36.8191],[3.0129,36.8193],[3.0128,36.8193],[3.0128,36.8196],[3.0127,36.8196],[3.0126,36.8198],[3.0123,36.8198],[3.0122,36.8199],[3.012,36.8199],[3.0116,36.8198],[3.0114,36.8199],[3.0113,36.82],[3.0112,36.8202],[3.011,36.8202],[3.0109,36.82],[3.0109,36.8201],[3.0109,36.8202],[3.0108,36.8202],[3.0108,36.8203],[3.0109,36.8203],[3.0108,36.8204],[3.0107,36.8205],[3.0107,36.8206],[3.0105,36.8206],[3.0105,36.8205],[3.0106,36.8204],[3.0107,36.8203],[3.0106,36.8203],[3.0107,36.8201],[3.0106,36.82],[3.0105,36.8201],[3.0104,36.8202],[3.0103,36.8201],[3.0105,36.8199],[3.0104,36.82],[3.0102,36.82],[3.0099,36.8202],[3.0097,36.8202],[3.0097,36.8203],[3.0095,36.8203],[3.0095,36.8204],[3.0095,36.8205],[3.0094,36.8206],[3.0094,36.8207],[3.0092,36.8207],[3.0091,36.8208],[3.009,36.8209],[3.0089,36.8208],[3.0089,36.8207],[3.009,36.8205],[3.0092,36.8204],[3.0094,36.8203],[3.0094,36.8202],[3.0096,36.8201],[3.0097,36.8201],[3.0097,36.8201],[3.0098,36.82],[3.01,36.8199],[3.0098,36.8198],[3.0096,36.8199],[3.0095,36.8199],[3.0093,36.8199],[3.0092,36.8198],[3.009,36.8198],[3.0089,36.8197],[3.0089,36.8196],[3.0091,36.8194],[3.0091,36.8192],[3.0092,36.8191],[3.0093,36.8191],[3.0095,36.8189],[3.0095,36.8188],[3.0097,36.8187],[3.0096,36.8186],[3.0095,36.8185],[3.0094,36.8185],[3.0093,36.8185],[3.0093,36.8184],[3.0093,36.8184],[3.0093,36.8184],[3.0091,36.8184],[3.0091,36.8184],[3.009,36.8184],[3.0089,36.8185],[3.0088,36.8186],[3.0085,36.8187],[3.0082,36.8187],[3.0081,36.8186],[3.0081,36.8186],[3.0082,36.8185],[3.0084,36.8184],[3.0083,36.8184],[3.0082,36.8184],[3.008,36.8185],[3.0079,36.8186],[3.0077,36.8187],[3.0075,36.8187],[3.0075,36.8186],[3.0076,36.8185],[3.0076,36.8184],[3.0076,36.8184],[3.0076,36.8182],[3.0077,36.818],[3.0076,36.818],[3.0076,36.8179],[3.0074,36.8179],[3.0073,36.8178],[3.0071,36.8179],[3.0071,36.8178],[3.0072,36.8177],[3.0072,36.8177],[3.0071,36.8177],[3.0067,36.8178],[3.0066,36.8177],[3.0067,36.8177],[3.0068,36.8176],[3.0069,36.8176],[3.0068,36.8176],[3.0066,36.8176],[3.0067,36.8175],[3.0067,36.8175],[3.0069,36.8174],[3.0069,36.8174],[3.0068,36.8174],[3.0068,36.8174],[3.0066,36.8174],[3.0065,36.8175],[3.0064,36.8175],[3.0064,36.8173],[3.0063,36.8174],[3.0062,36.8174],[3.0062,36.8173],[3.0061,36.8173],[3.0061,36.8172],[3.0059,36.8171],[3.0058,36.8172],[3.0059,36.8172],[3.0059,36.8173],[3.0057,36.8174],[3.0057,36.8176],[3.0056,36.8177],[3.0054,36.8179],[3.0053,36.8179],[3.0054,36.8177],[3.0051,36.8177],[3.0051,36.8176],[3.0053,36.8176],[3.0053,36.8176],[3.0052,36.8175],[3.005,36.8175],[3.0049,36.8177],[3.0048,36.8176],[3.0047,36.8174],[3.0047,36.8172],[3.0046,36.8172],[3.0047,36.8171],[3.0047,36.8171],[3.0046,36.8171],[3.0045,36.8171],[3.0048,36.8168],[3.0048,36.8167],[3.0046,36.8169],[3.0045,36.8171],[3.0044,36.817],[3.0042,36.8169],[3.004,36.8168],[3.0041,36.8165],[3.0037,36.8163],[3.0034,36.8163],[3.0031,36.8162],[3.0027,36.8162],[3.0025,36.8164],[3.0027,36.8164],[3.0027,36.8165],[3.0027,36.8166],[3.0025,36.8166],[3.0024,36.8167],[3.0024,36.8165],[3.0022,36.8165],[3.0022,36.8164],[3.0021,36.8165],[3.0021,36.8166],[3.002,36.8166],[3.0018,36.8166],[3.0016,36.8165],[3.0016,36.8164],[3.0015,36.8163],[3.0013,36.8164],[3.0012,36.8165],[3.0012,36.8165],[3.001,36.8165],[3.0011,36.8164],[3.0011,36.8163],[3.001,36.8162],[3.0008,36.8163],[3.0008,36.8164],[3.0007,36.8164],[3.0006,36.8163],[3.0003,36.8163],[3.0001,36.8162],[3.0001,36.8161],[2.9996,36.8159],[2.9992,36.8158],[2.9991,36.8159],[2.9991,36.8159],[2.999,36.8158],[2.9989,36.8159],[2.9989,36.8159],[2.9988,36.816],[2.9988,36.8161],[2.9987,36.8162],[2.9987,36.8162],[2.9987,36.816],[2.9987,36.816],[2.9987,36.8158],[2.9987,36.8158],[2.9986,36.8158],[2.9985,36.8159],[2.9982,36.8157],[2.998,36.8156],[2.9975,36.8153],[2.9972,36.8153],[2.9972,36.8154],[2.9972,36.8156],[2.9971,36.8156],[2.997,36.8156],[2.9968,36.8155],[2.9967,36.8155],[2.9967,36.8157],[2.9966,36.8157],[2.9967,36.8155],[2.9967,36.8154],[2.9965,36.8154],[2.9963,36.8154],[2.9963,36.8155],[2.9962,36.8156],[2.9961,36.8161],[2.9961,36.8161],[2.996,36.8159],[2.9961,36.8157],[2.9961,36.8157],[2.9961,36.8156],[2.9961,36.8156],[2.996,36.8155],[2.9959,36.8155],[2.9958,36.8156],[2.9958,36.8157],[2.9957,36.8156],[2.9957,36.8155],[2.9956,36.8155],[2.9954,36.8158],[2.9953,36.8159],[2.9952,36.8159],[2.9952,36.8159],[2.9952,36.8159],[2.9951,36.8159],[2.995,36.8157],[2.9949,36.8158],[2.9948,36.8158],[2.9949,36.8157],[2.9948,36.8157],[2.9948,36.8155],[2.9948,36.8154],[2.9946,36.8154],[2.9947,36.8155],[2.9946,36.8157],[2.9945,36.8157],[2.9944,36.8159],[2.9944,36.8159],[2.9945,36.8159],[2.9944,36.816],[2.9941,36.8161],[2.9941,36.8161],[2.994,36.8159],[2.9939,36.8158],[2.994,36.8159],[2.9939,36.816],[2.9937,36.816],[2.9935,36.8162],[2.9934,36.8161],[2.9933,36.8159],[2.9933,36.8158],[2.9932,36.8158],[2.9931,36.816],[2.993,36.8159],[2.993,36.8158],[2.9932,36.8156],[2.9931,36.8156],[2.993,36.8155],[2.9929,36.8154],[2.9928,36.8154],[2.9927,36.8153],[2.9928,36.8153],[2.9928,36.8153],[2.9928,36.8152],[2.9927,36.8152],[2.9928,36.8151],[2.9928,36.815],[2.9927,36.8148],[2.9926,36.8148],[2.9925,36.8148],[2.9924,36.815],[2.9923,36.815],[2.9923,36.815],[2.9923,36.8149],[2.9924,36.8148],[2.9923,36.8148],[2.9922,36.8149],[2.9921,36.8149],[2.9921,36.8148],[2.9922,36.8147],[2.9921,36.8147],[2.992,36.8146],[2.9919,36.8148],[2.9918,36.8148],[2.9919,36.8146],[2.9918,36.8146],[2.9916,36.8148],[2.9914,36.8147],[2.9914,36.8146],[2.9913,36.8147],[2.9912,36.8147],[2.9912,36.8146],[2.9911,36.8146],[2.9912,36.8144],[2.9911,36.8144],[2.991,36.8145],[2.9909,36.8145],[2.9908,36.8145],[2.9909,36.8144],[2.991,36.8143],[2.9909,36.8142],[2.9907,36.8142],[2.9903,36.814],[2.99,36.8139],[2.9898,36.8139],[2.9896,36.8139],[2.9895,36.8141],[2.9894,36.8142],[2.9894,36.8141],[2.9896,36.8139],[2.9895,36.8137],[2.9893,36.8136],[2.989,36.8135],[2.989,36.8134],[2.9889,36.8134],[2.9888,36.8135],[2.9886,36.8132],[2.9883,36.8132],[2.988,36.8132],[2.988,36.8133],[2.9876,36.8135],[2.9875,36.8134],[2.9876,36.8132],[2.9873,36.8131],[2.9869,36.8132],[2.9867,36.8133],[2.9866,36.8134],[2.9868,36.8135],[2.9863,36.8136],[2.9864,36.8133],[2.9861,36.8133],[2.9861,36.8131],[2.986,36.813],[2.9857,36.813],[2.9856,36.8131],[2.9856,36.8131],[2.9857,36.8132],[2.9857,36.8133],[2.9859,36.8134],[2.9859,36.8135],[2.9858,36.8136],[2.9859,36.8137],[2.9858,36.8137],[2.9857,36.8137],[2.9856,36.8136],[2.9855,36.8136],[2.9856,36.8134],[2.9856,36.8133],[2.9853,36.8133],[2.9852,36.8133],[2.9852,36.8134],[2.9853,36.8135],[2.9853,36.8136],[2.9852,36.8136],[2.9851,36.8136],[2.985,36.8136],[2.985,36.8137],[2.9849,36.8137],[2.9851,36.8137],[2.9851,36.8137],[2.985,36.8138],[2.985,36.8138],[2.9849,36.8139],[2.9848,36.8139],[2.9848,36.814],[2.9849,36.814],[2.985,36.814],[2.985,36.814],[2.985,36.8141],[2.9849,36.8141],[2.9849,36.8142],[2.9849,36.8142],[2.9848,36.8143],[2.9848,36.8143],[2.9849,36.8144],[2.9849,36.8145],[2.9847,36.8146],[2.9845,36.8147],[2.9843,36.8147],[2.9842,36.8147],[2.9842,36.8146],[2.9842,36.8145],[2.9844,36.8144],[2.9843,36.8144],[2.9841,36.8144],[2.9841,36.8144],[2.9841,36.8143],[2.9841,36.8142],[2.984,36.8143],[2.9838,36.8144],[2.9839,36.8143],[2.984,36.8141],[2.984,36.8139],[2.9838,36.814],[2.9838,36.8138],[2.9837,36.8138],[2.9836,36.8138],[2.9834,36.8139],[2.9833,36.814],[2.9834,36.8141],[2.9834,36.8142],[2.9832,36.8142],[2.9831,36.8142],[2.983,36.8142],[2.983,36.8141],[2.983,36.814],[2.9829,36.814],[2.9829,36.8139],[2.9829,36.8138],[2.9828,36.8138],[2.9828,36.8139],[2.9828,36.8139],[2.9828,36.814],[2.9828,36.814],[2.9829,36.8141],[2.9828,36.8142],[2.983,36.8143],[2.9829,36.8144],[2.9827,36.8144],[2.9827,36.8143],[2.9827,36.8142],[2.9826,36.8142],[2.9826,36.8141],[2.9827,36.8141],[2.9827,36.814],[2.9826,36.814],[2.9825,36.8141],[2.9825,36.8142],[2.9824,36.8141],[2.9823,36.8141],[2.9824,36.814],[2.9823,36.814],[2.9822,36.8141],[2.9822,36.8144],[2.9821,36.8143],[2.9821,36.8141],[2.982,36.814],[2.982,36.8142],[2.9819,36.8141],[2.9819,36.8139],[2.9818,36.8138],[2.9817,36.8138],[2.9817,36.8136],[2.9817,36.8135],[2.9813,36.8136],[2.9812,36.8135],[2.981,36.8135],[2.9808,36.8137],[2.9807,36.8137],[2.9808,36.8138],[2.9807,36.814],[2.9806,36.8142],[2.9807,36.8142],[2.9807,36.8143],[2.9806,36.8143],[2.9806,36.8142],[2.9804,36.8141],[2.9803,36.8141],[2.9802,36.8141],[2.9803,36.8142],[2.9803,36.8142],[2.9804,36.8143],[2.9805,36.8143],[2.9805,36.8144],[2.9804,36.8144],[2.9804,36.8144],[2.9803,36.8144],[2.9801,36.8143],[2.9802,36.8145],[2.9801,36.8145],[2.9801,36.8145],[2.98,36.8145],[2.9799,36.8146],[2.9798,36.8145],[2.9798,36.8144],[2.9797,36.8145],[2.9797,36.8146],[2.9796,36.8146],[2.9796,36.8145],[2.9795,36.8145],[2.9795,36.8145],[2.9795,36.8146],[2.9794,36.8147],[2.9793,36.8147],[2.9791,36.8147],[2.9791,36.8145],[2.9792,36.8145],[2.9791,36.8144],[2.9791,36.8143],[2.9789,36.8142],[2.9788,36.8142],[2.9787,36.8142],[2.9785,36.8142],[2.9782,36.8143],[2.9781,36.8143],[2.978,36.8144],[2.9778,36.8145],[2.9778,36.8146],[2.9777,36.8147],[2.9775,36.8147],[2.9776,36.8147],[2.9776,36.8148],[2.9775,36.8149],[2.9773,36.8149],[2.9772,36.8148],[2.9773,36.8148],[2.9772,36.8147],[2.9772,36.8147],[2.9771,36.8147],[2.9771,36.8147],[2.977,36.8147],[2.9769,36.8147],[2.9768,36.8147],[2.9766,36.8146],[2.9766,36.8146],[2.9764,36.8145],[2.9762,36.8145],[2.9759,36.8146],[2.9758,36.8149],[2.9758,36.815],[2.9758,36.815],[2.9756,36.8151],[2.9755,36.8151],[2.9754,36.8151],[2.9753,36.8151],[2.9752,36.8151],[2.9752,36.8151],[2.9751,36.8151],[2.9751,36.8151],[2.9751,36.815],[2.9752,36.8149],[2.9752,36.8149],[2.975,36.8149],[2.9748,36.8147],[2.9747,36.8147],[2.9745,36.8146],[2.9743,36.8146],[2.974,36.8146],[2.9739,36.8147],[2.9739,36.8148],[2.9738,36.8148],[2.9738,36.8149],[2.9736,36.8149],[2.9735,36.8148],[2.9734,36.8148],[2.9733,36.8147],[2.9732,36.8147],[2.973,36.8147],[2.9729,36.8147],[2.9725,36.8147],[2.9721,36.8147],[2.9718,36.8149],[2.9717,36.8149],[2.9715,36.815],[2.9714,36.8151],[2.9714,36.8152],[2.9714,36.8153],[2.9713,36.8153],[2.9712,36.8154],[2.9712,36.8155],[2.9712,36.8155],[2.9709,36.8155],[2.9707,36.8155],[2.9707,36.8156],[2.9706,36.8156],[2.9704,36.8156],[2.9704,36.8157],[2.9703,36.8158],[2.9702,36.8157],[2.9703,36.8156],[2.9702,36.8156],[2.97,36.8156],[2.9699,36.8155],[2.9698,36.8155],[2.9696,36.8155],[2.9695,36.8155],[2.9693,36.8156],[2.9691,36.8156],[2.9689,36.8156],[2.9687,36.8155],[2.9686,36.8154],[2.9684,36.8152],[2.9682,36.8152],[2.9679,36.8153],[2.9681,36.8156],[2.9682,36.8157],[2.9681,36.8157],[2.9679,36.8156],[2.9678,36.8156],[2.9676,36.8153],[2.9678,36.8152],[2.9677,36.8151],[2.9675,36.8152],[2.9673,36.8149],[2.9673,36.8147],[2.9674,36.8145],[2.9673,36.8144],[2.967,36.8143],[2.9667,36.8143],[2.9667,36.8144],[2.9666,36.8144],[2.9667,36.8142],[2.9659,36.8142],[2.9657,36.8142],[2.9657,36.8141],[2.9656,36.8142],[2.9654,36.8143],[2.9654,36.8143],[2.9652,36.8142],[2.9648,36.8142],[2.9647,36.8143],[2.9648,36.8144],[2.9645,36.8145],[2.9644,36.8145],[2.9643,36.8144],[2.9643,36.8145],[2.9642,36.8145],[2.9641,36.8145],[2.9641,36.8144],[2.964,36.8144],[2.964,36.8144],[2.9639,36.8145],[2.9639,36.8146],[2.9639,36.8146],[2.964,36.8146],[2.9639,36.8147],[2.9638,36.8147],[2.9638,36.8146],[2.9637,36.8147],[2.9636,36.8146],[2.9637,36.8145],[2.9638,36.8144],[2.9637,36.8143],[2.9636,36.8143],[2.9635,36.8144],[2.9636,36.8144],[2.9635,36.8145],[2.9634,36.8144],[2.9633,36.8144],[2.9631,36.8146],[2.9629,36.8145],[2.9629,36.8144],[2.9629,36.8143],[2.963,36.8142],[2.9631,36.8141],[2.963,36.8141],[2.9629,36.8141],[2.9629,36.814],[2.963,36.814],[2.963,36.814],[2.9628,36.8138],[2.9627,36.8139],[2.9627,36.8139],[2.9626,36.8139],[2.9625,36.8139],[2.9625,36.8139],[2.9625,36.814],[2.9626,36.814],[2.9625,36.8141],[2.9624,36.8141],[2.9624,36.814],[2.9624,36.814],[2.9623,36.814],[2.9621,36.814],[2.9621,36.814],[2.9623,36.8139],[2.9623,36.8139],[2.9623,36.8137],[2.9621,36.8135],[2.9619,36.8134],[2.9618,36.8134],[2.9617,36.8134],[2.9617,36.8134],[2.9617,36.8134],[2.9617,36.8133],[2.9616,36.8133],[2.9615,36.8133],[2.9614,36.8133],[2.9613,36.8132],[2.9614,36.8131],[2.9615,36.8131],[2.9614,36.813],[2.9613,36.8128],[2.9613,36.8128],[2.961,36.8126],[2.9609,36.8127],[2.9606,36.8128],[2.96,36.8128],[2.9598,36.8126],[2.9597,36.8124],[2.9597,36.8124],[2.9596,36.8125],[2.9595,36.8125],[2.9595,36.8124],[2.9594,36.8124],[2.9593,36.8124],[2.9591,36.8124],[2.9592,36.8123],[2.959,36.8122],[2.959,36.8121],[2.9588,36.8121],[2.9588,36.8121],[2.9587,36.8122],[2.9585,36.8122],[2.9585,36.8124],[2.9582,36.8123],[2.9577,36.8121],[2.9576,36.812],[2.9574,36.8121],[2.9572,36.8123],[2.9572,36.8124],[2.9571,36.8124],[2.957,36.8125],[2.9571,36.8126],[2.9569,36.8126],[2.9567,36.8127],[2.9566,36.8127],[2.9565,36.8128],[2.9564,36.8128],[2.9563,36.8128],[2.9562,36.8128],[2.9563,36.8129],[2.9562,36.8129],[2.9562,36.8129],[2.9562,36.8129],[2.9562,36.8129],[2.9561,36.8126],[2.956,36.8126],[2.9558,36.8127],[2.9558,36.8129],[2.9559,36.8129],[2.9559,36.813],[2.9559,36.8131],[2.9557,36.8132],[2.9556,36.8132],[2.9555,36.8133],[2.9552,36.813],[2.955,36.813],[2.955,36.813],[2.9547,36.8129],[2.9546,36.8129],[2.9546,36.813],[2.9547,36.8131],[2.9546,36.8131],[2.9545,36.8131],[2.9544,36.8131],[2.9544,36.8132],[2.9543,36.8133],[2.9543,36.8134],[2.9543,36.8135],[2.9541,36.8137],[2.9539,36.8136],[2.9542,36.8134],[2.9542,36.8133],[2.954,36.8132],[2.9538,36.8131],[2.9537,36.813],[2.9536,36.8129],[2.9535,36.8129],[2.9533,36.8129],[2.9533,36.813],[2.9533,36.813],[2.9534,36.8131],[2.9533,36.8132],[2.9532,36.8134],[2.9531,36.8134],[2.9529,36.8135],[2.9529,36.8136],[2.9528,36.8135],[2.9527,36.8135],[2.9526,36.8136],[2.9526,36.8137],[2.9522,36.8138],[2.9522,36.8137],[2.9525,36.8135],[2.9526,36.8134],[2.9525,36.8134],[2.9524,36.8134],[2.9523,36.8134],[2.9523,36.8133],[2.9524,36.8132],[2.9525,36.8132],[2.9524,36.813],[2.9524,36.813],[2.9523,36.813],[2.9522,36.8131],[2.9522,36.8131],[2.9521,36.8131],[2.9521,36.813],[2.9522,36.8128],[2.9524,36.8126],[2.9525,36.8126],[2.9526,36.8124],[2.9525,36.8123],[2.9525,36.8121],[2.9525,36.812],[2.9522,36.8119],[2.952,36.8118],[2.952,36.8119],[2.9516,36.8118],[2.9515,36.8118],[2.9513,36.8119],[2.9513,36.8118],[2.9511,36.8118],[2.9511,36.8117],[2.9512,36.8117],[2.9512,36.8116],[2.9512,36.8115],[2.9511,36.8114],[2.951,36.8114],[2.951,36.8113],[2.9508,36.8108],[2.9506,36.8106],[2.9506,36.8106],[2.9503,36.8105],[2.9499,36.8102],[2.9495,36.8101],[2.9493,36.8101],[2.9491,36.8101],[2.949,36.81],[2.9487,36.8101],[2.9485,36.8103],[2.9484,36.8105],[2.9483,36.8105],[2.9481,36.8104],[2.9479,36.8104],[2.9478,36.8103],[2.9475,36.8103],[2.9474,36.8102],[2.9473,36.8102],[2.9474,36.8101],[2.9474,36.81],[2.9472,36.8099],[2.9472,36.8098],[2.9471,36.8098],[2.9469,36.8098],[2.9467,36.8098],[2.9466,36.8097],[2.9466,36.8096],[2.9466,36.8095],[2.9466,36.8094],[2.9465,36.8093],[2.9465,36.8091],[2.9465,36.8088],[2.9462,36.8087],[2.9458,36.8085],[2.9453,36.8083],[2.9448,36.8082],[2.9447,36.8082],[2.9436,36.8088],[2.943,36.8085],[2.9422,36.8085],[2.9416,36.8082],[2.941,36.8076],[2.9398,36.8078],[2.939,36.8074],[2.9378,36.8071],[2.9375,36.8072],[2.9371,36.8074],[2.9356,36.8073],[2.9354,36.807],[2.9357,36.8068],[2.9352,36.8063],[2.9349,36.8062],[2.9344,36.8066],[2.9336,36.8064],[2.9325,36.8063],[2.9322,36.8057],[2.9305,36.8056],[2.9299,36.8059],[2.9291,36.8055],[2.9271,36.8053],[2.9265,36.8049],[2.926,36.805],[2.9245,36.8048],[2.9236,36.8049],[2.9231,36.8051],[2.9227,36.8047],[2.9222,36.8047],[2.9215,36.805],[2.9208,36.8049],[2.9195,36.8047],[2.9176,36.8044],[2.9173,36.8046],[2.9174,36.8049],[2.9172,36.805],[2.9156,36.8049],[2.9136,36.8049],[2.9116,36.8049],[2.9109,36.8048],[2.9098,36.8053],[2.9082,36.8058],[2.9072,36.8055],[2.9064,36.8057],[2.9046,36.8059],[2.9043,36.806],[2.9042,36.8064],[2.9036,36.8064],[2.9033,36.8056],[2.9026,36.8057],[2.9026,36.8059],[2.9024,36.8059],[2.9016,36.8054],[2.9009,36.8054],[2.9004,36.8051],[2.8994,36.8046],[2.8987,36.8044],[2.8977,36.8046],[2.8972,36.8041],[2.8965,36.8044],[2.8949,36.8049],[2.8944,36.8048],[2.8942,36.8039],[2.8951,36.8033],[2.8958,36.8028],[2.8962,36.8026],[2.8973,36.802],[2.8972,36.7991],[2.8972,36.7991],[2.8973,36.7991],[2.8974,36.7991],[2.8975,36.7994],[2.8975,36.8006],[2.8976,36.8014],[2.8976,36.8016],[2.8976,36.8018],[2.8976,36.8019],[2.8973,36.8025],[2.898,36.8028],[2.8986,36.8023],[2.8985,36.8022],[2.8989,36.8018],[2.8991,36.8015],[2.8993,36.8003],[2.8989,36.8002],[2.8982,36.7998],[2.8999,36.7998],[2.9005,36.7993],[2.9007,36.7987],[2.9003,36.7979],[2.8991,36.7978],[2.8991,36.7976],[2.9002,36.7976],[2.9003,36.7971],[2.8998,36.7961],[2.899,36.7957],[2.899,36.7945],[2.8983,36.794],[2.8994,36.7924],[2.8992,36.7915],[2.8994,36.7908],[2.8989,36.7906],[2.8987,36.7905],[2.8982,36.7898],[2.8982,36.7893],[2.8984,36.789],[2.8984,36.7889],[2.8984,36.7889],[2.8977,36.7884],[2.8972,36.788],[2.8973,36.7875],[2.8972,36.7871],[2.897,36.7866],[2.8963,36.786],[2.8952,36.7861],[2.8949,36.7856],[2.8949,36.7849],[2.8943,36.7828],[2.8938,36.7819],[2.8935,36.7816],[2.8935,36.7814],[2.8934,36.7814],[2.8934,36.7813],[2.8933,36.7813],[2.8932,36.7811],[2.892,36.7798],[2.8917,36.7797],[2.8915,36.7795],[2.8911,36.7793],[2.8907,36.7791],[2.8905,36.7789],[2.8904,36.7788],[2.8901,36.7787],[2.8899,36.7787],[2.8898,36.7785],[2.8894,36.7784],[2.8893,36.7783],[2.8889,36.7779],[2.8885,36.7778],[2.8884,36.7775],[2.8883,36.7772],[2.8881,36.7769],[2.8877,36.7767],[2.8874,36.7762],[2.8868,36.7759],[2.8863,36.775],[2.8856,36.7747],[2.8851,36.7743],[2.8848,36.7742],[2.8845,36.7734],[2.8831,36.7721],[2.8826,36.7715],[2.8816,36.7706],[2.8813,36.7704],[2.8808,36.77],[2.8804,36.7697],[2.8785,36.7684],[2.8779,36.7681],[2.8765,36.7673],[2.8755,36.7667],[2.8744,36.7659],[2.8734,36.7655],[2.8717,36.7647],[2.8709,36.7641],[2.8701,36.7636],[2.8695,36.7632],[2.8685,36.7629],[2.8676,36.7625],[2.866,36.762],[2.8651,36.7617],[2.8646,36.7617],[2.8642,36.7616],[2.8638,36.7615],[2.8627,36.7613],[2.8622,36.7612],[2.862,36.7612],[2.8614,36.7611],[2.8603,36.7608],[2.8595,36.7606],[2.8588,36.7602],[2.8582,36.76],[2.8575,36.76],[2.8571,36.7601],[2.8566,36.7602],[2.8564,36.7608],[2.8564,36.7609],[2.8569,36.761],[2.8569,36.7611],[2.8556,36.761],[2.8556,36.7608],[2.8562,36.7609],[2.8563,36.7608],[2.8563,36.7607],[2.8565,36.7601],[2.8562,36.7598],[2.8556,36.7595],[2.8551,36.7595],[2.8548,36.7595],[2.8544,36.7596],[2.854,36.7598],[2.8538,36.76],[2.8538,36.7604],[2.8538,36.7605],[2.8545,36.7606],[2.8545,36.7608],[2.853,36.7605],[2.8531,36.7604],[2.8536,36.7604],[2.8537,36.7603],[2.8537,36.7602],[2.8537,36.7598],[2.8535,36.7596],[2.853,36.7594],[2.8527,36.7594],[2.8524,36.7594],[2.852,36.7595],[2.8516,36.7597],[2.8515,36.7599],[2.8514,36.7602],[2.8514,36.7605],[2.8516,36.7607],[2.8516,36.7608],[2.8521,36.7605],[2.8523,36.7606],[2.8516,36.761],[2.8508,36.7601],[2.8503,36.7603],[2.8498,36.7605],[2.8492,36.7608],[2.8487,36.7611],[2.8484,36.7615],[2.8481,36.7618],[2.8479,36.7622],[2.8479,36.7624],[2.848,36.7627],[2.8484,36.7627],[2.8489,36.7633],[2.8487,36.7634],[2.8483,36.7628],[2.8467,36.7626],[2.8466,36.7635],[2.848,36.7636],[2.848,36.7637],[2.8469,36.7636],[2.8468,36.7637],[2.8462,36.7636],[2.8461,36.7638],[2.8473,36.7644],[2.8471,36.7646],[2.8472,36.7646],[2.8473,36.7645],[2.8477,36.7639],[2.8478,36.764],[2.8473,36.7646],[2.8476,36.7647],[2.8483,36.7639],[2.8483,36.7638],[2.8483,36.7638],[2.8486,36.7639],[2.8485,36.764],[2.8483,36.7639],[2.8478,36.7646],[2.8484,36.7649],[2.8491,36.7638],[2.849,36.7636],[2.849,36.7636],[2.8492,36.7637],[2.8497,36.7634],[2.8499,36.7635],[2.8499,36.7636],[2.8494,36.7639],[2.8493,36.764],[2.8487,36.7648],[2.8486,36.7651],[2.8477,36.7654],[2.8477,36.7654],[2.8475,36.7654],[2.8475,36.7653],[2.8474,36.7652],[2.8471,36.7653],[2.8468,36.7653],[2.8465,36.7652],[2.8465,36.7652],[2.8463,36.7651],[2.846,36.7653],[2.8456,36.7652],[2.8452,36.7652],[2.8448,36.7653],[2.8444,36.7652],[2.8438,36.765],[2.8435,36.7648],[2.8433,36.7649],[2.8428,36.7647],[2.8423,36.7646],[2.842,36.7645],[2.8415,36.7644],[2.8413,36.7642],[2.8413,36.764],[2.8412,36.7639],[2.8411,36.7639],[2.841,36.7639],[2.841,36.7638],[2.8408,36.7634],[2.8402,36.7633],[2.84,36.7633],[2.8399,36.7634],[2.8396,36.7634],[2.8396,36.7631],[2.839,36.7631],[2.8387,36.7629],[2.8385,36.7627],[2.838,36.7624],[2.8378,36.7623],[2.8376,36.7619],[2.8378,36.7618],[2.8379,36.7619],[2.838,36.762],[2.8381,36.7622],[2.8382,36.7622],[2.8383,36.7623],[2.8384,36.7624],[2.8384,36.7624],[2.8384,36.7625],[2.8385,36.7624],[2.8386,36.7625],[2.8387,36.7626],[2.8388,36.7627],[2.8388,36.7628],[2.839,36.7629],[2.8394,36.7629],[2.8393,36.7628],[2.8393,36.7626],[2.8392,36.7624],[2.839,36.7624],[2.8389,36.7622],[2.8388,36.7623],[2.8387,36.7623],[2.8387,36.7622],[2.8386,36.7622],[2.8385,36.7622],[2.8384,36.7621],[2.8383,36.7619],[2.8384,36.7617],[2.8385,36.7617],[2.8384,36.7616],[2.8384,36.7615],[2.8384,36.7612],[2.8388,36.7613],[2.839,36.7614],[2.8392,36.7613],[2.8394,36.7612],[2.8396,36.7612],[2.8396,36.7613],[2.8401,36.7615],[2.8404,36.7614],[2.8408,36.7611],[2.8412,36.7607],[2.8413,36.7603],[2.8413,36.76],[2.8406,36.7598],[2.8407,36.7596],[2.8417,36.7599],[2.8419,36.7596],[2.842,36.7596],[2.8423,36.7595],[2.8437,36.7576],[2.8442,36.7574],[2.8451,36.7559],[2.8457,36.7537],[2.8458,36.7521],[2.8458,36.752],[2.8458,36.7517],[2.846,36.7516],[2.8458,36.7503],[2.8456,36.7502],[2.8458,36.7501],[2.846,36.7487],[2.8439,36.7484],[2.8439,36.749],[2.8436,36.7489],[2.8437,36.7484],[2.8438,36.7481],[2.8455,36.7479],[2.8455,36.7468],[2.8453,36.7466],[2.8453,36.7466],[2.8453,36.7466],[2.8454,36.7465],[2.8455,36.7463],[2.8455,36.7458],[2.8451,36.7449],[2.8446,36.7434],[2.8442,36.7423],[2.8439,36.7413],[2.8434,36.7402],[2.8431,36.7396],[2.8428,36.7388],[2.8417,36.7374],[2.8412,36.7365],[2.8411,36.7358],[2.8408,36.7356],[2.8405,36.735],[2.8402,36.7346],[2.8399,36.7342],[2.8398,36.734],[2.8392,36.7331],[2.8387,36.7323],[2.8379,36.7313],[2.8372,36.7303],[2.837,36.7301],[2.8367,36.7298],[2.8365,36.7297],[2.8364,36.7297],[2.836,36.7298],[2.8353,36.7301],[2.8352,36.7301],[2.8352,36.7301],[2.8352,36.73],[2.8359,36.7297],[2.8361,36.7296],[2.8361,36.7296],[2.8361,36.7295],[2.8361,36.7294],[2.8361,36.7293],[2.836,36.7292],[2.8359,36.7291],[2.8359,36.729],[2.8357,36.7289],[2.8355,36.7288],[2.8354,36.7288],[2.8352,36.7288],[2.8351,36.7288],[2.835,36.7288],[2.8349,36.7289],[2.8348,36.7289],[2.8349,36.7291],[2.835,36.7291],[2.835,36.7292],[2.8349,36.7292],[2.8348,36.7292],[2.8342,36.7284],[2.8342,36.7283],[2.8343,36.7283],[2.8344,36.7284],[2.8344,36.7285],[2.8346,36.7286],[2.8347,36.7285],[2.8347,36.7285],[2.8348,36.7285],[2.835,36.7283],[2.835,36.7281],[2.8351,36.7279],[2.8351,36.7278],[2.835,36.7276],[2.8349,36.7275],[2.8347,36.7274],[2.8345,36.7273],[2.8342,36.7272],[2.834,36.7272],[2.8338,36.7273],[2.8337,36.7273],[2.8336,36.7274],[2.8336,36.7274],[2.8337,36.7276],[2.8338,36.7277],[2.8338,36.7277],[2.8338,36.7278],[2.8338,36.7278],[2.8337,36.7278],[2.8336,36.7278],[2.833,36.727],[2.833,36.7269],[2.833,36.7269],[2.8331,36.7268],[2.8331,36.7268],[2.8331,36.7268],[2.8332,36.7268],[2.8332,36.7269],[2.8332,36.727],[2.8333,36.727],[2.8333,36.727],[2.8333,36.7271],[2.8333,36.7271],[2.8334,36.727],[2.8335,36.727],[2.8336,36.7269],[2.8337,36.7268],[2.8337,36.7268],[2.8338,36.7266],[2.8338,36.7265],[2.8337,36.7264],[2.8337,36.7262],[2.8337,36.7262],[2.8336,36.7261],[2.8333,36.726],[2.8331,36.7259],[2.8329,36.7259],[2.8327,36.7259],[2.8325,36.726],[2.8326,36.7262],[2.8327,36.7263],[2.8327,36.7263],[2.8326,36.7263],[2.8326,36.7264],[2.8325,36.7263],[2.8318,36.7256],[2.8318,36.7255],[2.8318,36.7255],[2.8318,36.7254],[2.8319,36.7254],[2.832,36.7254],[2.832,36.7254],[2.8321,36.7255],[2.8322,36.7257],[2.8325,36.7256],[2.8327,36.7254],[2.8328,36.7252],[2.8327,36.7248],[2.8327,36.7246],[2.8325,36.7243],[2.8319,36.7237],[2.8312,36.723],[2.8308,36.7226],[2.8303,36.7221],[2.8299,36.7216],[2.8295,36.7211],[2.829,36.7207],[2.8285,36.7201],[2.8279,36.7194],[2.8274,36.7189],[2.8268,36.7185],[2.8262,36.7178],[2.8258,36.7175],[2.825,36.7165],[2.8245,36.7161],[2.8238,36.7155],[2.8234,36.7151],[2.8229,36.7145],[2.822,36.7136],[2.8211,36.7128],[2.8202,36.7121],[2.8191,36.7111],[2.8183,36.7104],[2.8175,36.7098],[2.8165,36.709],[2.816,36.7086],[2.8155,36.7082],[2.8151,36.7078],[2.8147,36.7074],[2.8142,36.707],[2.8134,36.7064],[2.8127,36.706],[2.8121,36.7054],[2.8113,36.7049],[2.8108,36.7045],[2.8086,36.7025],[2.8081,36.7022],[2.8069,36.7013],[2.8056,36.7004],[2.8044,36.6994],[2.8033,36.6987],[2.8028,36.6983],[2.802,36.6976],[2.7995,36.696],[2.7964,36.6942],[2.7957,36.6936],[2.7952,36.6931],[2.794,36.6923],[2.7933,36.6918],[2.7886,36.6891],[2.7871,36.6884],[2.7852,36.6874],[2.7835,36.6865],[2.7828,36.6861],[2.7822,36.6859],[2.78,36.6848],[2.7772,36.6835],[2.7769,36.6834],[2.7765,36.6832],[2.7761,36.6831],[2.7758,36.683],[2.7758,36.683],[2.7755,36.6829],[2.7746,36.6828],[2.7738,36.6826],[2.7733,36.6826],[2.7729,36.6825],[2.7728,36.6825],[2.7722,36.6833],[2.7721,36.6833],[2.772,36.6833],[2.7726,36.6826],[2.7726,36.6825],[2.7723,36.6824],[2.7718,36.6825],[2.7715,36.6824],[2.7712,36.6824],[2.7708,36.6822],[2.7704,36.682],[2.77,36.6818],[2.7697,36.6817],[2.7694,36.6817],[2.7692,36.6814],[2.769,36.6811],[2.7689,36.681],[2.7686,36.681],[2.7683,36.6811],[2.7679,36.6813],[2.7676,36.6813],[2.7675,36.6813],[2.7672,36.6814],[2.7671,36.6814],[2.7668,36.6816],[2.7664,36.6815],[2.7662,36.6814],[2.7659,36.6812],[2.7658,36.6811],[2.7652,36.6809],[2.7648,36.6808],[2.7646,36.6806],[2.7641,36.6806],[2.7639,36.6807],[2.7637,36.6807],[2.7635,36.6806],[2.7634,36.6805],[2.7633,36.6804],[2.7632,36.6803],[2.763,36.6802],[2.7627,36.68],[2.7626,36.6799],[2.7625,36.6799],[2.7625,36.6798],[2.7625,36.6797],[2.7624,36.6796],[2.7621,36.6795],[2.7619,36.6792],[2.7618,36.679],[2.7616,36.6789],[2.7613,36.6788],[2.7611,36.6788],[2.7609,36.6789],[2.7607,36.6791],[2.7607,36.679],[2.7603,36.6791],[2.7602,36.6791],[2.7599,36.6791],[2.7598,36.6791],[2.7597,36.6791],[2.7596,36.6792],[2.7595,36.679],[2.7593,36.679],[2.7591,36.6788],[2.7592,36.6788],[2.7591,36.6786],[2.759,36.6782],[2.7589,36.678],[2.7588,36.6779],[2.7586,36.6776],[2.7582,36.6775],[2.758,36.6773],[2.7578,36.6772],[2.7575,36.6773],[2.7572,36.6774],[2.7569,36.6773],[2.7567,36.6771],[2.7564,36.677],[2.7552,36.6765],[2.7545,36.6763],[2.754,36.676],[2.7539,36.676],[2.7538,36.6759],[2.7534,36.6757],[2.7531,36.6756],[2.7528,36.6757],[2.7527,36.6758],[2.7526,36.6758],[2.7525,36.6757],[2.7526,36.6756],[2.7524,36.6754],[2.7522,36.6754],[2.7521,36.6755],[2.7521,36.6757],[2.752,36.6757],[2.7519,36.6756],[2.7518,36.6757],[2.7517,36.6757],[2.7513,36.6758],[2.7508,36.676],[2.7506,36.676],[2.7506,36.6757],[2.7505,36.6757],[2.7501,36.676],[2.7498,36.6761],[2.7495,36.676],[2.7492,36.6761],[2.749,36.6759],[2.7489,36.6759],[2.7487,36.6761],[2.7486,36.6761],[2.7483,36.6759],[2.7479,36.676],[2.7479,36.6759],[2.7476,36.6759],[2.7475,36.6757],[2.7473,36.6757],[2.747,36.6757],[2.7469,36.6756],[2.7469,36.6757],[2.7467,36.6758],[2.7466,36.6757],[2.7465,36.6757],[2.7465,36.6756],[2.7466,36.6756],[2.7467,36.6755],[2.7467,36.6755],[2.7468,36.6754],[2.7467,36.6754],[2.7466,36.6754],[2.7465,36.6753],[2.7465,36.6753],[2.7465,36.6752],[2.7462,36.6751],[2.7462,36.6751],[2.7461,36.6751],[2.746,36.6751],[2.746,36.675],[2.7459,36.6749],[2.7458,36.6749],[2.7458,36.6749],[2.7458,36.6748],[2.7457,36.6748],[2.7456,36.6747],[2.7456,36.6747],[2.7456,36.6747],[2.7453,36.6746],[2.7453,36.6746],[2.7453,36.6745],[2.7453,36.6744],[2.7453,36.6744],[2.7452,36.6744],[2.7451,36.6744],[2.745,36.6745],[2.7448,36.6746],[2.7447,36.6746],[2.7446,36.6745],[2.7445,36.6744],[2.7445,36.6744],[2.7444,36.6743],[2.7442,36.6742],[2.7441,36.6741],[2.7441,36.6741],[2.7436,36.6738],[2.7434,36.6737],[2.7434,36.6737],[2.7432,36.6736],[2.7431,36.6735],[2.743,36.6735],[2.743,36.6734],[2.7428,36.6734],[2.7428,36.6734],[2.7427,36.6734],[2.7426,36.6734],[2.7426,36.6733],[2.7424,36.6733],[2.7424,36.6733],[2.7423,36.6733],[2.7422,36.6733],[2.7421,36.6733],[2.7421,36.6733],[2.742,36.6733],[2.7419,36.6732],[2.7419,36.6732],[2.7418,36.6731],[2.7417,36.673],[2.7417,36.6729],[2.7417,36.6727],[2.7416,36.6727],[2.7416,36.6726],[2.7415,36.6726],[2.7414,36.6726],[2.7414,36.6726],[2.7413,36.6725],[2.7412,36.6725],[2.741,36.6725],[2.7409,36.6726],[2.7408,36.6726],[2.7407,36.6725],[2.7406,36.6724],[2.7406,36.6724],[2.7405,36.6724],[2.7404,36.6724],[2.7403,36.6724],[2.7402,36.6723],[2.7401,36.6723],[2.74,36.6722],[2.7399,36.6722],[2.7399,36.6722],[2.7398,36.6721],[2.7397,36.6721],[2.7397,36.6721],[2.7397,36.672],[2.7396,36.6719],[2.7395,36.6719],[2.7394,36.6719],[2.7394,36.6719],[2.7394,36.6718],[2.7393,36.6717],[2.7392,36.6717],[2.7391,36.6716],[2.739,36.6716],[2.7389,36.6717],[2.7388,36.6717],[2.7386,36.6717],[2.7385,36.6717],[2.7385,36.6716],[2.7383,36.6716],[2.738,36.6716],[2.7378,36.6716],[2.7376,36.6716],[2.7376,36.6716],[2.7374,36.6717],[2.7372,36.6717],[2.7371,36.6716],[2.737,36.6715],[2.7369,36.6714],[2.7368,36.6713],[2.7367,36.6713],[2.7366,36.6713],[2.7365,36.6713],[2.7364,36.6713],[2.7363,36.6713],[2.7361,36.6712],[2.7359,36.6712],[2.7357,36.6711],[2.7356,36.6711],[2.7351,36.6709],[2.7348,36.6708],[2.7345,36.6706],[2.7336,36.6701],[2.7334,36.67],[2.7332,36.67],[2.733,36.6699],[2.7328,36.6699],[2.7327,36.67],[2.7326,36.6699],[2.7325,36.6699],[2.7324,36.67],[2.7324,36.6699],[2.7322,36.6699],[2.7321,36.6698],[2.7319,36.6699],[2.7318,36.6698],[2.7316,36.6697],[2.7315,36.6696],[2.7315,36.6695],[2.7314,36.6694],[2.7314,36.6693],[2.7309,36.6688],[2.7305,36.6683],[2.7299,36.6678],[2.7296,36.6676],[2.7294,36.6676],[2.7292,36.6674],[2.729,36.6673],[2.7283,36.6672],[2.728,36.667],[2.7277,36.667],[2.7276,36.667],[2.7274,36.6667],[2.7271,36.6665],[2.7269,36.6663],[2.7268,36.6662],[2.7266,36.6662],[2.7266,36.6662],[2.7266,36.6662],[2.7263,36.6661],[2.7262,36.6661],[2.7262,36.6659],[2.7257,36.6658],[2.7254,36.6655],[2.7253,36.6655],[2.7246,36.6652],[2.7245,36.6653],[2.7243,36.6651],[2.7241,36.665],[2.724,36.6649],[2.7237,36.6646],[2.7236,36.6645],[2.7235,36.6645],[2.7234,36.6646],[2.7233,36.6646],[2.723,36.6645],[2.7227,36.6644],[2.7226,36.6644],[2.7225,36.6645],[2.7221,36.6643],[2.7219,36.6642],[2.7215,36.6641],[2.7211,36.664],[2.721,36.6639],[2.7209,36.6639],[2.7209,36.6638],[2.7209,36.6638],[2.7207,36.6636],[2.7205,36.6636],[2.7205,36.6636],[2.7203,36.6636],[2.7201,36.6636],[2.72,36.6636],[2.7199,36.6636],[2.7199,36.6635],[2.7197,36.6634],[2.7196,36.6634],[2.7195,36.6634],[2.7194,36.6635],[2.7193,36.6635],[2.7191,36.6635],[2.7191,36.6634],[2.7189,36.6633],[2.7188,36.6632],[2.7187,36.6631],[2.7185,36.6631],[2.7184,36.6631],[2.7183,36.663],[2.7183,36.663],[2.7182,36.6629],[2.7181,36.6629],[2.7178,36.6629],[2.7176,36.6628],[2.7175,36.6627],[2.7174,36.6627],[2.7174,36.6625],[2.7173,36.6625],[2.7172,36.6624],[2.717,36.6623],[2.7168,36.6622],[2.7166,36.6622],[2.7165,36.6622],[2.7163,36.6621],[2.7161,36.662],[2.7158,36.662],[2.7156,36.6618],[2.7155,36.6618],[2.7154,36.6618],[2.7153,36.6617],[2.7152,36.6616],[2.7154,36.6613],[2.7153,36.6612],[2.7152,36.6611],[2.7151,36.6609],[2.7146,36.6607],[2.7143,36.6607],[2.7141,36.6607],[2.7139,36.6605],[2.7137,36.6605],[2.7135,36.6604],[2.7134,36.6602],[2.7133,36.6601],[2.713,36.6599],[2.7129,36.6598],[2.7127,36.6596],[2.7125,36.6595],[2.7124,36.6594],[2.7122,36.6593],[2.712,36.6592],[2.7119,36.6592],[2.7118,36.6591],[2.7115,36.659],[2.7113,36.659],[2.7111,36.659],[2.7109,36.659],[2.7108,36.659],[2.7108,36.659],[2.7106,36.6589],[2.7106,36.6589],[2.7105,36.6588],[2.7105,36.6587],[2.7103,36.6586],[2.7102,36.6586],[2.71,36.6586],[2.7099,36.6586],[2.7099,36.6587],[2.7099,36.6588],[2.7098,36.6588],[2.7098,36.6587],[2.7098,36.6587],[2.7098,36.6586],[2.7097,36.6586],[2.7097,36.6586],[2.7097,36.6587],[2.7094,36.6588],[2.7094,36.6587],[2.7092,36.6586],[2.7091,36.6586],[2.7089,36.6586],[2.7088,36.6586],[2.7084,36.6584],[2.708,36.6583],[2.7079,36.6582],[2.708,36.6582],[2.708,36.6581],[2.708,36.6581],[2.708,36.658],[2.7076,36.6578],[2.7075,36.6577],[2.7074,36.6575],[2.7072,36.6574],[2.707,36.6573],[2.7068,36.6572],[2.7068,36.6571],[2.7067,36.6571],[2.7065,36.657],[2.7064,36.6568],[2.7061,36.6567],[2.706,36.6567],[2.7057,36.6566],[2.7056,36.6564],[2.7055,36.6563],[2.7053,36.6562],[2.705,36.656],[2.7047,36.6557],[2.7046,36.6555],[2.7044,36.6554],[2.7033,36.6547],[2.7017,36.6537],[2.7005,36.6533],[2.7001,36.6532],[2.6999,36.653],[2.6995,36.6525],[2.6992,36.6522],[2.699,36.6521],[2.6985,36.652],[2.698,36.6519],[2.6975,36.6518],[2.6971,36.6518],[2.6967,36.6517],[2.6966,36.6517],[2.6965,36.6517],[2.6963,36.6517],[2.6959,36.6515],[2.6957,36.6514],[2.6955,36.6512],[2.6952,36.6509],[2.6952,36.6509],[2.695,36.6507],[2.6949,36.6506],[2.6947,36.6506],[2.6945,36.6505],[2.6943,36.6505],[2.6937,36.6505],[2.6935,36.6511],[2.6933,36.6512],[2.6933,36.6511],[2.6933,36.6511],[2.6935,36.6505],[2.6935,36.6505],[2.6933,36.6504],[2.6931,36.6504],[2.6929,36.6503],[2.6899,36.6487],[2.6894,36.6494],[2.6898,36.6496],[2.6899,36.6497],[2.6897,36.6497],[2.6887,36.6492],[2.6887,36.6492],[2.6888,36.6491],[2.689,36.6492],[2.6892,36.6494],[2.6898,36.6487],[2.6897,36.6486],[2.6887,36.648],[2.6879,36.6475],[2.6878,36.6476],[2.6872,36.6483],[2.6876,36.6486],[2.6877,36.6487],[2.6876,36.6487],[2.6866,36.6482],[2.6865,36.6481],[2.6866,36.648],[2.6867,36.6481],[2.687,36.6483],[2.6877,36.6475],[2.6878,36.6474],[2.6871,36.6471],[2.6864,36.6468],[2.6858,36.6466],[2.6858,36.6466],[2.6856,36.6466],[2.685,36.6475],[2.6855,36.6477],[2.6854,36.6478],[2.6845,36.6474],[2.6845,36.6473],[2.6849,36.6475],[2.6855,36.6466],[2.6848,36.6463],[2.6844,36.646],[2.6844,36.646],[2.6843,36.646],[2.6836,36.6461],[2.6836,36.6461],[2.6842,36.646],[2.6842,36.6459],[2.6841,36.6456],[2.6832,36.645],[2.6827,36.6446],[2.6822,36.644],[2.6819,36.6435],[2.6818,36.6432],[2.6817,36.6431],[2.6811,36.6427],[2.6805,36.6424],[2.6798,36.6421],[2.6792,36.6418],[2.6788,36.6417],[2.6784,36.6417],[2.6782,36.6418],[2.678,36.6418],[2.6779,36.6416],[2.6776,36.6415],[2.6771,36.6413],[2.6767,36.6411],[2.6765,36.641],[2.6761,36.6408],[2.6759,36.6407],[2.6756,36.6406],[2.6752,36.6404],[2.6752,36.6403],[2.6747,36.6401],[2.6747,36.64],[2.6744,36.6398],[2.6739,36.6395],[2.6737,36.6392],[2.6734,36.6389],[2.6732,36.6388],[2.673,36.6388],[2.6729,36.6387],[2.6725,36.6385],[2.6723,36.6386],[2.6721,36.6386],[2.6721,36.6386],[2.6717,36.6389],[2.6715,36.6389],[2.6705,36.6387],[2.6705,36.6386],[2.6705,36.6385],[2.6706,36.6384],[2.6708,36.6385],[2.6708,36.6386],[2.6716,36.6387],[2.6717,36.6387],[2.6719,36.6386],[2.6716,36.6384],[2.6717,36.6383],[2.6717,36.6382],[2.6719,36.6384],[2.6719,36.6385],[2.6719,36.6385],[2.6722,36.6383],[2.6724,36.6382],[2.6724,36.6381],[2.6723,36.6379],[2.6722,36.6378],[2.6718,36.6375],[2.6717,36.6374],[2.6716,36.6374],[2.6714,36.6375],[2.6713,36.6375],[2.6712,36.6377],[2.6711,36.6379],[2.6711,36.6379],[2.6711,36.638],[2.6713,36.6383],[2.6713,36.6383],[2.6713,36.6383],[2.6712,36.6383],[2.6712,36.6383],[2.671,36.6381],[2.671,36.6379],[2.6711,36.6378],[2.6711,36.6377],[2.6713,36.6372],[2.6709,36.6369],[2.6707,36.6364],[2.6708,36.636],[2.6705,36.6357],[2.6698,36.6351],[2.6693,36.6346],[2.6692,36.6344],[2.6691,36.6344],[2.669,36.6343],[2.669,36.6341],[2.6689,36.634],[2.6689,36.6338],[2.669,36.6339],[2.6691,36.6338],[2.6692,36.6337],[2.6693,36.6336],[2.6692,36.6335],[2.6691,36.6333],[2.669,36.6333],[2.6688,36.6333],[2.6686,36.6333],[2.6685,36.6332],[2.6684,36.6331],[2.6684,36.6329],[2.6683,36.6327],[2.6682,36.6327],[2.6681,36.6327],[2.6677,36.6326],[2.6675,36.6325],[2.6674,36.6325],[2.6673,36.6324],[2.667,36.6323],[2.667,36.6322],[2.6669,36.6323],[2.6668,36.6322],[2.6667,36.6321],[2.6665,36.6321],[2.6665,36.6318],[2.6666,36.6318],[2.6667,36.6318],[2.6667,36.6315],[2.6664,36.6315],[2.6663,36.6315],[2.6664,36.6313],[2.6664,36.6312],[2.6663,36.6311],[2.6661,36.6309],[2.666,36.6309],[2.6659,36.6308],[2.6657,36.6306],[2.6654,36.6304],[2.6651,36.6302],[2.6646,36.6301],[2.6641,36.63],[2.6638,36.63],[2.6637,36.6299],[2.6635,36.6299],[2.6634,36.63],[2.6632,36.63],[2.6631,36.6298],[2.6628,36.6299],[2.6625,36.6299],[2.6623,36.6297],[2.6623,36.6295],[2.6622,36.6296],[2.6621,36.6295],[2.662,36.6294],[2.6619,36.6293],[2.6617,36.6294],[2.6617,36.6296],[2.6616,36.6295],[2.6614,36.6294],[2.6614,36.6293],[2.6615,36.6291],[2.6614,36.629],[2.6609,36.6286],[2.6607,36.6287],[2.6607,36.6285],[2.6603,36.6283],[2.6601,36.6282],[2.6599,36.628],[2.6599,36.6279],[2.6599,36.6278],[2.6597,36.6276],[2.6595,36.6276],[2.6595,36.6275],[2.6596,36.6275],[2.6596,36.6273],[2.6595,36.6271],[2.6593,36.6269],[2.659,36.6268],[2.6587,36.6267],[2.6585,36.6267],[2.6584,36.627],[2.6581,36.6274],[2.6579,36.6277],[2.6578,36.6277],[2.6575,36.628],[2.6573,36.6281],[2.6571,36.6281],[2.6569,36.628],[2.6554,36.627],[2.6552,36.6269],[2.6553,36.6268],[2.6554,36.6269],[2.6557,36.627],[2.656,36.6269],[2.6561,36.6269],[2.656,36.6272],[2.657,36.6278],[2.6571,36.6278],[2.6573,36.6278],[2.6574,36.6278],[2.6577,36.6275],[2.6577,36.6274],[2.6575,36.6273],[2.6576,36.6269],[2.6572,36.6264],[2.6566,36.6267],[2.6565,36.6267],[2.6563,36.6265],[2.6563,36.6264],[2.6565,36.6261],[2.6556,36.6256],[2.6553,36.6257],[2.6548,36.6259],[2.655,36.626],[2.655,36.6261],[2.6547,36.6259],[2.6546,36.626],[2.655,36.6262],[2.6548,36.6264],[2.6547,36.6263],[2.6545,36.6266],[2.6548,36.6273],[2.6549,36.6275],[2.6551,36.6277],[2.6552,36.6278],[2.6554,36.6278],[2.6554,36.6279],[2.6553,36.628],[2.6552,36.628],[2.6552,36.628],[2.6549,36.6278],[2.6548,36.6276],[2.6546,36.6274],[2.6544,36.6267],[2.6544,36.6265],[2.6542,36.6262],[2.6535,36.6255],[2.6531,36.625],[2.6529,36.6248],[2.6528,36.6246],[2.6526,36.6238],[2.6525,36.6235],[2.6525,36.6234],[2.6525,36.6232],[2.6525,36.6229],[2.6523,36.6226],[2.652,36.6225],[2.6515,36.6223],[2.6513,36.6223],[2.6511,36.6222],[2.6508,36.6223],[2.6505,36.6221],[2.6504,36.6221],[2.6502,36.6221],[2.6501,36.6221],[2.6501,36.6221],[2.6502,36.622],[2.6499,36.6218],[2.6496,36.6218],[2.6494,36.6217],[2.6493,36.6217],[2.6493,36.6217],[2.6492,36.6216],[2.6491,36.6216],[2.649,36.6217],[2.649,36.6216],[2.6489,36.6214],[2.6487,36.6212],[2.6486,36.6211],[2.6487,36.6209],[2.6488,36.6209],[2.6491,36.6207],[2.6492,36.6206],[2.6492,36.6203],[2.6491,36.6202],[2.6487,36.62],[2.6486,36.6198],[2.6484,36.6197],[2.6483,36.6195],[2.6478,36.6193],[2.6476,36.6192],[2.6473,36.619],[2.6472,36.6189],[2.6469,36.6187],[2.6467,36.6187],[2.6464,36.6188],[2.6462,36.6187],[2.6454,36.6185],[2.6451,36.6185],[2.6451,36.6184],[2.6448,36.6183],[2.6445,36.6184],[2.6441,36.6184],[2.6437,36.6184],[2.6435,36.6185],[2.643,36.6183],[2.6426,36.6184],[2.6425,36.6185],[2.6423,36.6186],[2.6421,36.6186],[2.6419,36.6187],[2.6418,36.6186],[2.6416,36.6186],[2.6414,36.6185],[2.6414,36.6183],[2.6412,36.618],[2.641,36.6179],[2.6411,36.6179],[2.6411,36.6178],[2.6415,36.6177],[2.6415,36.6177],[2.6414,36.6175],[2.6413,36.6173],[2.641,36.6172],[2.6408,36.6172],[2.6409,36.6174],[2.6407,36.6176],[2.6407,36.6177],[2.6407,36.6177],[2.6405,36.6178],[2.6406,36.6179],[2.6405,36.618],[2.6401,36.618],[2.6397,36.618],[2.6395,36.6179],[2.6394,36.6177],[2.6392,36.6177],[2.6389,36.6175],[2.6383,36.6174],[2.6378,36.6172],[2.6376,36.6171],[2.6375,36.617],[2.6372,36.6168],[2.6371,36.6166],[2.6372,36.6164],[2.6372,36.6162],[2.6373,36.6161],[2.6374,36.6161],[2.6375,36.6159],[2.6375,36.6158],[2.6372,36.6156],[2.6372,36.6154],[2.6371,36.6153],[2.6369,36.6153],[2.6368,36.6154],[2.6365,36.6154],[2.6365,36.6152],[2.6364,36.6151],[2.6362,36.6151],[2.6361,36.6154],[2.6359,36.6154],[2.6355,36.615],[2.635,36.6145],[2.6347,36.6144],[2.6345,36.6145],[2.6344,36.6144],[2.6336,36.6143],[2.6335,36.6143],[2.6334,36.6143],[2.6331,36.6143],[2.6329,36.6142],[2.6327,36.6142],[2.6327,36.6143],[2.6325,36.6142],[2.6322,36.6142],[2.6319,36.6142],[2.6317,36.6141],[2.6316,36.614],[2.6312,36.6138],[2.6312,36.6136],[2.6309,36.6134],[2.6308,36.6133],[2.6306,36.6131],[2.6302,36.6131],[2.6301,36.6132],[2.6298,36.6131],[2.6297,36.613],[2.6295,36.6129],[2.6293,36.613],[2.6293,36.6133],[2.6292,36.6133],[2.629,36.6132],[2.6287,36.6133],[2.6282,36.6136],[2.6281,36.6135],[2.6277,36.6132],[2.6274,36.6131],[2.6272,36.6133],[2.627,36.6127],[2.6268,36.6123],[2.6266,36.6124],[2.6265,36.6122],[2.6269,36.612],[2.6269,36.6116],[2.6268,36.6116],[2.6266,36.6113],[2.6263,36.6111],[2.6257,36.6109],[2.6255,36.6109],[2.6253,36.611],[2.6252,36.611],[2.6252,36.6112],[2.625,36.6114],[2.625,36.6118],[2.6247,36.6118],[2.6244,36.6119],[2.6242,36.6119],[2.6241,36.6118],[2.6238,36.6115],[2.6241,36.6112],[2.624,36.611],[2.6236,36.6106],[2.6231,36.6103],[2.6229,36.61],[2.6226,36.6098],[2.6227,36.6093],[2.6226,36.6089],[2.6222,36.6085],[2.6221,36.6085],[2.6219,36.6085],[2.6214,36.6088],[2.6211,36.6088],[2.621,36.6087],[2.6208,36.6087],[2.6206,36.6087],[2.6207,36.6089],[2.6205,36.609],[2.6199,36.6087],[2.6198,36.6084],[2.6196,36.6081],[2.6194,36.6079],[2.619,36.6079],[2.6187,36.608],[2.6186,36.6082],[2.6181,36.608],[2.6183,36.6077],[2.6182,36.6074],[2.6179,36.6073],[2.6177,36.6073],[2.6175,36.6074],[2.6175,36.6075],[2.6175,36.6076],[2.6175,36.6078],[2.6174,36.6079],[2.6174,36.608],[2.6172,36.608],[2.6167,36.6079],[2.6163,36.6074],[2.6162,36.6073],[2.616,36.6071],[2.6158,36.6071],[2.6155,36.6071],[2.6155,36.6071],[2.6153,36.6072],[2.6152,36.6071],[2.6152,36.607],[2.6153,36.6069],[2.6153,36.6066],[2.615,36.6063],[2.615,36.6061],[2.615,36.606],[2.6148,36.6059],[2.6148,36.6058],[2.6147,36.6057],[2.6145,36.6056],[2.6143,36.6056],[2.6141,36.6057],[2.6141,36.6059],[2.614,36.6059],[2.6138,36.6058],[2.6137,36.6056],[2.6138,36.6056],[2.6139,36.6055],[2.6139,36.6055],[2.6138,36.6054],[2.6137,36.6053],[2.6136,36.6054],[2.6134,36.6055],[2.6131,36.6055],[2.613,36.6054],[2.6127,36.6053],[2.6123,36.6052],[2.6121,36.6051],[2.6118,36.605],[2.6117,36.605],[2.6116,36.6049],[2.6115,36.6049],[2.6114,36.6048],[2.6113,36.6047],[2.611,36.6048],[2.6107,36.6049],[2.6105,36.6049],[2.6104,36.6048],[2.6101,36.6048],[2.6099,36.6048],[2.6097,36.6048],[2.6094,36.6047],[2.6093,36.6046],[2.6091,36.6044],[2.609,36.6043],[2.6088,36.6042],[2.6087,36.6042],[2.6086,36.6041],[2.6086,36.604],[2.6086,36.6039],[2.6085,36.6038],[2.6082,36.6038],[2.6081,36.6038],[2.608,36.6039],[2.6078,36.6039],[2.6078,36.6039],[2.6077,36.6039],[2.6076,36.6039],[2.6074,36.6039],[2.6073,36.604],[2.6073,36.6039],[2.6073,36.6038],[2.6071,36.6038],[2.607,36.6037],[2.6069,36.6036],[2.6068,36.6036],[2.6067,36.6035],[2.6065,36.6034],[2.6063,36.6035],[2.6062,36.6034],[2.6059,36.6032],[2.6059,36.6031],[2.6061,36.603],[2.6058,36.6029],[2.6057,36.6029],[2.6055,36.6026],[2.6053,36.6025],[2.6051,36.6023],[2.6047,36.6021],[2.6047,36.602],[2.6044,36.6018],[2.6042,36.6018],[2.6042,36.6017],[2.6041,36.6016],[2.6038,36.6013],[2.6036,36.6012],[2.6034,36.6012],[2.6033,36.6012],[2.6031,36.6011],[2.603,36.601],[2.6029,36.6009],[2.6028,36.6009],[2.6025,36.6009],[2.6024,36.601],[2.6022,36.601],[2.6022,36.601],[2.602,36.601],[2.6019,36.6011],[2.6017,36.6013],[2.6016,36.6013],[2.6013,36.6014],[2.6013,36.6015],[2.6011,36.6018],[2.6011,36.6018],[2.6011,36.6019],[2.6009,36.6021],[2.6007,36.602],[2.6006,36.6021],[2.6005,36.6021],[2.6004,36.6022],[2.6003,36.6022],[2.6001,36.6022],[2.6,36.6021],[2.5999,36.6021],[2.5998,36.6022],[2.5996,36.6021],[2.5996,36.6021],[2.5994,36.6022],[2.5992,36.6022],[2.599,36.6021],[2.5988,36.6021],[2.5987,36.6021],[2.5986,36.6021],[2.5985,36.6021],[2.5983,36.6021],[2.5982,36.602],[2.598,36.6019],[2.5974,36.6017],[2.5973,36.6017],[2.5972,36.6017],[2.5971,36.6017],[2.5969,36.6018],[2.5966,36.6018],[2.5964,36.6017],[2.5964,36.6017],[2.5963,36.6016],[2.5961,36.6015],[2.596,36.6015],[2.5959,36.6014],[2.5959,36.6013],[2.5958,36.6013],[2.5958,36.6014],[2.5956,36.6013],[2.5955,36.6014],[2.5954,36.6013],[2.5952,36.6012],[2.5951,36.6011],[2.595,36.6011],[2.5949,36.601],[2.5949,36.6009],[2.5948,36.6008],[2.5947,36.6008],[2.5945,36.6008],[2.5945,36.6009],[2.5945,36.601],[2.5944,36.6011],[2.5942,36.601],[2.5941,36.6011],[2.5939,36.6011],[2.5938,36.6009],[2.5939,36.6009],[2.5939,36.6008],[2.5939,36.6006],[2.5938,36.6005],[2.5936,36.6004],[2.5935,36.6004],[2.5934,36.6005],[2.5932,36.6006],[2.5931,36.6007],[2.5931,36.6008],[2.5932,36.6008],[2.5932,36.6009],[2.593,36.601],[2.5927,36.6009],[2.5927,36.6008],[2.5925,36.6007],[2.5923,36.6007],[2.5923,36.6007],[2.5923,36.6006],[2.5925,36.6005],[2.5926,36.6005],[2.5926,36.6004],[2.5925,36.6003],[2.5923,36.6002],[2.5921,36.6002],[2.5918,36.6003],[2.5915,36.6002],[2.5914,36.6002],[2.5914,36.6001],[2.5914,36.6],[2.5913,36.5999],[2.5911,36.5999],[2.5908,36.5998],[2.5906,36.5997],[2.5906,36.5998],[2.5904,36.5998],[2.5903,36.5997],[2.5901,36.5996],[2.5898,36.5994],[2.5896,36.5993],[2.5894,36.5993],[2.5893,36.5994],[2.589,36.5993],[2.589,36.5992],[2.5888,36.5991],[2.5886,36.5992],[2.5884,36.5992],[2.5884,36.5991],[2.5882,36.5991],[2.5881,36.599],[2.588,36.599],[2.5879,36.5989],[2.5878,36.5988],[2.5877,36.5988],[2.5876,36.5988],[2.5874,36.5988],[2.5874,36.5989],[2.5873,36.5989],[2.5873,36.5988],[2.5872,36.5988],[2.5871,36.5988],[2.587,36.5988],[2.587,36.5988],[2.5868,36.5987],[2.5867,36.5987],[2.5866,36.5987],[2.5863,36.5987],[2.5859,36.5985],[2.5859,36.5984],[2.5859,36.5983],[2.5859,36.5983],[2.5859,36.5982],[2.5857,36.5981],[2.5856,36.5981],[2.5855,36.5981],[2.5854,36.5982],[2.5853,36.5983],[2.5852,36.5983],[2.585,36.5982],[2.5848,36.5981],[2.5848,36.5982],[2.5849,36.5983],[2.5848,36.5983],[2.5846,36.5983],[2.5846,36.5983],[2.5846,36.5982],[2.5845,36.5983],[2.5844,36.5983],[2.5841,36.5983],[2.584,36.5982],[2.5838,36.5982],[2.5837,36.598],[2.5838,36.5979],[2.5837,36.5978],[2.5835,36.5978],[2.5834,36.5977],[2.5832,36.5977],[2.5831,36.5978],[2.583,36.598],[2.5829,36.598],[2.5829,36.5981],[2.5825,36.598],[2.5822,36.598],[2.5822,36.5978],[2.5821,36.5977],[2.5819,36.5976],[2.5818,36.5975],[2.5816,36.5974],[2.5815,36.5974],[2.5814,36.5974],[2.5813,36.5974],[2.581,36.5974],[2.5805,36.5973],[2.5805,36.5972],[2.5804,36.5972],[2.5804,36.5973],[2.5802,36.5972],[2.58,36.5972],[2.5798,36.5971],[2.5798,36.5971],[2.5799,36.597],[2.5799,36.597],[2.58,36.5969],[2.5799,36.5969],[2.5798,36.597],[2.5798,36.5969],[2.5797,36.5969],[2.5797,36.5969],[2.5796,36.5969],[2.5795,36.5968],[2.5794,36.5966],[2.5792,36.5965],[2.579,36.5964],[2.5789,36.5964],[2.5786,36.5966],[2.5785,36.5967],[2.5786,36.5968],[2.5787,36.5969],[2.5788,36.597],[2.5788,36.5971],[2.5788,36.5972],[2.5787,36.5973],[2.5784,36.5972],[2.5781,36.5972],[2.5778,36.5972],[2.5777,36.5971],[2.5777,36.597],[2.5776,36.5968],[2.5777,36.5968],[2.5777,36.5967],[2.5777,36.5966],[2.5776,36.5965],[2.5775,36.5964],[2.5772,36.5963],[2.5771,36.5963],[2.5768,36.5962],[2.5762,36.5961],[2.5759,36.5961],[2.5756,36.5961],[2.5754,36.5962],[2.5753,36.5963],[2.5751,36.5963],[2.575,36.5963],[2.575,36.5965],[2.5751,36.5965],[2.5751,36.5966],[2.5753,36.5966],[2.5753,36.5966],[2.5755,36.5966],[2.5754,36.5967],[2.5751,36.5967],[2.5749,36.5967],[2.5749,36.5966],[2.5748,36.5966],[2.5748,36.5967],[2.5746,36.5967],[2.5745,36.5967],[2.5745,36.5968],[2.5743,36.5968],[2.5741,36.5967],[2.5741,36.5966],[2.5741,36.5966],[2.574,36.5965],[2.574,36.5965],[2.5741,36.5964],[2.5742,36.5964],[2.5743,36.5964],[2.5745,36.5963],[2.5745,36.5963],[2.5744,36.5962],[2.5743,36.5961],[2.5742,36.5961],[2.574,36.5961],[2.5737,36.5961],[2.5735,36.5961],[2.5733,36.5961],[2.5733,36.5961],[2.5732,36.5962],[2.573,36.5962],[2.573,36.5963],[2.5729,36.5963],[2.5728,36.5963],[2.5728,36.5962],[2.5728,36.5961],[2.5729,36.596],[2.573,36.596],[2.573,36.5959],[2.5728,36.5958],[2.5725,36.5957],[2.5722,36.5956],[2.5719,36.5956],[2.5718,36.5956],[2.5717,36.5957],[2.5716,36.5957],[2.5715,36.5958],[2.5714,36.5958],[2.5713,36.5959],[2.5712,36.5959],[2.5712,36.5959],[2.5712,36.5958],[2.5711,36.5957],[2.5711,36.5957],[2.5709,36.5956],[2.5709,36.5955],[2.5708,36.5953],[2.5707,36.5953],[2.5705,36.5951],[2.5704,36.595],[2.5703,36.5951],[2.57,36.595],[2.57,36.5952],[2.5699,36.5953],[2.5697,36.5954],[2.5696,36.5956],[2.5694,36.5957],[2.5694,36.5958],[2.5694,36.5959],[2.5693,36.5959],[2.5692,36.5959],[2.5691,36.5959],[2.5689,36.5958],[2.5686,36.5959],[2.5683,36.596],[2.5682,36.5959],[2.5681,36.5959],[2.568,36.5959],[2.5679,36.5959],[2.5678,36.5959],[2.5677,36.5958],[2.5676,36.5957],[2.5675,36.5956],[2.5675,36.5954],[2.5676,36.5952],[2.5675,36.5951],[2.5675,36.5948],[2.5675,36.5946],[2.5673,36.5944],[2.567,36.5942],[2.5668,36.5941],[2.5667,36.5941],[2.5666,36.5941],[2.5664,36.5942],[2.5662,36.5943],[2.566,36.5943],[2.5658,36.5942],[2.5656,36.5942],[2.5654,36.5942],[2.5654,36.5943],[2.5654,36.5945],[2.5654,36.5945],[2.5653,36.5945],[2.5652,36.5945],[2.5652,36.5946],[2.5651,36.5947],[2.565,36.5946],[2.5649,36.5945],[2.5648,36.5945],[2.5647,36.5943],[2.5646,36.5942],[2.5646,36.594],[2.5645,36.594],[2.5642,36.594],[2.5644,36.5942],[2.564,36.5947],[2.5639,36.5946],[2.5638,36.5945],[2.5636,36.5945],[2.5635,36.5944],[2.5635,36.5943],[2.5634,36.5942],[2.5632,36.5942],[2.563,36.5942],[2.563,36.5943],[2.563,36.5943],[2.563,36.5944],[2.5627,36.5945],[2.5627,36.5944],[2.5626,36.5945],[2.5626,36.5943],[2.5625,36.5943],[2.5623,36.5943],[2.5621,36.5944],[2.562,36.5945],[2.5618,36.5945],[2.5617,36.5945],[2.5616,36.5945],[2.5615,36.5945],[2.5614,36.5944],[2.5614,36.5943],[2.5612,36.5942],[2.5612,36.5941],[2.5609,36.5939],[2.5609,36.5938],[2.5608,36.5938],[2.5607,36.5937],[2.5606,36.5936],[2.5604,36.5936],[2.5604,36.5935],[2.5603,36.5934],[2.5604,36.5933],[2.5604,36.5932],[2.5603,36.5932],[2.5601,36.5932],[2.56,36.5932],[2.5599,36.5933],[2.5597,36.5934],[2.5595,36.5935],[2.5592,36.5936],[2.5591,36.5935],[2.559,36.5936],[2.5588,36.5935],[2.5584,36.5934],[2.5582,36.5934],[2.5577,36.5931],[2.5574,36.5928],[2.5572,36.5926],[2.5571,36.5926],[2.5568,36.5924],[2.5566,36.5923],[2.5564,36.5923],[2.5562,36.5923],[2.556,36.5922],[2.5559,36.5921],[2.5557,36.5922],[2.5557,36.5919],[2.5556,36.5917],[2.5555,36.5917],[2.5553,36.5917],[2.5552,36.5918],[2.5553,36.5921],[2.5553,36.5924],[2.5552,36.5927],[2.555,36.5929],[2.5548,36.593],[2.5546,36.5931],[2.5544,36.5931],[2.5541,36.5931],[2.5538,36.5931],[2.5536,36.593],[2.5534,36.593],[2.5532,36.5929],[2.553,36.5928],[2.5528,36.5928],[2.5526,36.5927],[2.5523,36.5926],[2.552,36.5927],[2.5519,36.5928],[2.5517,36.5929],[2.5519,36.5931],[2.5519,36.5933],[2.5518,36.5934],[2.5518,36.5934],[2.5516,36.5935],[2.5515,36.5935],[2.5512,36.5936],[2.5509,36.5935],[2.5506,36.5934],[2.5505,36.5934],[2.5503,36.5934],[2.5503,36.5933],[2.5501,36.5934],[2.5498,36.5933],[2.5496,36.5932],[2.5493,36.5931],[2.5491,36.5931],[2.5491,36.5929],[2.549,36.5929],[2.549,36.5928],[2.5491,36.5927],[2.5492,36.5926],[2.5492,36.5924],[2.5492,36.5923],[2.5491,36.5921],[2.549,36.592],[2.5489,36.592],[2.5487,36.592],[2.5486,36.592],[2.5483,36.5919],[2.5484,36.5918],[2.5484,36.5915],[2.5485,36.5915],[2.5486,36.5915],[2.5487,36.5916],[2.5488,36.5916],[2.5488,36.5915],[2.5487,36.5913],[2.5486,36.5911],[2.5484,36.5911],[2.5482,36.5911],[2.548,36.5912],[2.5478,36.5914],[2.5477,36.5917],[2.5476,36.5918],[2.5476,36.5919],[2.5476,36.592],[2.5477,36.5921],[2.5476,36.5922],[2.5473,36.5924],[2.5471,36.5924],[2.547,36.5924],[2.547,36.5923],[2.547,36.5923],[2.5469,36.5922],[2.5468,36.5922],[2.5468,36.5921],[2.5468,36.592],[2.5467,36.5919],[2.5466,36.5919],[2.5465,36.5919],[2.5463,36.5919],[2.5461,36.592],[2.546,36.592],[2.5458,36.592],[2.5458,36.5919],[2.5457,36.5919],[2.5455,36.5919],[2.5454,36.5918],[2.5453,36.5918],[2.5451,36.5917],[2.5449,36.5917],[2.5448,36.5917],[2.5448,36.5919],[2.5448,36.592],[2.5448,36.5921],[2.5448,36.5922],[2.5447,36.5923],[2.5446,36.5923],[2.5445,36.5923],[2.5443,36.5924],[2.5442,36.5924],[2.544,36.5924],[2.5439,36.5924],[2.5438,36.5924],[2.5437,36.5923],[2.5435,36.5922],[2.5434,36.5921],[2.5433,36.592],[2.5432,36.592],[2.5431,36.5919],[2.5432,36.5919],[2.5432,36.5918],[2.5431,36.5918],[2.5431,36.5917],[2.5431,36.5916],[2.543,36.5915],[2.543,36.5914],[2.5429,36.5913],[2.5428,36.5912],[2.5427,36.5911],[2.5426,36.591],[2.5425,36.591],[2.5424,36.5911],[2.5421,36.5912],[2.542,36.5912],[2.5418,36.5911],[2.5417,36.5913],[2.5416,36.5914],[2.5414,36.5914],[2.5413,36.5915],[2.5412,36.5916],[2.5413,36.5918],[2.5412,36.5918],[2.5411,36.5918],[2.5409,36.5917],[2.5408,36.5918],[2.5406,36.5917],[2.5404,36.5917],[2.5404,36.5916],[2.5402,36.5916],[2.5403,36.5915],[2.5402,36.5915],[2.54,36.5915],[2.5399,36.5914],[2.5399,36.5913],[2.5398,36.5913],[2.5397,36.5912],[2.5396,36.591],[2.5396,36.5908],[2.5396,36.5907],[2.5396,36.5906],[2.5395,36.5905],[2.5394,36.5906],[2.5392,36.5906],[2.539,36.5907],[2.5389,36.5908],[2.5388,36.5908],[2.5388,36.591],[2.5389,36.5913],[2.5388,36.5913],[2.5387,36.5912],[2.5386,36.5914],[2.5385,36.5915],[2.5385,36.5917],[2.5386,36.5918],[2.5386,36.5918],[2.5386,36.5917],[2.5387,36.5918],[2.5387,36.592],[2.5387,36.5921],[2.5386,36.5922],[2.5385,36.5922],[2.5384,36.5922],[2.5383,36.5921],[2.5383,36.5919],[2.5383,36.5918],[2.5383,36.5917],[2.5384,36.5916],[2.5383,36.5916],[2.5379,36.5913],[2.5378,36.5913],[2.5375,36.5912],[2.5374,36.591],[2.5373,36.5911],[2.5372,36.5909],[2.5371,36.5908],[2.5369,36.5907],[2.5368,36.5906],[2.5367,36.5905],[2.5367,36.5903],[2.5366,36.5901],[2.5364,36.59],[2.5362,36.5898],[2.536,36.5898],[2.5359,36.5898],[2.5357,36.5899],[2.5357,36.5899],[2.5355,36.5899],[2.5354,36.5899],[2.5354,36.59],[2.5353,36.5902],[2.5353,36.5902],[2.5353,36.5904],[2.5353,36.5905],[2.5354,36.5906],[2.5353,36.5908],[2.5352,36.5909],[2.5352,36.5911],[2.5351,36.5912],[2.535,36.5914],[2.535,36.5915],[2.535,36.5915],[2.5349,36.5916],[2.5348,36.5915],[2.5348,36.5916],[2.5347,36.5916],[2.5345,36.5916],[2.5344,36.5916],[2.5342,36.5917],[2.5341,36.5917],[2.5338,36.5917],[2.5336,36.5917],[2.5336,36.5917],[2.5336,36.5918],[2.5335,36.5918],[2.5334,36.5918],[2.5333,36.5918],[2.5333,36.5919],[2.5333,36.5919],[2.5332,36.592],[2.5332,36.5919],[2.5331,36.5919],[2.533,36.5919],[2.533,36.5919],[2.5329,36.5919],[2.5328,36.592],[2.5327,36.592],[2.5327,36.5919],[2.5325,36.5919],[2.5324,36.5919],[2.5321,36.5919],[2.5319,36.5919],[2.5316,36.592],[2.5314,36.592],[2.5313,36.5921],[2.5312,36.5921],[2.5311,36.5921],[2.531,36.5921],[2.531,36.5922],[2.5309,36.5922],[2.5308,36.5921],[2.5307,36.5921],[2.5306,36.592],[2.5305,36.5919],[2.5304,36.5919],[2.5303,36.5919],[2.5303,36.592],[2.5301,36.5919],[2.53,36.5918],[2.5299,36.5917],[2.5299,36.5918],[2.5299,36.5919],[2.5298,36.5919],[2.5298,36.5918],[2.5297,36.5918],[2.5296,36.5917],[2.5295,36.5917],[2.5296,36.5915],[2.5297,36.5915],[2.5299,36.5914],[2.5299,36.5914],[2.5298,36.5913],[2.5297,36.5913],[2.5295,36.5914],[2.5294,36.5913],[2.5293,36.5912],[2.5292,36.5912],[2.529,36.5912],[2.5287,36.5911],[2.5285,36.5911],[2.5285,36.591],[2.5284,36.5911],[2.5283,36.591],[2.5282,36.5909],[2.528,36.5908],[2.5279,36.5907],[2.5278,36.5905],[2.5277,36.5906],[2.5276,36.5909],[2.5275,36.5909],[2.5274,36.591],[2.5273,36.5911],[2.5273,36.5912],[2.5271,36.5912],[2.5271,36.5912],[2.527,36.5913],[2.5269,36.5913],[2.5268,36.5914],[2.5268,36.5916],[2.5269,36.5916],[2.5269,36.5918],[2.5268,36.5917],[2.5268,36.5917],[2.5267,36.5918],[2.5266,36.5918],[2.5266,36.5917],[2.5265,36.5918],[2.5264,36.5918],[2.5263,36.5918],[2.5261,36.5918],[2.5261,36.5919],[2.526,36.5919],[2.5259,36.592],[2.5259,36.5919],[2.5257,36.5919],[2.5257,36.5919],[2.5255,36.5919],[2.5255,36.5919],[2.5254,36.5919],[2.5253,36.5919],[2.5253,36.592],[2.5251,36.592],[2.5249,36.5919],[2.5249,36.5919],[2.5248,36.5919],[2.5248,36.5918],[2.5247,36.5919],[2.5247,36.592],[2.5246,36.5919],[2.5246,36.5921],[2.5244,36.5921],[2.5242,36.592],[2.5242,36.5919],[2.5241,36.5918],[2.524,36.5917],[2.524,36.5918],[2.5239,36.5917],[2.5239,36.5918],[2.5237,36.5918],[2.5236,36.5917],[2.5234,36.5917],[2.5233,36.5917],[2.5231,36.5917],[2.5231,36.5919],[2.523,36.5919],[2.5229,36.5919],[2.5227,36.592],[2.5226,36.592],[2.5224,36.592],[2.5224,36.592],[2.5222,36.5919],[2.5221,36.592],[2.5221,36.5919],[2.5221,36.5918],[2.5221,36.5917],[2.522,36.5916],[2.5219,36.5915],[2.5217,36.5916],[2.5216,36.5915],[2.5217,36.5914],[2.5216,36.5912],[2.5216,36.591],[2.5214,36.591],[2.5213,36.591],[2.5213,36.5912],[2.5211,36.5914],[2.5211,36.5915],[2.5212,36.5915],[2.5213,36.5916],[2.5213,36.5918],[2.5212,36.5919],[2.5212,36.5919],[2.5212,36.592],[2.5211,36.592],[2.5211,36.592],[2.5209,36.5921],[2.5207,36.5921],[2.5204,36.5921],[2.5203,36.592],[2.5203,36.592],[2.5203,36.592],[2.5203,36.5921],[2.5201,36.5921],[2.5201,36.5921],[2.52,36.5921],[2.5198,36.5921],[2.5196,36.5922],[2.5193,36.5921],[2.5193,36.5921],[2.5192,36.592],[2.5191,36.5921],[2.519,36.5922],[2.519,36.5923],[2.5187,36.5924],[2.5185,36.5923],[2.5184,36.5923],[2.5184,36.5922],[2.5183,36.5922],[2.5183,36.592],[2.5182,36.592],[2.5181,36.592],[2.518,36.592],[2.518,36.5919],[2.518,36.5919],[2.5179,36.5918],[2.5178,36.5918],[2.5177,36.5917],[2.5177,36.5916],[2.5175,36.5916],[2.5174,36.5916],[2.5173,36.5916],[2.5173,36.5915],[2.5172,36.5915],[2.5172,36.5916],[2.5171,36.5916],[2.5169,36.5916],[2.5168,36.5915],[2.5167,36.5915],[2.5166,36.5915],[2.5166,36.5914],[2.5165,36.5912],[2.5164,36.5912],[2.5163,36.5911],[2.5163,36.591],[2.5162,36.5908],[2.5161,36.5908],[2.5162,36.5911],[2.5161,36.5912],[2.5161,36.5912],[2.516,36.5912],[2.516,36.5913],[2.5159,36.5914],[2.516,36.5915],[2.5161,36.5916],[2.5162,36.5917],[2.5161,36.5919],[2.5161,36.5919],[2.5162,36.592],[2.5162,36.5921],[2.5161,36.5922],[2.5161,36.5923],[2.5161,36.5923],[2.516,36.5923],[2.516,36.5922],[2.5159,36.5922],[2.5159,36.5923],[2.5158,36.5923],[2.5157,36.5923],[2.5156,36.5923],[2.5155,36.5923],[2.5154,36.5923],[2.5154,36.5924],[2.5153,36.5924],[2.5153,36.5924],[2.5152,36.5925],[2.5153,36.5926],[2.5153,36.5927],[2.515,36.5927],[2.515,36.5926],[2.5148,36.5926],[2.5146,36.5926],[2.5146,36.5926],[2.5144,36.5925],[2.5143,36.5925],[2.5142,36.5926],[2.514,36.5926],[2.5139,36.5925],[2.5137,36.5926],[2.5135,36.5926],[2.5134,36.5926],[2.5134,36.5925],[2.5132,36.5925],[2.5131,36.5924],[2.513,36.5924],[2.513,36.5924],[2.5128,36.5924],[2.5127,36.5924],[2.5124,36.5924],[2.5125,36.5923],[2.5124,36.5923],[2.5122,36.5923],[2.5121,36.5923],[2.512,36.5923],[2.5119,36.5922],[2.5118,36.5921],[2.5118,36.5922],[2.5117,36.5922],[2.5116,36.5922],[2.5113,36.5922],[2.511,36.5923],[2.5107,36.5923],[2.5106,36.5922],[2.5106,36.592],[2.5107,36.5919],[2.5107,36.5918],[2.5106,36.5917],[2.5106,36.5917],[2.5105,36.5916],[2.5104,36.5916],[2.5103,36.5915],[2.5103,36.5914],[2.5103,36.5913],[2.5103,36.5912],[2.5103,36.5911],[2.5104,36.591],[2.5104,36.5909],[2.5102,36.5908],[2.5101,36.5908],[2.5099,36.5908],[2.5098,36.5907],[2.5095,36.5907],[2.5095,36.5906],[2.5094,36.5906],[2.5092,36.5905],[2.5092,36.5906],[2.5091,36.5907],[2.509,36.5907],[2.5088,36.5906],[2.5086,36.5905],[2.5086,36.5904],[2.5085,36.5903],[2.5085,36.5902],[2.5084,36.5901],[2.5083,36.5901],[2.5083,36.5902],[2.5082,36.5903],[2.5082,36.5903],[2.5082,36.5904],[2.5082,36.5905],[2.5083,36.5907],[2.5083,36.5909],[2.5082,36.591],[2.5082,36.5911],[2.5082,36.5912],[2.5083,36.5913],[2.5085,36.5913],[2.5087,36.5915],[2.5087,36.5916],[2.5086,36.5917],[2.5085,36.5917],[2.5083,36.5918],[2.5082,36.5918],[2.5083,36.5918],[2.5081,36.5919],[2.508,36.5919],[2.5079,36.5919],[2.508,36.5919],[2.5078,36.592],[2.5074,36.5922],[2.5074,36.5922],[2.5072,36.5923],[2.5071,36.5924],[2.5068,36.5925],[2.5066,36.5926],[2.5065,36.5927],[2.5064,36.5928],[2.5062,36.5928],[2.5062,36.5928],[2.5061,36.5928],[2.506,36.5928],[2.5059,36.5929],[2.5059,36.5928],[2.5058,36.5928],[2.5056,36.5928],[2.5056,36.5928],[2.5056,36.5928],[2.5056,36.5928],[2.5056,36.5929],[2.5055,36.5929],[2.5054,36.5929],[2.5054,36.5929],[2.5053,36.5928],[2.5053,36.5927],[2.5052,36.5927],[2.5052,36.5928],[2.5051,36.5927],[2.5051,36.5927],[2.505,36.5927],[2.5049,36.5927],[2.5049,36.5928],[2.5048,36.5928],[2.5049,36.5927],[2.5048,36.5926],[2.5047,36.5926],[2.5047,36.5927],[2.5047,36.5927],[2.5046,36.5927],[2.5046,36.5927],[2.5046,36.5927],[2.5046,36.5927],[2.5045,36.5926],[2.5044,36.5926],[2.5044,36.5925],[2.5044,36.5925],[2.5044,36.5924],[2.5044,36.5924],[2.5043,36.5923],[2.5043,36.5922],[2.5043,36.5921],[2.5042,36.5919],[2.5043,36.5918],[2.5043,36.5917],[2.5043,36.5916],[2.5042,36.5916],[2.5042,36.5916],[2.5042,36.5915],[2.5042,36.5914],[2.5043,36.5913],[2.5043,36.5912],[2.5042,36.5912],[2.5041,36.5911],[2.5041,36.591],[2.5041,36.591],[2.504,36.5909],[2.5038,36.5909],[2.5038,36.5909],[2.5038,36.591],[2.5038,36.5911],[2.5039,36.5911],[2.504,36.5911],[2.5039,36.5912],[2.5039,36.5912],[2.5037,36.5911],[2.5034,36.591],[2.5032,36.5909],[2.5031,36.5909],[2.5032,36.5908],[2.5031,36.5908],[2.5031,36.5907],[2.503,36.5906],[2.503,36.5907],[2.5029,36.5908],[2.5027,36.5909],[2.5027,36.5908],[2.5026,36.5908],[2.5026,36.5907],[2.5026,36.5906],[2.5026,36.5906],[2.5026,36.5905],[2.5026,36.5905],[2.5024,36.5906],[2.5024,36.5905],[2.5024,36.5905],[2.5023,36.5905],[2.5023,36.5906],[2.5023,36.5907],[2.5022,36.5908],[2.502,36.5908],[2.5018,36.5907],[2.5018,36.5908],[2.5016,36.5907],[2.5016,36.5907],[2.5015,36.5907],[2.5014,36.5908],[2.5014,36.5907],[2.5013,36.5908],[2.5012,36.5908],[2.5012,36.5908],[2.5011,36.5908],[2.501,36.5909],[2.501,36.591],[2.5014,36.5911],[2.5014,36.5912],[2.5016,36.5913],[2.5017,36.5914],[2.5018,36.5914],[2.5019,36.5914],[2.502,36.5915],[2.5021,36.5915],[2.5022,36.5916],[2.5023,36.5917],[2.5024,36.5917],[2.5024,36.5918],[2.5025,36.5918],[2.5025,36.5919],[2.5025,36.5919],[2.5026,36.592],[2.5025,36.5921],[2.5024,36.592],[2.5023,36.592],[2.5024,36.5922],[2.5022,36.5923],[2.5022,36.5923],[2.5022,36.5925],[2.5021,36.5925],[2.502,36.5926],[2.5019,36.5928],[2.5017,36.5928],[2.5017,36.5929],[2.5018,36.593],[2.5018,36.5931],[2.5019,36.5932],[2.5018,36.5932],[2.5016,36.5932],[2.5015,36.5933],[2.5015,36.5933],[2.5014,36.5932],[2.5015,36.5932],[2.5015,36.5931],[2.5014,36.5931],[2.5014,36.593],[2.5013,36.593],[2.5012,36.593],[2.5012,36.593],[2.5012,36.593],[2.5012,36.593],[2.5012,36.5931],[2.5011,36.5931],[2.5011,36.5931],[2.5011,36.5931],[2.5011,36.5931],[2.501,36.5931],[2.501,36.5931],[2.5009,36.5931],[2.5009,36.5931],[2.5009,36.593],[2.5008,36.593],[2.5008,36.5931],[2.5008,36.5931],[2.5008,36.5931],[2.5008,36.5931],[2.5007,36.593],[2.5006,36.593],[2.5006,36.593],[2.5005,36.593],[2.5006,36.5931],[2.5004,36.5931],[2.5003,36.5932],[2.5001,36.5932],[2.5001,36.5931],[2.5001,36.5931],[2.5001,36.593],[2.5001,36.5929],[2.4999,36.5929],[2.4997,36.5929],[2.4996,36.5928],[2.4996,36.5929],[2.4995,36.5929],[2.4995,36.5928],[2.4994,36.5929],[2.4993,36.5929],[2.4994,36.5929],[2.4993,36.5929],[2.4993,36.5929],[2.4992,36.593],[2.4992,36.593],[2.4992,36.593],[2.4991,36.593],[2.4991,36.5931],[2.499,36.5931],[2.499,36.5931],[2.499,36.5931],[2.4989,36.5931],[2.4989,36.5931],[2.4988,36.5931],[2.4988,36.5931],[2.4987,36.593],[2.4986,36.593],[2.4986,36.593],[2.4986,36.5929],[2.4986,36.5928],[2.4986,36.5927],[2.4986,36.5927],[2.4986,36.5926],[2.4985,36.5926],[2.4985,36.5926],[2.4984,36.5926],[2.4984,36.5928],[2.4983,36.5928],[2.4982,36.5928],[2.4981,36.5928],[2.498,36.5928],[2.498,36.5928],[2.4979,36.5928],[2.4978,36.5928],[2.4978,36.5928],[2.4978,36.5927],[2.4977,36.5927],[2.4975,36.5927],[2.4975,36.5928],[2.4974,36.5928],[2.4973,36.5928],[2.4972,36.5928],[2.4971,36.5927],[2.497,36.5927],[2.4969,36.5928],[2.4969,36.5927],[2.4968,36.5927],[2.4968,36.5927],[2.4968,36.5927],[2.4966,36.5927],[2.4965,36.5927],[2.4964,36.5927],[2.4963,36.5926],[2.4963,36.5926],[2.4962,36.5925],[2.4962,36.5925],[2.4961,36.5925],[2.4961,36.5925],[2.496,36.5925],[2.496,36.5925],[2.4959,36.5924],[2.4959,36.5923],[2.4959,36.5922],[2.4959,36.5922],[2.496,36.5921],[2.496,36.5919],[2.4961,36.5919],[2.4961,36.5918],[2.4961,36.5918],[2.4961,36.5917],[2.496,36.5917],[2.4959,36.5915],[2.4959,36.5915],[2.4959,36.5914],[2.4957,36.5913],[2.4957,36.5912],[2.4956,36.5912],[2.4956,36.591],[2.4958,36.5909],[2.4958,36.5909],[2.496,36.5909],[2.496,36.5909],[2.4961,36.5909],[2.4961,36.591],[2.4962,36.5909],[2.4962,36.5909],[2.4963,36.5908],[2.4963,36.5907],[2.4962,36.5905],[2.496,36.5904],[2.4959,36.5903],[2.4956,36.5902],[2.4953,36.5902],[2.4953,36.5902],[2.4951,36.5903],[2.4951,36.5902],[2.495,36.5901],[2.4949,36.5901],[2.4947,36.59],[2.4945,36.59],[2.4941,36.5901],[2.4939,36.5901],[2.4937,36.5901],[2.4936,36.5902],[2.4934,36.5903],[2.4933,36.5904],[2.4932,36.5906],[2.4931,36.5907],[2.493,36.5908],[2.493,36.5913],[2.493,36.5913],[2.4931,36.5914],[2.4933,36.5914],[2.4934,36.5914],[2.4935,36.5914],[2.4936,36.5914],[2.4938,36.5914],[2.494,36.5916],[2.4942,36.5917],[2.4942,36.5918],[2.4941,36.592],[2.4939,36.592],[2.4937,36.592],[2.4937,36.5919],[2.4937,36.5919],[2.4935,36.592],[2.4934,36.592],[2.4933,36.5919],[2.4933,36.5919],[2.4933,36.5919],[2.4933,36.5919],[2.4932,36.5919],[2.4932,36.592],[2.493,36.5919],[2.4929,36.5919],[2.4929,36.5919],[2.4929,36.5919],[2.4928,36.5919],[2.4928,36.5919],[2.4926,36.592],[2.4926,36.592],[2.4926,36.592],[2.4926,36.5921],[2.4926,36.5921],[2.4926,36.5922],[2.4926,36.5922],[2.4926,36.5922],[2.4926,36.5923],[2.4926,36.5923],[2.4926,36.5923],[2.4927,36.5923],[2.4927,36.5923],[2.4927,36.5924],[2.4926,36.5924],[2.4925,36.5924],[2.4926,36.5925],[2.4926,36.5925],[2.4926,36.5926],[2.4926,36.5926],[2.4926,36.5927],[2.4924,36.5927],[2.4923,36.5927],[2.4923,36.5927],[2.4922,36.5928],[2.4923,36.5928],[2.4922,36.5928],[2.4922,36.5928],[2.4921,36.5929],[2.4921,36.5929],[2.4921,36.5929],[2.492,36.593],[2.492,36.5929],[2.492,36.5929],[2.492,36.5929],[2.492,36.5929],[2.492,36.5929],[2.492,36.5929],[2.4919,36.5929],[2.4919,36.5929],[2.4919,36.593],[2.4919,36.593],[2.492,36.593],[2.492,36.593],[2.492,36.593],[2.492,36.5931],[2.4919,36.5931],[2.4919,36.5931],[2.4919,36.5932],[2.4918,36.5932],[2.4917,36.5932],[2.4917,36.5931],[2.4917,36.5931],[2.4916,36.5931],[2.4917,36.5931],[2.4916,36.593],[2.4916,36.593],[2.4915,36.593],[2.4915,36.593],[2.4915,36.593],[2.4915,36.593],[2.4914,36.5931],[2.4914,36.593],[2.4914,36.593],[2.4914,36.593],[2.4914,36.593],[2.4913,36.593],[2.4913,36.593],[2.4912,36.593],[2.4912,36.593],[2.4912,36.593],[2.4912,36.5931],[2.4911,36.5931],[2.4911,36.593],[2.4912,36.593],[2.4912,36.593],[2.4911,36.593],[2.491,36.593],[2.491,36.593],[2.4909,36.593],[2.4908,36.593],[2.4907,36.5929],[2.4907,36.5929],[2.4908,36.5928],[2.4909,36.5927],[2.4909,36.5926],[2.4908,36.5925],[2.4906,36.5926],[2.4906,36.5925],[2.4904,36.5925],[2.4902,36.5926],[2.4901,36.5927],[2.4901,36.5928],[2.4901,36.5929],[2.49,36.593],[2.49,36.593],[2.49,36.593],[2.49,36.5931],[2.49,36.5932],[2.4899,36.5932],[2.4899,36.5932],[2.4899,36.5932],[2.4898,36.5932],[2.4898,36.5932],[2.4897,36.5931],[2.4896,36.5931],[2.4895,36.5931],[2.4895,36.5931],[2.4894,36.5931],[2.4893,36.5931],[2.4894,36.593],[2.4895,36.5929],[2.4896,36.5928],[2.4898,36.5927],[2.4897,36.5926],[2.4896,36.5925],[2.4895,36.5925],[2.4894,36.5925],[2.4894,36.5924],[2.49,36.5923],[2.4902,36.5922],[2.4903,36.5921],[2.4903,36.5919],[2.4903,36.5918],[2.4902,36.5918],[2.49,36.5918],[2.4898,36.5919],[2.4895,36.5919],[2.4892,36.5919],[2.489,36.5919],[2.4889,36.5919],[2.4888,36.5919],[2.4888,36.5917],[2.4888,36.5916],[2.4888,36.5917],[2.4888,36.5917],[2.4888,36.5918],[2.4887,36.5918],[2.4884,36.5919],[2.4883,36.592],[2.4881,36.5921],[2.4877,36.5923],[2.4875,36.5923],[2.4871,36.5922],[2.4869,36.5923],[2.4867,36.5923],[2.4864,36.5923],[2.4861,36.5923],[2.486,36.5923],[2.4858,36.5922],[2.4857,36.5922],[2.4854,36.5923],[2.4853,36.5922],[2.4851,36.5922],[2.4851,36.5921],[2.485,36.5922],[2.485,36.5922],[2.485,36.5923],[2.4849,36.5924],[2.4847,36.5924],[2.4846,36.5924],[2.4846,36.5925],[2.4845,36.5926],[2.4846,36.5926],[2.4847,36.5927],[2.4847,36.5927],[2.4848,36.5928],[2.4849,36.5928],[2.485,36.5929],[2.4851,36.5929],[2.4851,36.593],[2.4851,36.5931],[2.4852,36.5931],[2.4852,36.5931],[2.4852,36.5932],[2.4853,36.5932],[2.4854,36.5932],[2.4854,36.5933],[2.4855,36.5933],[2.4855,36.5934],[2.4855,36.5934],[2.4856,36.5935],[2.4855,36.5935],[2.4855,36.5935],[2.4855,36.5935],[2.4855,36.5936],[2.4854,36.5936],[2.4854,36.5936],[2.4854,36.5936],[2.4854,36.5936],[2.4853,36.5935],[2.4853,36.5936],[2.4853,36.5936],[2.4853,36.5936],[2.4853,36.5936],[2.4853,36.5936],[2.4853,36.5937],[2.4852,36.5937],[2.4851,36.5937],[2.4851,36.5937],[2.4851,36.5937],[2.4851,36.5937],[2.4851,36.5937],[2.485,36.5937],[2.485,36.5938],[2.4849,36.5938],[2.4849,36.5938],[2.4849,36.5938],[2.4849,36.5938],[2.4848,36.5938],[2.4848,36.5938],[2.4848,36.5938],[2.4848,36.5938],[2.4848,36.5938],[2.4848,36.5938],[2.4847,36.5938],[2.4847,36.5938],[2.4847,36.5939],[2.4847,36.5938],[2.4846,36.5938],[2.4846,36.5939],[2.4845,36.5939],[2.4846,36.5939],[2.4845,36.5939],[2.4845,36.5939],[2.4844,36.5939],[2.4844,36.594],[2.4843,36.594],[2.4844,36.594],[2.4844,36.5941],[2.4843,36.5941],[2.4842,36.5941],[2.4843,36.594],[2.4842,36.594],[2.4841,36.594],[2.4841,36.5941],[2.4841,36.5942],[2.4841,36.5942],[2.4841,36.5943],[2.4841,36.5943],[2.484,36.5943],[2.4839,36.5943],[2.4838,36.5943],[2.4837,36.5943],[2.4834,36.5944],[2.4834,36.5943],[2.4832,36.5943],[2.4831,36.5944],[2.4829,36.5944],[2.4827,36.5944],[2.4824,36.5944],[2.4823,36.5944],[2.4823,36.5944],[2.4823,36.5944],[2.4822,36.5944],[2.4821,36.5944],[2.482,36.5944],[2.4819,36.5944],[2.482,36.5944],[2.482,36.5944],[2.482,36.5943],[2.482,36.5943],[2.4819,36.5942],[2.4818,36.5942],[2.4817,36.5941],[2.4816,36.5941],[2.4815,36.5941],[2.4814,36.594],[2.4813,36.594],[2.4812,36.5939],[2.4811,36.5939],[2.4811,36.5939],[2.4811,36.5939],[2.4811,36.594],[2.4811,36.594],[2.481,36.594],[2.481,36.594],[2.481,36.594],[2.481,36.594],[2.481,36.5941],[2.4809,36.5941],[2.4809,36.5941],[2.4809,36.5941],[2.4808,36.5941],[2.4807,36.594],[2.4807,36.5941],[2.4807,36.5941],[2.4807,36.594],[2.4807,36.594],[2.4806,36.594],[2.4805,36.594],[2.4805,36.594],[2.4804,36.594],[2.4804,36.5939],[2.4803,36.5939],[2.4803,36.5939],[2.4802,36.5939],[2.4801,36.5939],[2.48,36.5939],[2.48,36.594],[2.4799,36.594],[2.4798,36.594],[2.4797,36.594],[2.4796,36.5939],[2.4796,36.5939],[2.4795,36.5939],[2.4794,36.5939],[2.4792,36.5939],[2.479,36.5939],[2.4787,36.5938],[2.4785,36.5937],[2.4784,36.5937],[2.4783,36.5936],[2.4781,36.5936],[2.4781,36.5936],[2.4781,36.5935],[2.478,36.5935],[2.478,36.5936],[2.4779,36.5935],[2.4779,36.5936],[2.4778,36.5936],[2.4778,36.5935],[2.4778,36.5935],[2.4777,36.5935],[2.4776,36.5934],[2.4775,36.5932],[2.4774,36.5932],[2.4775,36.5931],[2.4777,36.593],[2.4778,36.593],[2.4779,36.593],[2.478,36.593],[2.4781,36.593],[2.4781,36.5929],[2.4782,36.5929],[2.4782,36.593],[2.4783,36.593],[2.4785,36.5929],[2.4786,36.5928],[2.4786,36.5927],[2.4786,36.5925],[2.4786,36.5922],[2.4785,36.592],[2.4784,36.592],[2.4783,36.5919],[2.4783,36.592],[2.4782,36.592],[2.4782,36.592],[2.4781,36.5919],[2.478,36.592],[2.478,36.592],[2.478,36.592],[2.4779,36.592],[2.4778,36.5919],[2.4778,36.592],[2.4777,36.592],[2.4777,36.5919],[2.4777,36.5919],[2.4776,36.5919],[2.4776,36.5919],[2.4776,36.5919],[2.4776,36.5919],[2.4775,36.5919],[2.4775,36.5919],[2.4775,36.5919],[2.4774,36.5919],[2.4775,36.5918],[2.4774,36.5919],[2.4773,36.5919],[2.4772,36.5918],[2.4771,36.5919],[2.4772,36.592],[2.4772,36.592],[2.4771,36.5919],[2.4771,36.592],[2.4771,36.592],[2.4771,36.592],[2.4771,36.592],[2.477,36.592],[2.477,36.592],[2.4769,36.592],[2.4769,36.592],[2.4769,36.5921],[2.4768,36.592],[2.4768,36.5921],[2.4767,36.5921],[2.4767,36.5921],[2.4767,36.5921],[2.4766,36.5921],[2.4766,36.5921],[2.4765,36.5921],[2.4765,36.5921],[2.4764,36.5921],[2.4764,36.5921],[2.4764,36.5921],[2.4763,36.5922],[2.4763,36.5921],[2.4763,36.5922],[2.4762,36.5922],[2.4762,36.5922],[2.4762,36.5921],[2.4762,36.5921],[2.4761,36.592],[2.4761,36.5921],[2.476,36.592],[2.476,36.592],[2.476,36.5919],[2.4759,36.5919],[2.4759,36.5918],[2.4759,36.5918],[2.4759,36.5917],[2.4758,36.5917],[2.4759,36.5916],[2.4759,36.5915],[2.4758,36.5915],[2.4758,36.5915],[2.4758,36.5915],[2.4757,36.5915],[2.4757,36.5915],[2.4757,36.5916],[2.4756,36.5916],[2.4756,36.5915],[2.4756,36.5915],[2.4755,36.5915],[2.4754,36.5915],[2.4754,36.5916],[2.4753,36.5916],[2.4753,36.5916],[2.4752,36.5916],[2.4752,36.5915],[2.4751,36.5915],[2.475,36.5915],[2.475,36.5914],[2.475,36.5914],[2.4749,36.5914],[2.4749,36.5914],[2.4748,36.5914],[2.4747,36.5915],[2.4746,36.5915],[2.4745,36.5915],[2.4745,36.5916],[2.4744,36.5916],[2.4744,36.5916],[2.4744,36.5916],[2.4744,36.5917],[2.4743,36.5918],[2.4743,36.5918],[2.4741,36.5918],[2.474,36.5919],[2.4739,36.5919],[2.4738,36.5918],[2.4738,36.5917],[2.4738,36.5917],[2.4737,36.5917],[2.4737,36.5918],[2.4737,36.5917],[2.4737,36.5917],[2.4737,36.5918],[2.4736,36.5918],[2.4736,36.5918],[2.4736,36.5918],[2.4736,36.5919],[2.4736,36.5918],[2.4735,36.5919],[2.4735,36.5919],[2.4735,36.5918],[2.4734,36.5919],[2.4733,36.592],[2.4732,36.592],[2.4732,36.592],[2.4732,36.5921],[2.4731,36.5922],[2.4731,36.5923],[2.4731,36.5924],[2.473,36.5924],[2.4728,36.5925],[2.4727,36.5925],[2.4726,36.5926],[2.4726,36.5926],[2.4726,36.5927],[2.4727,36.5929],[2.4728,36.5929],[2.4728,36.593],[2.4727,36.593],[2.4726,36.5931],[2.4726,36.5931],[2.4725,36.5931],[2.4725,36.5932],[2.4725,36.5933],[2.4725,36.5936],[2.4725,36.5938],[2.4725,36.5939],[2.4727,36.5939],[2.4728,36.5939],[2.4728,36.5939],[2.4727,36.594],[2.4727,36.594],[2.4728,36.594],[2.4729,36.5941],[2.473,36.5941],[2.473,36.5941],[2.473,36.5941],[2.4731,36.594],[2.4731,36.594],[2.4731,36.5939],[2.4731,36.5939],[2.4732,36.5939],[2.4732,36.594],[2.4732,36.5941],[2.4732,36.5941],[2.4733,36.5941],[2.4733,36.594],[2.4733,36.594],[2.4733,36.594],[2.4734,36.5941],[2.4735,36.594],[2.4735,36.594],[2.4736,36.5941],[2.4737,36.5941],[2.4738,36.5938],[2.4739,36.5938],[2.4739,36.5937],[2.474,36.5938],[2.474,36.5939],[2.4739,36.594],[2.4739,36.5941],[2.4739,36.5942],[2.4739,36.5942],[2.4739,36.5943],[2.4739,36.5943],[2.4739,36.5943],[2.4739,36.5944],[2.4739,36.5944],[2.4739,36.5944],[2.4738,36.5944],[2.4738,36.5945],[2.4738,36.5945],[2.4737,36.5946],[2.4737,36.5946],[2.4736,36.5946],[2.4736,36.5945],[2.4736,36.5946],[2.4735,36.5946],[2.4735,36.5947],[2.4734,36.5947],[2.4734,36.5947],[2.4733,36.5947],[2.4733,36.5947],[2.4733,36.5947],[2.4733,36.5948],[2.4733,36.5948],[2.4732,36.5949],[2.4731,36.5949],[2.473,36.5949],[2.473,36.5949],[2.473,36.5949],[2.4728,36.5949],[2.4728,36.5949],[2.4728,36.5949],[2.4728,36.595],[2.4728,36.595],[2.4727,36.595],[2.4727,36.5949],[2.4727,36.5949],[2.4726,36.595],[2.4726,36.595],[2.4726,36.595],[2.4726,36.595],[2.4725,36.595],[2.4725,36.595],[2.4724,36.595],[2.4724,36.595],[2.4725,36.5951],[2.4724,36.5951],[2.4724,36.5951],[2.4724,36.5951],[2.4723,36.5951],[2.4723,36.5951],[2.4723,36.5952],[2.4722,36.5952],[2.4722,36.5951],[2.4721,36.5951],[2.4721,36.5951],[2.4721,36.5951],[2.472,36.5951],[2.4719,36.5951],[2.4719,36.5951],[2.4719,36.5952],[2.4718,36.5952],[2.4717,36.5952],[2.4718,36.5951],[2.4717,36.5951],[2.4716,36.595],[2.4716,36.595],[2.4716,36.5951],[2.4716,36.5951],[2.4715,36.595],[2.4715,36.5951],[2.4714,36.5951],[2.4714,36.595],[2.4713,36.5951],[2.4712,36.5951],[2.4711,36.5951],[2.471,36.5951],[2.471,36.5951],[2.471,36.595],[2.471,36.595],[2.4709,36.595],[2.4709,36.5949],[2.4708,36.5949],[2.4708,36.5949],[2.4707,36.5949],[2.4707,36.5948],[2.4707,36.5947],[2.4706,36.5947],[2.4705,36.5947],[2.4704,36.5947],[2.4704,36.5947],[2.4703,36.5947],[2.4703,36.5947],[2.4703,36.5947],[2.4703,36.5946],[2.4702,36.5946],[2.4702,36.5946],[2.4702,36.5946],[2.4702,36.5946],[2.4702,36.5945],[2.4702,36.5946],[2.4702,36.5945],[2.4702,36.5945],[2.4701,36.5945],[2.4701,36.5945],[2.4701,36.5945],[2.47,36.5945],[2.47,36.5945],[2.47,36.5945],[2.47,36.5944],[2.4699,36.5945],[2.4699,36.5944],[2.4699,36.5944],[2.47,36.5943],[2.47,36.5943],[2.47,36.5943],[2.4699,36.5942],[2.4699,36.5942],[2.47,36.5942],[2.4701,36.5941],[2.4704,36.594],[2.4705,36.5939],[2.4705,36.5938],[2.4704,36.5935],[2.4703,36.5935],[2.4703,36.5934],[2.4702,36.5935],[2.47,36.5935],[2.4699,36.5935],[2.4697,36.5935],[2.4694,36.5936],[2.4694,36.5936],[2.4693,36.5937],[2.4692,36.5936],[2.4691,36.5936],[2.469,36.5936],[2.469,36.5936],[2.4689,36.5936],[2.4689,36.5936],[2.4689,36.5936],[2.4689,36.5936],[2.4688,36.5936],[2.4687,36.5936],[2.4687,36.5937],[2.4687,36.5937],[2.4686,36.5937],[2.4686,36.5937],[2.4685,36.5937],[2.4685,36.5937],[2.4685,36.5937],[2.4684,36.5937],[2.4684,36.5937],[2.4684,36.5938],[2.4684,36.5938],[2.4684,36.5937],[2.4682,36.5938],[2.4682,36.5938],[2.4681,36.5938],[2.4681,36.5938],[2.468,36.5937],[2.468,36.5938],[2.4679,36.5937],[2.4678,36.5938],[2.4677,36.5938],[2.4676,36.5937],[2.4675,36.5937],[2.4675,36.5938],[2.4674,36.5938],[2.4674,36.5937],[2.4673,36.5937],[2.4673,36.5936],[2.4672,36.5937],[2.4672,36.5937],[2.4671,36.5936],[2.467,36.5936],[2.4667,36.5936],[2.4667,36.5936],[2.4666,36.5936],[2.4666,36.5936],[2.4665,36.5935],[2.4665,36.5935],[2.4665,36.5935],[2.4664,36.5935],[2.4663,36.5935],[2.4662,36.5934],[2.466,36.5934],[2.4659,36.5933],[2.4657,36.5933],[2.4656,36.5933],[2.4656,36.5933],[2.4656,36.5933],[2.4655,36.5933],[2.4655,36.5934],[2.4655,36.5933],[2.4654,36.5934],[2.4653,36.5934],[2.4651,36.5934],[2.4651,36.5934],[2.4651,36.5935],[2.4649,36.5936],[2.4648,36.5937],[2.4646,36.5938],[2.4644,36.5939],[2.4642,36.5939],[2.4639,36.594],[2.4636,36.5941],[2.4634,36.5942],[2.4632,36.5942],[2.4632,36.5941],[2.4631,36.5941],[2.4631,36.5942],[2.4631,36.5942],[2.4631,36.5942],[2.463,36.5942],[2.4629,36.5942],[2.4627,36.5942],[2.4625,36.5943],[2.4623,36.5944],[2.4623,36.5944],[2.462,36.5945],[2.4618,36.5947],[2.4617,36.5948],[2.4616,36.5948],[2.4614,36.5949],[2.4614,36.5949],[2.4614,36.595],[2.4613,36.5951],[2.4611,36.5951],[2.4611,36.5951],[2.4611,36.595],[2.461,36.5951],[2.4609,36.5951],[2.4608,36.5952],[2.4607,36.5952],[2.4606,36.5953],[2.4606,36.5953],[2.4605,36.5953],[2.4604,36.5953],[2.4605,36.5952],[2.4605,36.5952],[2.4604,36.5952],[2.4602,36.5953],[2.4602,36.5953],[2.4602,36.5952],[2.4602,36.5952],[2.4601,36.5952],[2.4601,36.5953],[2.46,36.5952],[2.4599,36.5952],[2.4598,36.5953],[2.4597,36.5953],[2.4595,36.5953],[2.4593,36.5953],[2.4591,36.5953],[2.459,36.5955],[2.4589,36.5955],[2.4588,36.5956],[2.4587,36.5956],[2.4586,36.5956],[2.4585,36.5955],[2.4585,36.5955],[2.4583,36.5956],[2.4582,36.5956],[2.4581,36.5956],[2.458,36.5956],[2.4578,36.5956],[2.4577,36.5956],[2.4577,36.5954],[2.4577,36.5954],[2.4576,36.5954],[2.4575,36.5954],[2.4573,36.5955],[2.4573,36.5954],[2.4572,36.5954],[2.4571,36.5955],[2.457,36.5954],[2.457,36.5952],[2.457,36.5951],[2.4568,36.595],[2.4568,36.5949],[2.4567,36.5947],[2.4565,36.5946],[2.4561,36.5945],[2.4558,36.5944],[2.4557,36.5943],[2.4556,36.5943],[2.4554,36.5943],[2.4554,36.5943],[2.4553,36.5941],[2.4552,36.5941],[2.4551,36.594],[2.4549,36.5941],[2.4548,36.5941],[2.4547,36.5941],[2.4545,36.5941],[2.4545,36.594],[2.4544,36.594],[2.4544,36.5941],[2.4544,36.5941],[2.4543,36.5941],[2.4543,36.594],[2.4542,36.5939],[2.4542,36.5938],[2.4541,36.5939],[2.4539,36.5938],[2.4537,36.5938],[2.4535,36.5939],[2.4535,36.5938],[2.4534,36.5939],[2.4533,36.594],[2.4531,36.5939],[2.453,36.594],[2.4526,36.594],[2.4524,36.594],[2.4523,36.5941],[2.4522,36.5941],[2.452,36.5942],[2.4517,36.5942],[2.4515,36.5942],[2.4514,36.5942],[2.4513,36.5942],[2.4511,36.5943],[2.4509,36.5945],[2.45,36.5956],[2.4499,36.5957],[2.4497,36.5957],[2.4496,36.5957],[2.4495,36.5956],[2.4495,36.5955],[2.4495,36.5954],[2.4499,36.5952],[2.4506,36.5943],[2.451,36.5941],[2.4508,36.5938],[2.4511,36.5938],[2.4514,36.5937],[2.4514,36.5936],[2.4513,36.5932],[2.4504,36.5934],[2.4497,36.5936],[2.4497,36.5937],[2.4498,36.5938],[2.4499,36.5946],[2.4498,36.5946],[2.4497,36.5943],[2.4492,36.5943],[2.4492,36.5941],[2.4483,36.5943],[2.4483,36.5944],[2.4484,36.5944],[2.4484,36.5945],[2.4487,36.5946],[2.4487,36.5946],[2.4493,36.5947],[2.4494,36.5946],[2.4496,36.5946],[2.4497,36.5947],[2.4497,36.5948],[2.4491,36.5951],[2.4488,36.5953],[2.4486,36.5954],[2.4479,36.5955],[2.4479,36.5956],[2.448,36.5959],[2.448,36.5962],[2.448,36.5964],[2.4481,36.5966],[2.4481,36.5967],[2.4481,36.5969],[2.4481,36.5969],[2.4481,36.597],[2.4481,36.5971],[2.4482,36.5971],[2.4483,36.5972],[2.4484,36.5972],[2.4484,36.5974],[2.4483,36.5974],[2.4481,36.5975],[2.448,36.5974],[2.448,36.5975],[2.4479,36.5975],[2.4478,36.5975],[2.4478,36.5974],[2.4477,36.5974],[2.4475,36.5975],[2.4472,36.5976],[2.4471,36.5975],[2.447,36.5975],[2.4469,36.5975],[2.4469,36.5974],[2.4468,36.5973],[2.4467,36.5973],[2.4467,36.5972],[2.4465,36.5972],[2.4465,36.5973],[2.4464,36.5972],[2.4464,36.597],[2.4463,36.5969],[2.4461,36.5969],[2.4457,36.5965],[2.4453,36.5962],[2.4453,36.5962],[2.4452,36.5963],[2.4451,36.5963],[2.4451,36.5961],[2.4449,36.5959],[2.4448,36.5959],[2.4447,36.5957],[2.4446,36.5957],[2.4446,36.5956],[2.4444,36.5956],[2.4443,36.5957],[2.4442,36.5956],[2.4443,36.5956],[2.4443,36.5955],[2.4441,36.5954],[2.4441,36.5953],[2.444,36.5952],[2.4438,36.5952],[2.4438,36.5951],[2.4437,36.595],[2.4437,36.595],[2.4436,36.5949],[2.4436,36.595],[2.4434,36.595],[2.4433,36.595],[2.4432,36.5948],[2.4432,36.5947],[2.443,36.5946],[2.4429,36.5947],[2.4428,36.5946],[2.4428,36.5945],[2.4427,36.5945],[2.4426,36.5945],[2.4425,36.5946],[2.4424,36.5948],[2.4421,36.5952],[2.4418,36.5954],[2.4418,36.5953],[2.4416,36.5954],[2.4416,36.5953],[2.4415,36.5952],[2.4415,36.5951],[2.4413,36.5952],[2.4413,36.5953],[2.4411,36.5953],[2.441,36.5955],[2.4408,36.5955],[2.4407,36.5955],[2.4406,36.5956],[2.4405,36.5956],[2.4403,36.5957],[2.4401,36.5957],[2.44,36.5956],[2.4399,36.5957],[2.4397,36.5959],[2.4396,36.596],[2.4396,36.596],[2.4394,36.5961],[2.4393,36.5962],[2.4393,36.5963],[2.4391,36.5964],[2.4388,36.5965],[2.4386,36.5965],[2.4384,36.5965],[2.4383,36.5964],[2.4382,36.5964],[2.438,36.5964],[2.4379,36.5963],[2.4378,36.5963],[2.4376,36.5962],[2.4375,36.596],[2.4375,36.5957],[2.4375,36.5954],[2.4373,36.5953],[2.4365,36.5944],[2.4362,36.5943],[2.436,36.5943],[2.4354,36.5941],[2.4352,36.594],[2.4351,36.594],[2.4349,36.5939],[2.4346,36.5937],[2.4344,36.5938],[2.4343,36.5939],[2.4342,36.594],[2.434,36.594],[2.4339,36.5939],[2.4337,36.5939],[2.4335,36.5939],[2.4321,36.5942],[2.4307,36.5946],[2.4302,36.5948],[2.4299,36.595],[2.4296,36.5951],[2.4293,36.5951],[2.4275,36.5956],[2.4271,36.5958],[2.4265,36.5961],[2.4262,36.5962],[2.4254,36.5964],[2.424,36.5971],[2.4235,36.5974],[2.4226,36.5976],[2.4217,36.598],[2.4212,36.5982],[2.4209,36.5985],[2.4201,36.5988],[2.4182,36.5996],[2.4178,36.5999],[2.4172,36.6001],[2.416,36.6006],[2.4155,36.6008],[2.4148,36.6012],[2.4142,36.6016],[2.4138,36.6017],[2.413,36.6022],[2.4127,36.6023],[2.4118,36.6027],[2.411,36.6032],[2.4102,36.6037],[2.4101,36.6037],[2.41,36.6038],[2.4086,36.6047],[2.4082,36.6051],[2.408,36.6053],[2.4079,36.6054],[2.4078,36.6056],[2.4079,36.6057],[2.4078,36.6058],[2.4077,36.606],[2.4078,36.6061],[2.4078,36.6062],[2.4079,36.6063],[2.4081,36.6064],[2.4083,36.6066],[2.4083,36.6067],[2.4084,36.6068],[2.4085,36.6069],[2.4084,36.6071],[2.4084,36.6072],[2.4084,36.6074],[2.4085,36.6075],[2.4084,36.6077],[2.4084,36.6079],[2.4082,36.6078],[2.4081,36.6078],[2.4081,36.6079],[2.4079,36.6079],[2.4078,36.6079],[2.4077,36.6081],[2.4076,36.6083],[2.4072,36.6085],[2.407,36.6088],[2.4068,36.609],[2.4068,36.6091],[2.4068,36.6093],[2.4067,36.6094],[2.4068,36.6094],[2.4068,36.6096],[2.4068,36.6097],[2.4068,36.6097],[2.4068,36.6098],[2.4068,36.6099],[2.4068,36.6099],[2.4068,36.61],[2.4067,36.6101],[2.4066,36.6101],[2.4065,36.6101],[2.4064,36.6101],[2.4063,36.6101],[2.4063,36.6102],[2.4062,36.6102],[2.4061,36.6102],[2.4061,36.6103],[2.406,36.6104],[2.406,36.6105],[2.406,36.6106],[2.406,36.6108],[2.4059,36.611],[2.4058,36.6113],[2.4057,36.6115],[2.4056,36.6117],[2.4054,36.6121],[2.4052,36.6123],[2.4051,36.6125],[2.4049,36.6128],[2.4049,36.6129],[2.4048,36.613],[2.4047,36.6132],[2.4047,36.6133],[2.4047,36.6133],[2.4047,36.6134],[2.4047,36.6135],[2.4046,36.6135],[2.4046,36.6136],[2.4045,36.6137],[2.4046,36.6138],[2.4046,36.6138],[2.4046,36.6138],[2.4045,36.6139],[2.4045,36.6139],[2.4044,36.6139],[2.4045,36.6139],[2.4045,36.614],[2.4045,36.614],[2.4047,36.614],[2.4047,36.614],[2.4047,36.6141],[2.4047,36.6142],[2.4046,36.6142],[2.4045,36.6143],[2.4046,36.6143],[2.4046,36.6143],[2.4047,36.6144],[2.4047,36.6145],[2.4048,36.6145],[2.4049,36.6145],[2.4049,36.6146],[2.4049,36.6148],[2.4049,36.6149],[2.405,36.6149],[2.405,36.6151],[2.405,36.6152],[2.405,36.6154],[2.4051,36.6155],[2.4051,36.6156],[2.4052,36.6157],[2.4052,36.6158],[2.4053,36.6158],[2.4053,36.6159],[2.4053,36.6159],[2.4053,36.616],[2.4053,36.616],[2.4053,36.6161],[2.4054,36.6162],[2.4053,36.6162],[2.4053,36.6164],[2.4052,36.6164],[2.4053,36.6166],[2.4054,36.6168],[2.4055,36.6168],[2.4056,36.6168],[2.4056,36.6168],[2.4057,36.6169],[2.4057,36.6169],[2.4057,36.617],[2.4058,36.617],[2.4058,36.6171],[2.4059,36.6172],[2.4059,36.6173],[2.4059,36.6174],[2.4061,36.6175],[2.4061,36.6176],[2.4062,36.6177],[2.4062,36.6177],[2.4063,36.6177],[2.4063,36.6178],[2.4063,36.6178],[2.4064,36.6178],[2.4065,36.6179],[2.4065,36.6179],[2.4066,36.6182],[2.4068,36.6184],[2.4069,36.6187],[2.4069,36.6188],[2.407,36.6189],[2.4071,36.619],[2.4071,36.619],[2.4073,36.6194],[2.4075,36.6197],[2.4077,36.62],[2.4078,36.6201],[2.4078,36.6203],[2.4079,36.6204],[2.4079,36.6205],[2.4079,36.6205],[2.4079,36.6206],[2.408,36.6206],[2.4082,36.6206],[2.4083,36.6206],[2.4083,36.6207],[2.4082,36.6207],[2.4082,36.6208],[2.4082,36.6208],[2.4082,36.6209],[2.4082,36.621],[2.4082,36.621],[2.4083,36.6211],[2.4082,36.6211],[2.4083,36.6213],[2.4082,36.6213],[2.4082,36.6214],[2.4082,36.6214],[2.4082,36.6214],[2.4082,36.6215],[2.4082,36.6216],[2.4082,36.6217],[2.4082,36.6218],[2.4082,36.6218],[2.4082,36.6219],[2.4082,36.622],[2.4082,36.622],[2.4082,36.6221],[2.4083,36.6221],[2.4082,36.6222],[2.4082,36.6222],[2.4083,36.6222],[2.4083,36.6223],[2.4082,36.6224],[2.4083,36.6225],[2.4082,36.6225],[2.4082,36.6224],[2.4082,36.6224],[2.4081,36.6224],[2.4081,36.6225],[2.4081,36.6225],[2.4082,36.6226],[2.4083,36.6226],[2.4083,36.6226],[2.4083,36.6227],[2.4083,36.6227],[2.4083,36.6227],[2.4083,36.6227],[2.4084,36.6228],[2.4084,36.6229],[2.4083,36.6229],[2.4084,36.6229],[2.4084,36.6229],[2.4084,36.623],[2.4084,36.623],[2.4085,36.623],[2.4084,36.623],[2.4085,36.623],[2.4085,36.623],[2.4085,36.6231],[2.4085,36.6231],[2.4085,36.6231],[2.4085,36.6231],[2.4084,36.6231],[2.4085,36.6232],[2.4084,36.6233],[2.4084,36.6233],[2.4084,36.6233],[2.4084,36.6234],[2.4085,36.6234],[2.4085,36.6235],[2.4084,36.6235],[2.4084,36.6235],[2.4083,36.6235],[2.4084,36.6235],[2.4084,36.6236],[2.4084,36.6236],[2.4084,36.6237],[2.4084,36.6238],[2.4084,36.6238],[2.4083,36.6237],[2.4083,36.6238],[2.4084,36.6239],[2.4084,36.6239],[2.4084,36.6239],[2.4084,36.6239],[2.4084,36.624],[2.4084,36.624],[2.4085,36.6241],[2.4085,36.6242],[2.4086,36.6243],[2.4086,36.6243],[2.4086,36.6243],[2.4086,36.6243],[2.4086,36.6244],[2.4086,36.6244],[2.4086,36.6244],[2.4086,36.6244],[2.4086,36.6245],[2.4085,36.6245],[2.4084,36.6245],[2.4083,36.6245],[2.4083,36.6245],[2.4082,36.6245],[2.4082,36.6245],[2.4083,36.6246],[2.4084,36.6246],[2.4085,36.6246],[2.4086,36.6246],[2.4086,36.6247],[2.4086,36.6248],[2.4086,36.6248],[2.4086,36.6249],[2.4086,36.6249],[2.4086,36.6248],[2.4085,36.6248],[2.4085,36.6248],[2.4084,36.6248],[2.4084,36.6247],[2.4084,36.6248],[2.4085,36.6248],[2.4084,36.6249],[2.4084,36.6249],[2.4083,36.6249],[2.4084,36.625],[2.4084,36.625],[2.4085,36.6251],[2.4085,36.625],[2.4086,36.625],[2.4087,36.6251],[2.4087,36.6252],[2.4086,36.6252],[2.4085,36.6252],[2.4085,36.6252],[2.4085,36.6252],[2.4086,36.6253],[2.4087,36.6253],[2.4087,36.6254],[2.4087,36.6254],[2.4086,36.6254],[2.4085,36.6253],[2.4084,36.6254],[2.4084,36.6253],[2.4084,36.6253],[2.4083,36.6252],[2.4082,36.6251],[2.4082,36.6251],[2.4082,36.625],[2.4082,36.6251],[2.4081,36.6251],[2.4081,36.625],[2.4081,36.625],[2.4081,36.6249],[2.408,36.6249],[2.4079,36.6248],[2.4079,36.6248],[2.4078,36.6248],[2.4077,36.6248],[2.4077,36.6248],[2.4076,36.6246],[2.4076,36.6246],[2.4075,36.6246],[2.4075,36.6246],[2.4074,36.6246],[2.4074,36.6246],[2.4073,36.6246],[2.4073,36.6246],[2.4073,36.6246],[2.4072,36.6245],[2.4072,36.6244],[2.4072,36.6243],[2.4072,36.6243],[2.4072,36.6242],[2.4071,36.6242],[2.4071,36.6241],[2.407,36.6241],[2.4069,36.6241],[2.4068,36.6241],[2.4067,36.624],[2.4067,36.624],[2.4066,36.624],[2.4066,36.6241],[2.4065,36.6241],[2.4065,36.6241],[2.4064,36.6241],[2.4063,36.6242],[2.4063,36.6242],[2.4062,36.6242],[2.4062,36.6242],[2.4061,36.6242],[2.406,36.6243],[2.406,36.6243],[2.406,36.6243],[2.406,36.6244],[2.4059,36.6244],[2.4059,36.6244],[2.4059,36.6244],[2.4059,36.6245],[2.4059,36.6245],[2.4059,36.6246],[2.4058,36.6246],[2.4058,36.6246],[2.4059,36.6247],[2.4058,36.6247],[2.4058,36.6248],[2.4058,36.6248],[2.4057,36.6248],[2.4056,36.6249],[2.4056,36.6249],[2.4056,36.6248],[2.4055,36.6248],[2.4054,36.6248],[2.4053,36.6249],[2.4051,36.6249],[2.405,36.625],[2.4048,36.6252],[2.4047,36.6254],[2.4046,36.6256],[2.4046,36.6257],[2.4046,36.6258],[2.4047,36.6259],[2.4046,36.626],[2.4047,36.626],[2.4046,36.6261],[2.4046,36.6262],[2.4046,36.6263],[2.4046,36.6263],[2.4046,36.6263],[2.4045,36.6264],[2.4045,36.6264],[2.4045,36.6264],[2.4043,36.6265],[2.4043,36.6266],[2.4042,36.6266],[2.404,36.6266],[2.4039,36.6267],[2.4038,36.6268],[2.4037,36.6269],[2.4036,36.627],[2.4035,36.6271],[2.4034,36.6271],[2.4032,36.6271],[2.403,36.6272],[2.4027,36.6274],[2.4026,36.6275],[2.4025,36.6276],[2.4023,36.6276],[2.4022,36.6277],[2.4021,36.6277],[2.4019,36.6277],[2.4018,36.6278],[2.4016,36.628],[2.4015,36.6282],[2.4014,36.6283],[2.4013,36.6285],[2.4013,36.6286],[2.4013,36.6287],[2.4014,36.6288],[2.4014,36.6289],[2.4014,36.629],[2.4014,36.6291],[2.4014,36.6292],[2.4017,36.6293],[2.4019,36.6294],[2.4019,36.6295],[2.4019,36.6296],[2.4019,36.6297],[2.402,36.6298],[2.4021,36.6298],[2.4022,36.6298],[2.4022,36.6298],[2.4023,36.6298],[2.4024,36.6299],[2.4024,36.6301],[2.4025,36.6301],[2.4025,36.6302],[2.4026,36.6302],[2.4028,36.6302],[2.4029,36.6301],[2.403,36.6303],[2.4029,36.6303],[2.4029,36.6304],[2.403,36.6304],[2.4031,36.6305],[2.4031,36.6305],[2.4031,36.6306],[2.4032,36.6306],[2.4033,36.6307],[2.4034,36.6308],[2.4036,36.631],[2.4037,36.6311],[2.4037,36.6312],[2.4037,36.6313],[2.4037,36.6313],[2.4039,36.6314],[2.4039,36.6314],[2.4039,36.6315],[2.4041,36.6315],[2.4043,36.6316],[2.4042,36.6316],[2.4042,36.6316],[2.4041,36.6317],[2.4042,36.6317],[2.4041,36.6317],[2.4041,36.6318],[2.4041,36.6319],[2.404,36.632],[2.4041,36.632],[2.4041,36.632],[2.4041,36.6321],[2.4041,36.6322],[2.404,36.6322],[2.404,36.6323],[2.404,36.6324],[2.4038,36.6324],[2.4038,36.6324],[2.4037,36.6325],[2.4038,36.6325],[2.4037,36.6326],[2.4037,36.6326],[2.4036,36.6327],[2.4036,36.6328],[2.4035,36.6329],[2.4035,36.633],[2.4034,36.6331],[2.4033,36.6331],[2.4032,36.6332],[2.4031,36.6333],[2.403,36.6335],[2.403,36.6335],[2.403,36.6336],[2.403,36.6337],[2.403,36.6337],[2.4029,36.6338],[2.4028,36.6338],[2.4028,36.6339],[2.4026,36.6339],[2.4026,36.6339],[2.4024,36.6339],[2.4024,36.6339],[2.4024,36.634],[2.4024,36.634],[2.4023,36.6341],[2.4022,36.6341],[2.4021,36.6341],[2.402,36.6341],[2.402,36.6341],[2.402,36.6342],[2.402,36.6342],[2.4019,36.6342],[2.4019,36.6343],[2.4019,36.6343],[2.4018,36.6342],[2.4017,36.6342],[2.4018,36.6343],[2.4017,36.6343],[2.4016,36.6344],[2.4016,36.6344],[2.4015,36.6344],[2.4016,36.6343],[2.4015,36.6343],[2.4014,36.6343],[2.4015,36.6342],[2.4015,36.6341],[2.4015,36.634],[2.4014,36.634],[2.4013,36.634],[2.4011,36.6339],[2.4009,36.634],[2.4008,36.634],[2.4006,36.6341],[2.4005,36.6342],[2.4004,36.6343],[2.4003,36.6344],[2.4002,36.6345],[2.4001,36.6346],[2.4,36.6346],[2.4,36.6346],[2.4,36.6347],[2.4,36.6347],[2.3999,36.6348],[2.4,36.6348],[2.3999,36.6348],[2.3999,36.6349],[2.3997,36.6349],[2.3996,36.6349],[2.3995,36.6349],[2.3995,36.6349],[2.3993,36.6349],[2.3991,36.6349],[2.399,36.6349],[2.3988,36.635],[2.3986,36.635],[2.3985,36.635],[2.3983,36.6351],[2.3981,36.6352],[2.398,36.6353],[2.3979,36.6353],[2.3976,36.6354],[2.3973,36.6356],[2.3971,36.6357],[2.3968,36.6357],[2.3966,36.6357],[2.3964,36.6357],[2.3961,36.6357],[2.3959,36.6357],[2.3957,36.6359],[2.3956,36.6359],[2.3955,36.6358],[2.3953,36.6357],[2.3952,36.6357],[2.395,36.6357],[2.3949,36.6357],[2.3946,36.6356],[2.3944,36.6357],[2.3942,36.6357],[2.394,36.6356],[2.3938,36.6356],[2.3936,36.6356],[2.3935,36.6356],[2.3933,36.6356],[2.3931,36.6357],[2.393,36.6357],[2.3928,36.6358],[2.3925,36.6359],[2.3924,36.6359],[2.3922,36.6361],[2.3922,36.6363],[2.3921,36.6364],[2.392,36.6365],[2.392,36.6367],[2.3918,36.6368],[2.3918,36.6368],[2.3917,36.6368],[2.3916,36.6369],[2.3915,36.6369],[2.3914,36.6368],[2.3914,36.6368],[2.3913,36.6368],[2.3912,36.6368],[2.3913,36.6368],[2.3913,36.6367],[2.3912,36.6367],[2.3908,36.6364],[2.3905,36.6363],[2.3902,36.6362],[2.39,36.636],[2.3899,36.6359],[2.3898,36.6359],[2.3897,36.6359],[2.3894,36.6359],[2.3893,36.6359],[2.3889,36.636],[2.3888,36.636],[2.3885,36.636],[2.3884,36.6361],[2.3882,36.6361],[2.388,36.6363],[2.3877,36.6365],[2.3875,36.6367],[2.3874,36.6368],[2.3875,36.6368],[2.3874,36.6369],[2.3873,36.637],[2.3871,36.6371],[2.387,36.6372],[2.3869,36.6373],[2.3869,36.6373],[2.3869,36.6375],[2.387,36.6376],[2.387,36.6377],[2.3869,36.6377],[2.3869,36.6377],[2.3868,36.6377],[2.3866,36.6379],[2.3865,36.638],[2.3864,36.6381],[2.3863,36.6382],[2.3863,36.6383],[2.3863,36.6384],[2.3863,36.6384],[2.3864,36.6385],[2.3863,36.6386],[2.3862,36.6386],[2.3863,36.6387],[2.3865,36.6388],[2.3865,36.6389],[2.3865,36.6389],[2.3864,36.639],[2.3865,36.639],[2.3865,36.639],[2.3864,36.639],[2.3864,36.639],[2.3864,36.639],[2.3863,36.639],[2.3863,36.639],[2.3863,36.639],[2.3863,36.6391],[2.3862,36.6391],[2.3861,36.639],[2.3861,36.639],[2.386,36.6391],[2.386,36.6391],[2.3861,36.6392],[2.386,36.6391],[2.386,36.6392],[2.3859,36.6392],[2.3858,36.6392],[2.3857,36.6391],[2.3856,36.6391],[2.3855,36.6392],[2.3854,36.6391],[2.3852,36.6391],[2.3851,36.6391],[2.385,36.6391],[2.385,36.6391],[2.3849,36.6391],[2.3848,36.6391],[2.3847,36.6391],[2.3846,36.6391],[2.3847,36.6392],[2.3848,36.6392],[2.3846,36.6392],[2.3845,36.6392],[2.3845,36.6392],[2.3844,36.6392],[2.3844,36.6391],[2.3843,36.6391],[2.3843,36.639],[2.3842,36.639],[2.3841,36.6391],[2.384,36.6391],[2.384,36.639],[2.3839,36.639],[2.3838,36.639],[2.3837,36.639],[2.3834,36.6392],[2.3833,36.6393],[2.3832,36.6393],[2.3831,36.6394],[2.383,36.6394],[2.383,36.6393],[2.3828,36.6393],[2.3826,36.6393],[2.3826,36.6393],[2.3821,36.6393],[2.3818,36.6394],[2.3815,36.6394],[2.3814,36.6395],[2.3813,36.6394],[2.3811,36.6394],[2.3809,36.6395],[2.3808,36.6395],[2.3805,36.6394],[2.3801,36.6394],[2.3799,36.6394],[2.3797,36.6394],[2.3794,36.6394],[2.3793,36.6394],[2.3791,36.6394],[2.3791,36.6395],[2.379,36.6395],[2.3788,36.6396],[2.3786,36.6396],[2.3784,36.6398],[2.3782,36.6398],[2.3779,36.6398],[2.3776,36.6399],[2.3774,36.64],[2.3773,36.64],[2.3772,36.6402],[2.3771,36.6404],[2.377,36.6405],[2.3768,36.6407],[2.3768,36.6408],[2.3768,36.6408],[2.3768,36.6408],[2.3769,36.6409],[2.3768,36.6409],[2.3769,36.6409],[2.377,36.641],[2.3769,36.6411],[2.3769,36.6411],[2.3769,36.6411],[2.3769,36.6412],[2.3771,36.6413],[2.377,36.6414],[2.377,36.6414],[2.377,36.6415],[2.3769,36.6416],[2.3769,36.6415],[2.3768,36.6416],[2.3768,36.6415],[2.3768,36.6414],[2.3767,36.6415],[2.3767,36.6415],[2.3767,36.6415],[2.3766,36.6415],[2.3766,36.6415],[2.3766,36.6414],[2.3765,36.6414],[2.3765,36.6413],[2.3763,36.6412],[2.3762,36.6412],[2.3761,36.6412],[2.376,36.6412],[2.376,36.6412],[2.376,36.6413],[2.3759,36.6414],[2.376,36.6413],[2.3759,36.6413],[2.3758,36.6413],[2.3758,36.6413],[2.3756,36.6413],[2.3756,36.6413],[2.3756,36.6413],[2.3755,36.6413],[2.3754,36.6414],[2.3754,36.6415],[2.3753,36.6415],[2.3753,36.6415],[2.3753,36.6414],[2.3753,36.6413],[2.3753,36.6413],[2.3751,36.6412],[2.3751,36.6412],[2.375,36.6412],[2.375,36.6413],[2.375,36.6413],[2.3749,36.6413],[2.3749,36.6412],[2.3749,36.6412],[2.375,36.6411],[2.375,36.6411],[2.3749,36.641],[2.3749,36.641],[2.3747,36.6409],[2.3746,36.6409],[2.3743,36.6409],[2.374,36.6408],[2.3738,36.6408],[2.3735,36.6407],[2.3732,36.6407],[2.3728,36.6407],[2.3726,36.6407],[2.3725,36.6407],[2.3724,36.6408],[2.3722,36.6408],[2.3721,36.6409],[2.3721,36.6409],[2.372,36.6409],[2.3719,36.6409],[2.3718,36.641],[2.3718,36.641],[2.3717,36.6411],[2.3715,36.6412],[2.3715,36.6413],[2.3713,36.6413],[2.3712,36.6413],[2.371,36.6413],[2.3709,36.6413],[2.3708,36.6414],[2.3708,36.6414],[2.3707,36.6415],[2.3706,36.6415],[2.3706,36.6414],[2.3706,36.6414],[2.3704,36.6413],[2.3703,36.6413],[2.3703,36.6413],[2.3702,36.6413],[2.3702,36.6413],[2.3702,36.6412],[2.3701,36.6412],[2.37,36.6411],[2.3699,36.641],[2.3699,36.6409],[2.3699,36.6408],[2.3699,36.6408],[2.3698,36.6407],[2.3697,36.6406],[2.3696,36.6406],[2.3694,36.6406],[2.3693,36.6406],[2.3692,36.6406],[2.3691,36.6407],[2.369,36.6407],[2.3689,36.6407],[2.3689,36.6407],[2.3688,36.6408],[2.3688,36.6409],[2.3689,36.6409],[2.3689,36.641],[2.3689,36.6411],[2.3688,36.6411],[2.3688,36.6411],[2.3687,36.6411],[2.3687,36.6411],[2.3687,36.6411],[2.3686,36.6411],[2.3686,36.6411],[2.3686,36.6411],[2.3685,36.6411],[2.3685,36.641],[2.3684,36.641],[2.3684,36.6409],[2.3683,36.641],[2.3681,36.641],[2.368,36.6411],[2.3679,36.6412],[2.3679,36.6413],[2.3679,36.6414],[2.3679,36.6415],[2.3679,36.6415],[2.3679,36.6416],[2.3678,36.6416],[2.3679,36.6417],[2.3679,36.6417],[2.3678,36.6417],[2.3678,36.6418],[2.3679,36.6418],[2.3679,36.6419],[2.3678,36.6418],[2.3678,36.6419],[2.3678,36.6419],[2.3678,36.6419],[2.3678,36.6419],[2.3679,36.642],[2.3679,36.6421],[2.3678,36.6421],[2.3677,36.6421],[2.3677,36.6422],[2.3676,36.6422],[2.3674,36.6423],[2.3673,36.6424],[2.3671,36.6426],[2.367,36.6427],[2.367,36.6427],[2.3669,36.6427],[2.3668,36.6427],[2.3666,36.6429],[2.3666,36.6428],[2.3667,36.6427],[2.3667,36.6427],[2.3667,36.6425],[2.3667,36.6424],[2.3667,36.6424],[2.3666,36.6424],[2.3665,36.6423],[2.3664,36.6423],[2.3663,36.6423],[2.3661,36.6422],[2.366,36.6422],[2.366,36.6421],[2.3659,36.642],[2.3657,36.6419],[2.3656,36.6419],[2.3654,36.6419],[2.3653,36.6419],[2.3652,36.6419],[2.3651,36.6419],[2.365,36.6419],[2.3649,36.642],[2.3648,36.6421],[2.3647,36.6422],[2.3647,36.6421],[2.3647,36.642],[2.3648,36.6419],[2.3648,36.6419],[2.3648,36.6418],[2.3646,36.6417],[2.3645,36.6416],[2.3644,36.6416],[2.3643,36.6417],[2.3642,36.6417],[2.3643,36.6416],[2.3642,36.6415],[2.364,36.6414],[2.3638,36.6414],[2.3635,36.6413],[2.3632,36.6413],[2.3629,36.6413],[2.3628,36.6413],[2.3624,36.6414],[2.3621,36.6414],[2.3617,36.6416],[2.3616,36.6416],[2.3614,36.6418],[2.3613,36.6419],[2.3611,36.642],[2.3609,36.642],[2.3606,36.642],[2.3605,36.6421],[2.3604,36.6421],[2.3604,36.6422],[2.3603,36.6422],[2.3602,36.6422],[2.3601,36.6423],[2.36,36.6424],[2.3599,36.6424],[2.3598,36.6424],[2.3597,36.6425],[2.3597,36.6426],[2.3596,36.6426],[2.3596,36.6427],[2.3596,36.6427],[2.3596,36.6427],[2.3595,36.6428],[2.3595,36.6428],[2.3595,36.6429],[2.3594,36.643],[2.3593,36.6429],[2.3593,36.6428],[2.3592,36.6428],[2.3591,36.6428],[2.359,36.6427],[2.3589,36.6427],[2.3589,36.6426],[2.3589,36.6426],[2.3588,36.6425],[2.3587,36.6426],[2.3587,36.6426],[2.3586,36.6426],[2.3584,36.6425],[2.3582,36.6424],[2.358,36.6424],[2.3579,36.6424],[2.3577,36.6423],[2.3576,36.6423],[2.3572,36.6423],[2.3571,36.6423],[2.357,36.6423],[2.3568,36.6423],[2.3567,36.6423],[2.3566,36.6424],[2.3566,36.6424],[2.3564,36.6423],[2.3563,36.6423],[2.3562,36.6422],[2.3561,36.6422],[2.3561,36.6423],[2.3562,36.6424],[2.3561,36.6424],[2.3559,36.6424],[2.3558,36.6423],[2.3559,36.6422],[2.3559,36.6422],[2.3559,36.6422],[2.3558,36.6422],[2.3556,36.6422],[2.3557,36.6422],[2.3556,36.6423],[2.3555,36.6422],[2.3554,36.6422],[2.3553,36.6422],[2.3551,36.6423],[2.355,36.6423],[2.3548,36.6423],[2.3548,36.6423],[2.3547,36.6423],[2.3544,36.6423],[2.3542,36.6424],[2.3539,36.6425],[2.3538,36.6425],[2.3538,36.6426],[2.3538,36.6427],[2.3537,36.6427],[2.3536,36.6427],[2.3536,36.6427],[2.3535,36.6426],[2.3535,36.6426],[2.3535,36.6426],[2.3534,36.6426],[2.3534,36.6426],[2.3533,36.6425],[2.3532,36.6425],[2.3531,36.6426],[2.353,36.6426],[2.3529,36.6427],[2.3528,36.6428],[2.3527,36.6429],[2.3528,36.6429],[2.3529,36.643],[2.3528,36.643],[2.3528,36.6431],[2.3527,36.643],[2.3527,36.643],[2.3527,36.643],[2.3527,36.6431],[2.3527,36.6431],[2.3528,36.6432],[2.3527,36.6432],[2.3527,36.6432],[2.3526,36.6432],[2.3525,36.6432],[2.3525,36.6432],[2.3524,36.6431],[2.3524,36.643],[2.3523,36.643],[2.3523,36.6429],[2.3522,36.6429],[2.3521,36.6429],[2.3521,36.6429],[2.3519,36.6429],[2.3517,36.6429],[2.3514,36.643],[2.351,36.6429],[2.3508,36.6429],[2.3506,36.643],[2.3504,36.643],[2.3502,36.6432],[2.3501,36.6433],[2.35,36.6433],[2.35,36.6433],[2.35,36.6434],[2.35,36.6434],[2.3499,36.6434],[2.3499,36.6434],[2.3498,36.6433],[2.3498,36.6434],[2.3497,36.6434],[2.3496,36.6435],[2.3495,36.6435],[2.3496,36.6436],[2.3495,36.6436],[2.3496,36.6437],[2.3496,36.6437],[2.3495,36.6437],[2.3495,36.6437],[2.3495,36.6438],[2.3494,36.6437],[2.3494,36.6438],[2.3494,36.6438],[2.3493,36.6438],[2.3493,36.6438],[2.3492,36.6438],[2.3492,36.6438],[2.349,36.6439],[2.349,36.644],[2.3491,36.644],[2.349,36.644],[2.349,36.6441],[2.3489,36.6441],[2.3489,36.6441],[2.3489,36.6441],[2.3488,36.6441],[2.3487,36.6441],[2.3486,36.6442],[2.3484,36.6443],[2.3484,36.6443],[2.3483,36.6445],[2.3482,36.6446],[2.3483,36.6446],[2.3483,36.6447],[2.3484,36.6447],[2.3485,36.6447],[2.3485,36.6447],[2.3484,36.6448],[2.3484,36.6448],[2.3483,36.6448],[2.3482,36.6448],[2.3482,36.6449],[2.3481,36.6449],[2.3479,36.6448],[2.3478,36.6448],[2.3477,36.6448],[2.3477,36.6448],[2.3476,36.6449],[2.3474,36.645],[2.3474,36.6451],[2.3474,36.6452],[2.3475,36.6453],[2.3476,36.6453],[2.3476,36.6453],[2.3478,36.6453],[2.3478,36.6454],[2.3478,36.6454],[2.3476,36.6454],[2.3475,36.6454],[2.3474,36.6455],[2.3473,36.6454],[2.3472,36.6453],[2.3473,36.6453],[2.3472,36.6453],[2.3471,36.6453],[2.3471,36.6452],[2.3471,36.6452],[2.3471,36.6451],[2.3472,36.6448],[2.3473,36.6446],[2.3474,36.6445],[2.3474,36.6444],[2.3473,36.6443],[2.3472,36.6442],[2.347,36.6441],[2.3468,36.644],[2.3467,36.6439],[2.3465,36.6439],[2.3464,36.6438],[2.3464,36.6438],[2.3466,36.6438],[2.3466,36.6438],[2.3467,36.6437],[2.3466,36.6436],[2.3465,36.6435],[2.3464,36.6435],[2.3463,36.6434],[2.3461,36.6434],[2.3461,36.6434],[2.3459,36.6434],[2.3458,36.6434],[2.3458,36.6433],[2.3457,36.6433],[2.3457,36.6433],[2.3456,36.6433],[2.3455,36.6432],[2.3454,36.6432],[2.3453,36.6431],[2.3453,36.6431],[2.3453,36.643],[2.3452,36.643],[2.3452,36.6428],[2.3452,36.6427],[2.3452,36.6426],[2.3451,36.6425],[2.345,36.6425],[2.3449,36.6425],[2.3448,36.6425],[2.3447,36.6426],[2.3447,36.6426],[2.3446,36.6426],[2.3447,36.6427],[2.3446,36.6427],[2.3446,36.6428],[2.3445,36.6428],[2.3445,36.6428],[2.3446,36.6429],[2.3446,36.6429],[2.3445,36.6428],[2.3444,36.6428],[2.3443,36.6428],[2.3441,36.6427],[2.3443,36.6426],[2.3441,36.6425],[2.3443,36.6424],[2.3442,36.6424],[2.3443,36.6423],[2.3444,36.6423],[2.3444,36.6422],[2.3443,36.642],[2.3441,36.6419],[2.3439,36.6418],[2.3436,36.6416],[2.3432,36.6414],[2.3427,36.6412],[2.3423,36.6411],[2.3419,36.641],[2.3415,36.6409],[2.3413,36.6408],[2.3411,36.6407],[2.3409,36.6407],[2.3407,36.6408],[2.3404,36.6408],[2.3401,36.6408],[2.34,36.6408],[2.3399,36.6409],[2.3398,36.6408],[2.3397,36.6408],[2.3396,36.6408],[2.3394,36.6407],[2.3393,36.6406],[2.3391,36.6406],[2.3389,36.6406],[2.3387,36.6406],[2.3386,36.6406],[2.3383,36.6405],[2.3379,36.6402],[2.3377,36.6401],[2.3376,36.6401],[2.3374,36.6401],[2.3372,36.6401],[2.3369,36.64],[2.3365,36.64],[2.3362,36.64],[2.336,36.64],[2.3358,36.64],[2.3354,36.6399],[2.3352,36.6399],[2.335,36.6398],[2.3348,36.6398],[2.3347,36.6398],[2.3346,36.6398],[2.3343,36.6397],[2.3341,36.6397],[2.3339,36.6397],[2.3335,36.6398],[2.3332,36.6398],[2.333,36.6398],[2.3328,36.6399],[2.3322,36.6402],[2.3318,36.6404],[2.3316,36.6406],[2.3315,36.6408],[2.3314,36.6409],[2.3313,36.6409],[2.3311,36.6411],[2.3311,36.6412],[2.3312,36.6413],[2.3313,36.6414],[2.3313,36.6414],[2.3311,36.6415],[2.331,36.6415],[2.3309,36.6415],[2.3309,36.6416],[2.3307,36.6417],[2.3307,36.6416],[2.3306,36.6417],[2.3307,36.6417],[2.3305,36.6418],[2.3305,36.6418],[2.3306,36.6417],[2.3305,36.6417],[2.3304,36.6417],[2.3304,36.6416],[2.3304,36.6415],[2.3303,36.6415],[2.3301,36.6414],[2.3299,36.6414],[2.3298,36.6413],[2.3297,36.6413],[2.3296,36.6413],[2.3296,36.6414],[2.3294,36.6413],[2.3293,36.6413],[2.3293,36.6412],[2.3291,36.6412],[2.3292,36.6411],[2.3293,36.641],[2.3294,36.6409],[2.3293,36.6409],[2.3294,36.6408],[2.3293,36.6408],[2.3291,36.6406],[2.3289,36.6405],[2.3287,36.6405],[2.3286,36.6405],[2.3285,36.6406],[2.3285,36.6407],[2.3283,36.6408],[2.3281,36.6408],[2.3281,36.6409],[2.3279,36.6409],[2.3279,36.6409],[2.3279,36.641],[2.3277,36.6409],[2.3276,36.6409],[2.3276,36.641],[2.3274,36.641],[2.3274,36.641],[2.3274,36.6408],[2.3273,36.6408],[2.3273,36.6408],[2.3272,36.6408],[2.3271,36.6408],[2.3271,36.6407],[2.327,36.6407],[2.327,36.6407],[2.327,36.6406],[2.327,36.6407],[2.3269,36.6407],[2.3268,36.6408],[2.3267,36.6408],[2.3266,36.6408],[2.3265,36.6407],[2.3264,36.6407],[2.3264,36.6407],[2.3264,36.6407],[2.3264,36.6406],[2.3264,36.6406],[2.3265,36.6405],[2.3265,36.6405],[2.3265,36.6404],[2.3265,36.6403],[2.3264,36.6403],[2.3261,36.6403],[2.3261,36.6403],[2.3262,36.6402],[2.3262,36.6402],[2.3261,36.64],[2.3261,36.64],[2.326,36.6399],[2.3259,36.6398],[2.3258,36.6398],[2.3257,36.6398],[2.3256,36.6398],[2.3255,36.6399],[2.3255,36.6398],[2.3255,36.6398],[2.3253,36.6397],[2.3252,36.6397],[2.325,36.6397],[2.3248,36.6397],[2.3246,36.6397],[2.3245,36.6397],[2.3245,36.6397],[2.3244,36.6398],[2.3244,36.6399],[2.3243,36.64],[2.3242,36.6401],[2.3242,36.6401],[2.3241,36.6401],[2.3241,36.6402],[2.3241,36.6402],[2.3241,36.6403],[2.324,36.6402],[2.324,36.6402],[2.3239,36.6402],[2.3239,36.6403],[2.3238,36.6403],[2.3238,36.6402],[2.3238,36.6403],[2.3238,36.6403],[2.3236,36.6404],[2.3235,36.6403],[2.3233,36.6403],[2.3233,36.6403],[2.3233,36.6403],[2.3232,36.6402],[2.3231,36.6402],[2.3231,36.6402],[2.323,36.6401],[2.323,36.6401],[2.3231,36.6401],[2.323,36.64],[2.323,36.6399],[2.323,36.6398],[2.3231,36.6397],[2.3231,36.6397],[2.3231,36.6397],[2.3232,36.6396],[2.3232,36.6395],[2.3233,36.6395],[2.3233,36.6395],[2.3233,36.6394],[2.3233,36.6394],[2.3233,36.6393],[2.3232,36.6393],[2.3231,36.6393],[2.3231,36.6394],[2.323,36.6395],[2.3229,36.6395],[2.3228,36.6394],[2.3228,36.6394],[2.3228,36.6393],[2.3229,36.6393],[2.3229,36.6393],[2.3229,36.6392],[2.3227,36.6392],[2.3227,36.6391],[2.3227,36.639],[2.3228,36.639],[2.3229,36.639],[2.3228,36.6389],[2.3227,36.6389],[2.3225,36.6388],[2.3224,36.6388],[2.3222,36.6388],[2.3221,36.6388],[2.322,36.6388],[2.3219,36.6388],[2.3219,36.6387],[2.3218,36.6387],[2.3217,36.6387],[2.3215,36.6387],[2.3214,36.6388],[2.3213,36.6389],[2.3213,36.6389],[2.3213,36.639],[2.3214,36.639],[2.3214,36.639],[2.3215,36.639],[2.3215,36.6391],[2.3214,36.6391],[2.3214,36.6392],[2.3213,36.6392],[2.3213,36.6392],[2.3213,36.6393],[2.3213,36.6393],[2.3212,36.6392],[2.3212,36.6392],[2.3212,36.6391],[2.3211,36.6392],[2.3211,36.6391],[2.321,36.6392],[2.3209,36.6393],[2.3208,36.6393],[2.3208,36.6392],[2.3207,36.6393],[2.3207,36.6392],[2.3207,36.6393],[2.3206,36.6393],[2.3204,36.6394],[2.3204,36.6395],[2.3203,36.6395],[2.3202,36.6396],[2.3202,36.6396],[2.3201,36.6396],[2.3201,36.6396],[2.3202,36.6396],[2.3201,36.6396],[2.32,36.6397],[2.3199,36.6397],[2.3199,36.6397],[2.3198,36.6397],[2.3198,36.6396],[2.3198,36.6396],[2.3198,36.6396],[2.3197,36.6396],[2.3196,36.6396],[2.3194,36.6396],[2.3194,36.6397],[2.3194,36.6397],[2.3195,36.6398],[2.3195,36.6398],[2.3195,36.6399],[2.3195,36.6399],[2.3194,36.6399],[2.3193,36.6399],[2.3192,36.6398],[2.3192,36.6399],[2.3192,36.6399],[2.3192,36.6399],[2.3191,36.6399],[2.319,36.6399],[2.3188,36.6399],[2.3187,36.6399],[2.3186,36.6398],[2.3185,36.6398],[2.3185,36.6397],[2.3184,36.6397],[2.3182,36.6397],[2.3181,36.6397],[2.3181,36.6396],[2.318,36.6396],[2.3179,36.6395],[2.3179,36.6395],[2.3178,36.6395],[2.3177,36.6394],[2.3177,36.6394],[2.3176,36.6393],[2.3176,36.6392],[2.3176,36.6392],[2.3175,36.6392],[2.3175,36.6392],[2.3175,36.6392],[2.3174,36.6391],[2.3173,36.6392],[2.3172,36.6392],[2.3171,36.6392],[2.3171,36.6392],[2.3169,36.6392],[2.3168,36.6391],[2.3168,36.6391],[2.3169,36.6391],[2.317,36.6391],[2.3171,36.6391],[2.3171,36.639],[2.3171,36.639],[2.3171,36.6389],[2.3171,36.6388],[2.317,36.6387],[2.3169,36.6386],[2.3169,36.6385],[2.3168,36.6385],[2.3167,36.6385],[2.3165,36.6385],[2.3165,36.6386],[2.3165,36.6386],[2.3164,36.6387],[2.3163,36.6387],[2.3162,36.6386],[2.3163,36.6385],[2.3163,36.6385],[2.3162,36.6384],[2.3161,36.6384],[2.3161,36.6384],[2.316,36.6383],[2.3159,36.6383],[2.3157,36.6383],[2.3155,36.6383],[2.3153,36.6382],[2.3152,36.6381],[2.3151,36.638],[2.315,36.6381],[2.3148,36.6381],[2.3147,36.6382],[2.3145,36.6383],[2.3143,36.6382],[2.3141,36.6381],[2.314,36.6381],[2.314,36.6382],[2.3139,36.6383],[2.3138,36.6383],[2.3137,36.6383],[2.3137,36.6383],[2.3136,36.6383],[2.3134,36.6382],[2.3134,36.6382],[2.3135,36.6382],[2.3135,36.6381],[2.3135,36.6381],[2.3135,36.6381],[2.3134,36.638],[2.3133,36.6379],[2.3131,36.6378],[2.313,36.6378],[2.3129,36.6378],[2.3128,36.6377],[2.3128,36.6378],[2.3126,36.6378],[2.3125,36.6379],[2.3126,36.6379],[2.3124,36.6379],[2.3123,36.6378],[2.3122,36.6378],[2.3122,36.6377],[2.3121,36.6376],[2.312,36.6376],[2.3119,36.6376],[2.3118,36.6377],[2.3117,36.6377],[2.3117,36.6378],[2.3116,36.6378],[2.3115,36.6378],[2.3114,36.6377],[2.3115,36.6377],[2.3116,36.6376],[2.3116,36.6376],[2.3115,36.6375],[2.3115,36.6375],[2.3116,36.6375],[2.3117,36.6374],[2.3117,36.6374],[2.3116,36.6372],[2.3115,36.6372],[2.3114,36.6371],[2.3113,36.6371],[2.3112,36.6371],[2.3111,36.6371],[2.3111,36.6372],[2.3109,36.6372],[2.3108,36.6372],[2.3108,36.6372],[2.3108,36.6373],[2.3108,36.6373],[2.3107,36.6373],[2.3106,36.6372],[2.3104,36.6372],[2.3102,36.6372],[2.31,36.6372],[2.3099,36.6372],[2.3098,36.6372],[2.3098,36.6372],[2.3098,36.6372],[2.3097,36.6372],[2.3096,36.6372],[2.3096,36.6373],[2.3095,36.6372],[2.3094,36.6373],[2.3093,36.6373],[2.3093,36.6374],[2.3093,36.6374],[2.3092,36.6374],[2.3092,36.6374],[2.3091,36.6375],[2.3091,36.6375],[2.3091,36.6375],[2.309,36.6375],[2.3089,36.6375],[2.3088,36.6375],[2.3087,36.6374],[2.3087,36.6375],[2.3087,36.6374],[2.3086,36.6374],[2.3086,36.6374],[2.3085,36.6374],[2.3085,36.6374],[2.3085,36.6374],[2.3084,36.6373],[2.3084,36.6373],[2.3083,36.6374],[2.3082,36.6374],[2.3082,36.6373],[2.3081,36.6373],[2.3081,36.6374],[2.308,36.6373],[2.308,36.6373],[2.308,36.6372],[2.3079,36.6372],[2.3078,36.6372],[2.3077,36.6372],[2.3076,36.6372],[2.3076,36.6372],[2.3076,36.6372],[2.3075,36.6372],[2.3075,36.6372],[2.3074,36.6372],[2.3074,36.6371],[2.3072,36.6371],[2.3071,36.6372],[2.307,36.6371],[2.3069,36.6371],[2.3068,36.6372],[2.3067,36.6372],[2.3067,36.6372],[2.3066,36.6371],[2.3066,36.6371],[2.3066,36.6372],[2.3065,36.6372],[2.3065,36.6372],[2.3064,36.6372],[2.3063,36.6371],[2.3063,36.6372],[2.3063,36.6372],[2.3062,36.6372],[2.3062,36.6372],[2.3062,36.6372],[2.306,36.6372],[2.306,36.6372],[2.306,36.6372],[2.3059,36.6372],[2.3058,36.6371],[2.3058,36.6372],[2.3058,36.6371],[2.3057,36.6372],[2.3057,36.6372],[2.3056,36.6372],[2.3057,36.6371],[2.3055,36.6371],[2.3055,36.637],[2.3056,36.637],[2.3056,36.6369],[2.3055,36.6369],[2.3055,36.637],[2.3054,36.6369],[2.3054,36.6369],[2.3054,36.6369],[2.3053,36.6369],[2.3053,36.6368],[2.3053,36.6367],[2.3052,36.6366],[2.3051,36.6366],[2.305,36.6365],[2.305,36.6364],[2.305,36.6363],[2.305,36.6363],[2.3049,36.6363],[2.3048,36.6363],[2.3048,36.6363],[2.3046,36.6362],[2.3045,36.6361],[2.3045,36.6361],[2.3045,36.6361],[2.3044,36.636],[2.3045,36.636],[2.3044,36.636],[2.3044,36.636],[2.3044,36.636],[2.3043,36.6359],[2.3043,36.636],[2.3042,36.636],[2.3042,36.636],[2.3041,36.636],[2.304,36.636],[2.304,36.6359],[2.304,36.6359],[2.304,36.6359],[2.304,36.6358],[2.3039,36.6358],[2.3039,36.6358],[2.3039,36.6358],[2.3038,36.6358],[2.3038,36.6358],[2.3038,36.6358],[2.3037,36.6358],[2.3036,36.6358],[2.3037,36.6358],[2.3036,36.6358],[2.3035,36.6358],[2.3035,36.6357],[2.3035,36.6357],[2.3035,36.6357],[2.3034,36.6357],[2.3034,36.6357],[2.3034,36.6357],[2.3034,36.6358],[2.3033,36.6358],[2.3032,36.6358],[2.3032,36.6357],[2.3031,36.6357],[2.303,36.6357],[2.303,36.6358],[2.3029,36.6359],[2.3029,36.6359],[2.3028,36.6358],[2.3028,36.6358],[2.3028,36.6357],[2.3028,36.6357],[2.3027,36.6357],[2.3027,36.6357],[2.3027,36.6357],[2.3026,36.6357],[2.3026,36.6357],[2.3026,36.6358],[2.3025,36.6358],[2.3025,36.6357],[2.3024,36.6357],[2.3025,36.6357],[2.3025,36.6357],[2.3025,36.6356],[2.3025,36.6355],[2.3025,36.6354],[2.3023,36.6354],[2.3022,36.6353],[2.3021,36.6353],[2.302,36.6352],[2.3019,36.6352],[2.3018,36.6352],[2.3018,36.6351],[2.3017,36.6351],[2.3017,36.635],[2.3016,36.635],[2.3015,36.635],[2.3014,36.635],[2.3014,36.6349],[2.3013,36.6349],[2.3012,36.635],[2.3012,36.6349],[2.3011,36.6349],[2.3011,36.6349],[2.3012,36.6348],[2.3011,36.6348],[2.3011,36.6348],[2.301,36.6347],[2.301,36.6348],[2.3009,36.6348],[2.3009,36.6347],[2.3008,36.6347],[2.3008,36.6347],[2.3008,36.6346],[2.3007,36.6346],[2.3007,36.6346],[2.3007,36.6346],[2.3007,36.6346],[2.3006,36.6346],[2.3006,36.6345],[2.3006,36.6345],[2.3005,36.6345],[2.3005,36.6344],[2.3004,36.6344],[2.3004,36.6343],[2.3004,36.6343],[2.3002,36.6342],[2.2998,36.6341],[2.2994,36.6339],[2.2992,36.6338],[2.2991,36.6337],[2.2989,36.6336],[2.2989,36.6336],[2.2986,36.6335],[2.2983,36.6334],[2.2981,36.6334],[2.2979,36.6334],[2.2976,36.6334],[2.2972,36.6334],[2.2971,36.6334],[2.2971,36.6334],[2.2968,36.6334],[2.2967,36.6334],[2.2968,36.6335],[2.2968,36.6335],[2.2967,36.6337],[2.2966,36.6336],[2.2966,36.6337],[2.2964,36.6336],[2.2963,36.6337],[2.2964,36.6337],[2.2963,36.6337],[2.2963,36.6338],[2.2962,36.6337],[2.2961,36.6337],[2.296,36.6337],[2.296,36.6337],[2.296,36.6337],[2.2959,36.6337],[2.2959,36.6337],[2.2958,36.6337],[2.2958,36.6338],[2.2958,36.6337],[2.2957,36.6337],[2.2957,36.6338],[2.2956,36.6338],[2.2955,36.6338],[2.2955,36.6338],[2.2955,36.6339],[2.2954,36.6338],[2.2954,36.6339],[2.2954,36.6339],[2.2954,36.6339],[2.2953,36.6341],[2.2953,36.6341],[2.2953,36.6341],[2.2953,36.6342],[2.2953,36.6342],[2.2953,36.6343],[2.2953,36.6343],[2.2952,36.6343],[2.2953,36.6343],[2.2952,36.6343],[2.2952,36.6343],[2.2952,36.6344],[2.2951,36.6344],[2.2951,36.6344],[2.2951,36.6344],[2.295,36.6344],[2.295,36.6344],[2.2949,36.6344],[2.2949,36.6344],[2.2948,36.6344],[2.2948,36.6344],[2.2947,36.6344],[2.2947,36.6344],[2.2946,36.6345],[2.2947,36.6345],[2.2947,36.6345],[2.2947,36.6346],[2.2947,36.6346],[2.2947,36.6346],[2.2947,36.6346],[2.2946,36.6345],[2.2946,36.6346],[2.2946,36.6346],[2.2946,36.6346],[2.2945,36.6346],[2.2945,36.6345],[2.2945,36.6346],[2.2944,36.6346],[2.2944,36.6346],[2.2944,36.6346],[2.2943,36.6346],[2.2943,36.6345],[2.2943,36.6346],[2.2943,36.6345],[2.2943,36.6346],[2.2942,36.6346],[2.2941,36.6345],[2.2941,36.6346],[2.2941,36.6346],[2.294,36.6346],[2.294,36.6345],[2.294,36.6345],[2.2939,36.6345],[2.2939,36.6345],[2.2938,36.6345],[2.2938,36.6345],[2.2938,36.6345],[2.2938,36.6346],[2.2937,36.6345],[2.2937,36.6344],[2.2937,36.6344],[2.2937,36.6344],[2.2936,36.6344],[2.2936,36.6344],[2.2936,36.6343],[2.2936,36.6342],[2.2936,36.6342],[2.2935,36.6342],[2.2934,36.6342],[2.2934,36.6342],[2.2933,36.6342],[2.2933,36.6342],[2.2933,36.6341],[2.2934,36.634],[2.2933,36.634],[2.2932,36.634],[2.2932,36.634],[2.2931,36.634],[2.293,36.634],[2.293,36.634],[2.293,36.6339],[2.2931,36.6339],[2.2932,36.6339],[2.2932,36.6338],[2.2932,36.6338],[2.2931,36.6338],[2.293,36.6338],[2.2929,36.6338],[2.293,36.6337],[2.2929,36.6337],[2.2929,36.6336],[2.2928,36.6336],[2.2928,36.6337],[2.2927,36.6337],[2.2927,36.6336],[2.2927,36.6336],[2.2927,36.6335],[2.2926,36.6335],[2.2926,36.6336],[2.2925,36.6335],[2.2924,36.6335],[2.2924,36.6335],[2.2923,36.6335],[2.2923,36.6335],[2.2922,36.6336],[2.2921,36.6336],[2.2921,36.6336],[2.2923,36.6338],[2.2921,36.6338],[2.2921,36.6338],[2.292,36.6338],[2.292,36.6338],[2.2919,36.6337],[2.2918,36.6337],[2.2918,36.6338],[2.2918,36.6337],[2.2917,36.6337],[2.2917,36.6336],[2.2916,36.6336],[2.2916,36.6336],[2.2915,36.6336],[2.2914,36.6336],[2.2914,36.6337],[2.2915,36.6338],[2.2914,36.6339],[2.2914,36.6338],[2.2914,36.6338],[2.2914,36.6337],[2.2913,36.6336],[2.2913,36.6336],[2.2912,36.6335],[2.2912,36.6335],[2.2911,36.6334],[2.291,36.6334],[2.2909,36.6333],[2.2907,36.6333],[2.2907,36.6333],[2.2906,36.6333],[2.2906,36.6332],[2.2905,36.6332],[2.2905,36.6333],[2.2904,36.6333],[2.2903,36.6332],[2.2902,36.6332],[2.2901,36.6332],[2.2901,36.6332],[2.2901,36.6332],[2.29,36.6332],[2.29,36.6332],[2.2899,36.6331],[2.2898,36.6332],[2.2898,36.6331],[2.2898,36.6331],[2.2898,36.6331],[2.2899,36.633],[2.2898,36.633],[2.2897,36.6329],[2.2897,36.6329],[2.2896,36.6329],[2.2896,36.6329],[2.2895,36.6329],[2.2893,36.6329],[2.2891,36.6329],[2.289,36.6329],[2.289,36.633],[2.2889,36.6329],[2.2889,36.633],[2.2888,36.633],[2.2887,36.633],[2.2887,36.633],[2.2886,36.6331],[2.2887,36.633],[2.2885,36.633],[2.2885,36.633],[2.2884,36.633],[2.2883,36.633],[2.2883,36.633],[2.2882,36.6329],[2.2882,36.6329],[2.2881,36.6329],[2.2881,36.6328],[2.2879,36.6327],[2.2879,36.6327],[2.2878,36.6327],[2.2877,36.6327],[2.2876,36.6326],[2.2875,36.6326],[2.2873,36.6325],[2.287,36.6324],[2.2869,36.6324],[2.2868,36.6323],[2.2867,36.6322],[2.2865,36.6322],[2.2864,36.6323],[2.2863,36.6324],[2.2863,36.6324],[2.2862,36.6324],[2.2861,36.6325],[2.286,36.6325],[2.286,36.6326],[2.2859,36.6326],[2.2859,36.6326],[2.2858,36.6326],[2.2858,36.6326],[2.2857,36.6327],[2.2858,36.6327],[2.2857,36.6327],[2.2857,36.6327],[2.2856,36.6326],[2.2856,36.6326],[2.2856,36.6327],[2.2855,36.6327],[2.2855,36.6326],[2.2856,36.6326],[2.2855,36.6326],[2.2854,36.6325],[2.2854,36.6325],[2.2854,36.6324],[2.2854,36.6324],[2.2854,36.6324],[2.2854,36.6324],[2.2853,36.6324],[2.2854,36.6323],[2.2853,36.6323],[2.2853,36.6323],[2.2852,36.6323],[2.2852,36.6323],[2.2852,36.6323],[2.2851,36.6323],[2.2851,36.6323],[2.2851,36.6324],[2.285,36.6324],[2.2848,36.6324],[2.2847,36.6324],[2.2845,36.6324],[2.2845,36.6323],[2.2846,36.6322],[2.2846,36.6321],[2.2845,36.6321],[2.2843,36.6321],[2.2843,36.6321],[2.2842,36.6321],[2.2842,36.632],[2.2843,36.632],[2.2843,36.6319],[2.2842,36.6319],[2.2843,36.6318],[2.2842,36.6318],[2.2842,36.6317],[2.2841,36.6317],[2.2841,36.6317],[2.284,36.6316],[2.284,36.6315],[2.2839,36.6315],[2.2839,36.6314],[2.2839,36.6314],[2.2838,36.6313],[2.2839,36.6313],[2.2838,36.6312],[2.2838,36.6312],[2.2839,36.6311],[2.2838,36.631],[2.2838,36.6309],[2.2837,36.6309],[2.2838,36.6308],[2.2838,36.6307],[2.2838,36.6307],[2.2838,36.6306],[2.2837,36.6306],[2.2838,36.6305],[2.2837,36.6304],[2.2835,36.6303],[2.2835,36.6303],[2.2834,36.6303],[2.2834,36.6303],[2.2833,36.6301],[2.2832,36.63],[2.2825,36.6298],[2.2823,36.6297],[2.2819,36.6297],[2.2817,36.6296],[2.2815,36.6297],[2.2814,36.6294],[2.2812,36.6292],[2.2809,36.629],[2.2808,36.6289],[2.2806,36.6289],[2.2805,36.6289],[2.2804,36.6289],[2.2802,36.6288],[2.2797,36.6287],[2.2796,36.6287],[2.2795,36.6288],[2.2794,36.6288],[2.2793,36.6288],[2.279,36.6287],[2.2787,36.6287],[2.2787,36.6287],[2.2785,36.6286],[2.2784,36.6286],[2.2783,36.6286],[2.2782,36.6285],[2.2782,36.6285],[2.2781,36.6285],[2.2781,36.6285],[2.2778,36.6283],[2.2778,36.6283],[2.2776,36.6283],[2.2773,36.6282],[2.277,36.6282],[2.2768,36.6282],[2.2768,36.6282],[2.2768,36.6282],[2.2767,36.6282],[2.2767,36.6282],[2.2767,36.6282],[2.2766,36.6281],[2.2765,36.6281],[2.2765,36.628],[2.2764,36.628],[2.2764,36.628],[2.2763,36.6279],[2.2762,36.628],[2.2761,36.628],[2.276,36.628],[2.2758,36.6279],[2.2756,36.6279],[2.2753,36.6279],[2.2751,36.6279],[2.2749,36.6279],[2.2748,36.6279],[2.2747,36.6279],[2.2745,36.6279],[2.2744,36.628],[2.2743,36.628],[2.2742,36.628],[2.2742,36.6281],[2.2742,36.6281],[2.2741,36.6281],[2.2741,36.6282],[2.2741,36.6281],[2.274,36.6282],[2.2739,36.6283],[2.2738,36.6283],[2.2737,36.6284],[2.2735,36.6284],[2.2734,36.6284],[2.2733,36.6284],[2.2732,36.6284],[2.2731,36.6283],[2.273,36.6279],[2.2729,36.6279],[2.273,36.6278],[2.2731,36.6276],[2.2731,36.6274],[2.2731,36.6273],[2.2729,36.6271],[2.2727,36.627],[2.2725,36.6268],[2.2723,36.6268],[2.2721,36.6268],[2.2719,36.6267],[2.2718,36.6267],[2.2716,36.6265],[2.2714,36.6265],[2.2711,36.6264],[2.271,36.6264],[2.2707,36.6265],[2.2706,36.6265],[2.2706,36.6264],[2.2704,36.6264],[2.2702,36.6264],[2.27,36.6264],[2.2698,36.6263],[2.2698,36.6264],[2.2697,36.6263],[2.2697,36.6263],[2.2696,36.6263],[2.2696,36.6263],[2.2695,36.6263],[2.2694,36.6263],[2.2692,36.6262],[2.2692,36.6262],[2.2692,36.6261],[2.2692,36.6261],[2.2693,36.6261],[2.2693,36.6261],[2.2693,36.626],[2.2692,36.6259],[2.2692,36.6259],[2.2691,36.6259],[2.2688,36.626],[2.2687,36.626],[2.2686,36.6261],[2.2685,36.6261],[2.2685,36.6259],[2.2685,36.6259],[2.2685,36.6258],[2.2684,36.6258],[2.2682,36.6257],[2.2681,36.6257],[2.268,36.6258],[2.268,36.6258],[2.2679,36.6259],[2.2679,36.6259],[2.2678,36.6259],[2.2678,36.6259],[2.2678,36.6259],[2.2677,36.6259],[2.2677,36.6259],[2.2677,36.6259],[2.2677,36.6259],[2.2677,36.6259],[2.2676,36.6259],[2.2675,36.6259],[2.2675,36.6258],[2.2675,36.6258],[2.2674,36.6258],[2.2674,36.6258],[2.2673,36.6258],[2.2673,36.6258],[2.2673,36.6258],[2.2673,36.6258],[2.2671,36.6258],[2.2671,36.6258],[2.267,36.6257],[2.2669,36.6257],[2.2667,36.6258],[2.2666,36.6258],[2.2666,36.6259],[2.2666,36.6259],[2.2666,36.6259],[2.2665,36.626],[2.2665,36.6259],[2.2664,36.6259],[2.2663,36.626],[2.2663,36.626],[2.2663,36.6261],[2.2663,36.6261],[2.2662,36.6261],[2.2662,36.6262],[2.2662,36.6263],[2.2662,36.6263],[2.2662,36.6263],[2.2662,36.6264],[2.2662,36.6264],[2.2662,36.6265],[2.2662,36.6265],[2.2661,36.6265],[2.266,36.6265],[2.2659,36.6265],[2.2658,36.6265],[2.2658,36.6265],[2.2657,36.6265],[2.2657,36.6265],[2.2656,36.6265],[2.2655,36.6265],[2.2655,36.6265],[2.2654,36.6266],[2.2653,36.6266],[2.2652,36.6266],[2.2651,36.6267],[2.2651,36.6269],[2.2651,36.6269],[2.265,36.6268],[2.2649,36.6268],[2.2648,36.6267],[2.2647,36.6267],[2.2646,36.6267],[2.2644,36.6267],[2.2643,36.6267],[2.2641,36.6269],[2.264,36.6268],[2.2639,36.6268],[2.2638,36.6269],[2.2636,36.6269],[2.2634,36.627],[2.2633,36.627],[2.2632,36.6269],[2.2632,36.6269],[2.2631,36.6269],[2.2629,36.6269],[2.2628,36.627],[2.2628,36.627],[2.2627,36.6271],[2.2626,36.6272],[2.2626,36.6273],[2.2625,36.6274],[2.2625,36.6274],[2.2626,36.6275],[2.2626,36.6276],[2.2626,36.6277],[2.2626,36.6277],[2.2626,36.6278],[2.2624,36.6278],[2.2623,36.6278],[2.2623,36.6278],[2.2623,36.6278],[2.2622,36.6278],[2.2621,36.6279],[2.2621,36.6279],[2.2621,36.628],[2.262,36.628],[2.262,36.628],[2.2619,36.628],[2.2619,36.628],[2.2619,36.6278],[2.2618,36.6277],[2.2617,36.6276],[2.2617,36.6273],[2.2616,36.6269],[2.2616,36.6268],[2.2615,36.6268],[2.2614,36.6268],[2.2613,36.6268],[2.2615,36.6267],[2.2615,36.6266],[2.2616,36.6265],[2.2616,36.6265],[2.2615,36.6263],[2.2615,36.6262],[2.2614,36.626],[2.2613,36.6259],[2.2613,36.6258],[2.2613,36.6258],[2.2613,36.6258],[2.2612,36.6257],[2.2612,36.6256],[2.2612,36.6254],[2.2612,36.6253],[2.2611,36.6252],[2.261,36.6251],[2.261,36.625],[2.261,36.6248],[2.2609,36.6247],[2.2608,36.6245],[2.2606,36.6243],[2.2605,36.6242],[2.2605,36.6241],[2.2604,36.6239],[2.2603,36.6238],[2.2602,36.6237],[2.2602,36.6235],[2.2602,36.6235],[2.2602,36.6235],[2.26,36.6233],[2.2599,36.6232],[2.2599,36.6231],[2.2599,36.6231],[2.2598,36.6229],[2.2597,36.6229],[2.2597,36.6228],[2.2596,36.6228],[2.2593,36.6225],[2.259,36.6223],[2.2589,36.6222],[2.2588,36.6221],[2.2588,36.622],[2.2587,36.622],[2.2585,36.6218],[2.2583,36.6217],[2.2582,36.6216],[2.2581,36.6215],[2.258,36.6215],[2.2579,36.6214],[2.2577,36.6213],[2.2575,36.6212],[2.2574,36.6211],[2.2573,36.6209],[2.2571,36.6209],[2.2569,36.6208],[2.2568,36.6207],[2.2565,36.6207],[2.2563,36.6206],[2.2563,36.6205],[2.2562,36.6205],[2.2563,36.6204],[2.2561,36.6203],[2.2559,36.6202],[2.2557,36.6201],[2.2554,36.6199],[2.2552,36.6199],[2.2551,36.6198],[2.255,36.6197],[2.2548,36.6197],[2.2547,36.6197],[2.2546,36.6197],[2.2545,36.6197],[2.2545,36.6196],[2.2543,36.6196],[2.2541,36.6195],[2.2539,36.6195],[2.2538,36.6194],[2.2536,36.6193],[2.2536,36.6192],[2.2535,36.6192],[2.2534,36.6192],[2.2533,36.6191],[2.2533,36.6191],[2.2532,36.6191],[2.2531,36.6191],[2.253,36.6191],[2.2529,36.619],[2.2525,36.6189],[2.2525,36.6188],[2.2524,36.6188],[2.2523,36.6188],[2.2523,36.6187],[2.2522,36.6187],[2.2521,36.6187],[2.2521,36.6187],[2.252,36.6187],[2.2519,36.6186],[2.2517,36.6185],[2.2515,36.6185],[2.2514,36.6185],[2.2513,36.6185],[2.251,36.6185],[2.2507,36.6185],[2.2507,36.6185],[2.2506,36.6185],[2.2506,36.6184],[2.2505,36.6183],[2.2504,36.6183],[2.2504,36.6183],[2.2503,36.6184],[2.2502,36.6183],[2.2501,36.6183],[2.25,36.6183],[2.2499,36.6182],[2.2498,36.6182],[2.2496,36.6182],[2.2495,36.6182],[2.2494,36.6181],[2.2492,36.6181],[2.2491,36.6181],[2.249,36.6181],[2.2489,36.618],[2.2487,36.618],[2.2487,36.6179],[2.2486,36.6179],[2.2485,36.6178],[2.2484,36.6178],[2.2484,36.6177],[2.2483,36.6178],[2.2483,36.6178],[2.2481,36.6178],[2.248,36.6178],[2.248,36.6178],[2.2479,36.6177],[2.2478,36.6177],[2.2476,36.6178],[2.2476,36.6177],[2.2474,36.6177],[2.2474,36.6177],[2.2474,36.6176],[2.2473,36.6177],[2.2472,36.6176],[2.2472,36.6176],[2.2471,36.6176],[2.2468,36.6177],[2.2468,36.6176],[2.2465,36.6177],[2.2464,36.6178],[2.2464,36.6178],[2.2463,36.6179],[2.2463,36.6179],[2.2461,36.6179],[2.246,36.6179],[2.246,36.6179],[2.2459,36.6179],[2.2456,36.618],[2.2456,36.618],[2.2457,36.618],[2.2457,36.618],[2.2457,36.6181],[2.2456,36.618],[2.2455,36.6181],[2.2454,36.6182],[2.2454,36.6183],[2.2452,36.6183],[2.2452,36.6184],[2.2452,36.6184],[2.245,36.6185],[2.245,36.6185],[2.2448,36.6186],[2.2446,36.6187],[2.2445,36.6187],[2.2445,36.6187],[2.2445,36.6187],[2.2444,36.6187],[2.2444,36.6187],[2.2442,36.6188],[2.2442,36.6188],[2.2442,36.6188],[2.2441,36.6188],[2.2441,36.6189],[2.2441,36.6189],[2.2441,36.6189],[2.2442,36.619],[2.2442,36.6191],[2.2441,36.6191],[2.2441,36.6192],[2.244,36.6192],[2.244,36.6192],[2.244,36.6192],[2.244,36.6192],[2.2439,36.6193],[2.2439,36.6193],[2.2439,36.6195],[2.2438,36.6195],[2.2438,36.6195],[2.2438,36.6196],[2.2437,36.6197],[2.2436,36.6198],[2.2437,36.6198],[2.2436,36.6199],[2.2436,36.62],[2.2435,36.6201],[2.2435,36.6201],[2.2434,36.6202],[2.2433,36.6201],[2.2433,36.6201],[2.2433,36.62],[2.2432,36.62],[2.2432,36.6201],[2.2432,36.6202],[2.2432,36.6202],[2.2433,36.6202],[2.2432,36.6203],[2.2432,36.6203],[2.2431,36.6203],[2.2431,36.6202],[2.243,36.6203],[2.2431,36.6203],[2.2431,36.6203],[2.2431,36.6203],[2.243,36.6204],[2.2431,36.6204],[2.2431,36.6204],[2.243,36.6204],[2.243,36.6204],[2.2429,36.6204],[2.2428,36.6204],[2.2428,36.6204],[2.2427,36.6205],[2.2427,36.6205],[2.2426,36.6205],[2.2426,36.6205],[2.2426,36.6205],[2.2426,36.6205],[2.2425,36.6205],[2.2425,36.6206],[2.2424,36.6207],[2.2423,36.6207],[2.2422,36.6208],[2.2421,36.6209],[2.2421,36.6209],[2.242,36.6209],[2.242,36.6208],[2.242,36.6208],[2.2419,36.6208],[2.2419,36.6207],[2.242,36.6206],[2.2421,36.6206],[2.2421,36.6205],[2.2421,36.6205],[2.2421,36.6205],[2.2418,36.6205],[2.2418,36.6205],[2.2418,36.6204],[2.2417,36.6204],[2.2417,36.6204],[2.2417,36.6203],[2.2415,36.6204],[2.2415,36.6204],[2.2414,36.6205],[2.2414,36.6205],[2.2413,36.6206],[2.2412,36.6206],[2.2412,36.6206],[2.2411,36.6207],[2.2411,36.6207],[2.241,36.6207],[2.241,36.6208],[2.2409,36.6208],[2.2409,36.6208],[2.2408,36.6208],[2.2407,36.6208],[2.2407,36.6209],[2.2406,36.6209],[2.2406,36.6208],[2.2406,36.6208],[2.2405,36.6208],[2.2405,36.6208],[2.2404,36.6208],[2.2404,36.6209],[2.2403,36.6209],[2.2403,36.6209],[2.2402,36.6208],[2.2401,36.6208],[2.2401,36.6208],[2.24,36.6209],[2.2401,36.6209],[2.24,36.621],[2.2399,36.621],[2.2397,36.621],[2.2398,36.6209],[2.2398,36.6209],[2.2395,36.621],[2.2394,36.621],[2.2392,36.621],[2.2391,36.6209],[2.239,36.6208],[2.2389,36.6207],[2.2389,36.6206],[2.2389,36.6205],[2.2389,36.6205],[2.2389,36.6205],[2.2389,36.6204],[2.2389,36.6204],[2.239,36.6203],[2.2392,36.6202],[2.2394,36.6201],[2.2394,36.62],[2.2394,36.6199],[2.2393,36.6198],[2.2392,36.6199],[2.239,36.6199],[2.2388,36.62],[2.2385,36.6202],[2.2385,36.6202],[2.2384,36.6201],[2.2383,36.6201],[2.2382,36.6202],[2.238,36.6202],[2.2379,36.6202],[2.2379,36.6202],[2.2379,36.6201],[2.2379,36.6201],[2.2378,36.6201],[2.2377,36.6201],[2.2377,36.6201],[2.2376,36.6201],[2.2374,36.6201],[2.2374,36.6202],[2.2373,36.6202],[2.2372,36.6201],[2.2372,36.6201],[2.2371,36.6201],[2.2371,36.62],[2.237,36.6199],[2.237,36.6198],[2.237,36.6197],[2.2371,36.6197],[2.2371,36.6196],[2.2371,36.6195],[2.2371,36.6195],[2.2372,36.6194],[2.2374,36.6194],[2.2375,36.6194],[2.2376,36.6194],[2.2377,36.6194],[2.2378,36.6193],[2.2379,36.6193],[2.238,36.6193],[2.238,36.6193],[2.2381,36.6193],[2.2381,36.6193],[2.2382,36.6192],[2.2383,36.6192],[2.2384,36.619],[2.2385,36.6188],[2.2386,36.6186],[2.2384,36.6184],[2.2382,36.6181],[2.2381,36.6179],[2.2381,36.6177],[2.2381,36.6176],[2.238,36.6174],[2.2379,36.6173],[2.2379,36.6172],[2.2378,36.6171],[2.2377,36.6169],[2.2375,36.6168],[2.2371,36.6167],[2.237,36.6167],[2.237,36.6169],[2.2369,36.617],[2.2366,36.617],[2.2364,36.6169],[2.2362,36.617],[2.2361,36.617],[2.236,36.617],[2.236,36.617],[2.2359,36.6174],[2.2359,36.6174],[2.2358,36.6174],[2.2358,36.6173],[2.2357,36.6173],[2.2355,36.6172],[2.2354,36.6171],[2.2353,36.6171],[2.2351,36.6171],[2.235,36.6171],[2.2349,36.6171],[2.2347,36.6172],[2.2346,36.6171],[2.2344,36.6171],[2.2344,36.6171],[2.2343,36.6171],[2.2341,36.6171],[2.234,36.6171],[2.2339,36.6171],[2.2337,36.6171],[2.2335,36.6171],[2.2334,36.617],[2.2333,36.6171],[2.2331,36.6171],[2.2331,36.617],[2.233,36.617],[2.233,36.6169],[2.2329,36.6169],[2.2329,36.6169],[2.2328,36.6168],[2.2328,36.6168],[2.2328,36.6168],[2.2328,36.6168],[2.2328,36.6167],[2.2328,36.6167],[2.2328,36.6166],[2.2327,36.6167],[2.2327,36.6167],[2.2327,36.6166],[2.2326,36.6166],[2.2326,36.6165],[2.2326,36.6165],[2.2325,36.6164],[2.2325,36.6164],[2.2325,36.6164],[2.2325,36.6163],[2.2325,36.6164],[2.2324,36.6163],[2.2325,36.6163],[2.2325,36.6163],[2.2325,36.6162],[2.2324,36.6162],[2.2324,36.6161],[2.2323,36.616],[2.2322,36.616],[2.2322,36.6159],[2.2321,36.6158],[2.232,36.6158],[2.232,36.6158],[2.2319,36.6157],[2.2319,36.6157],[2.2319,36.6157],[2.2318,36.6157],[2.2318,36.6156],[2.2319,36.6156],[2.2318,36.6155],[2.2318,36.6156],[2.2318,36.6155],[2.2318,36.6155],[2.2318,36.6154],[2.2318,36.6153],[2.2317,36.6153],[2.2317,36.6153],[2.2316,36.6152],[2.2316,36.6152],[2.2315,36.6152],[2.2315,36.6152],[2.2315,36.6151],[2.2316,36.6151],[2.2318,36.6151],[2.2317,36.615],[2.2317,36.6149],[2.2317,36.6148],[2.2317,36.6146],[2.2317,36.6145],[2.2316,36.6145],[2.2316,36.6144],[2.2314,36.6143],[2.2314,36.6143],[2.2313,36.6142],[2.2311,36.614],[2.231,36.614],[2.2306,36.6138],[2.2304,36.6137],[2.2304,36.6137],[2.2304,36.6137],[2.2303,36.6137],[2.2302,36.6137],[2.2302,36.6137],[2.2301,36.6137],[2.2299,36.6137],[2.2298,36.6136],[2.2292,36.6134],[2.229,36.6134],[2.2289,36.6133],[2.2288,36.6134],[2.2287,36.6134],[2.2287,36.6133],[2.2287,36.6133],[2.2286,36.6133],[2.2285,36.6133],[2.2283,36.6133],[2.2282,36.6132],[2.2281,36.6133],[2.228,36.6133],[2.2279,36.6133],[2.2278,36.6133],[2.2277,36.6133],[2.2276,36.6132],[2.2275,36.6132],[2.2273,36.6133],[2.2273,36.6132],[2.2272,36.6133],[2.2272,36.6132],[2.2271,36.6132],[2.227,36.6132],[2.2268,36.6132],[2.2267,36.6132],[2.2266,36.6132],[2.2265,36.6132],[2.2265,36.6133],[2.2265,36.6133],[2.2264,36.6134],[2.2264,36.6134],[2.2264,36.6134],[2.2264,36.6134],[2.2263,36.6134],[2.2263,36.6135],[2.2263,36.6135],[2.2263,36.6135],[2.2263,36.6135],[2.2263,36.6135],[2.2263,36.6136],[2.2262,36.6136],[2.2262,36.6137],[2.2262,36.6137],[2.2262,36.6137],[2.2262,36.6137],[2.2261,36.6138],[2.2261,36.6137],[2.226,36.6138],[2.2258,36.614],[2.2257,36.614],[2.2256,36.614],[2.2256,36.614],[2.2255,36.614],[2.2255,36.6141],[2.2254,36.6142],[2.2253,36.6143],[2.2252,36.6144],[2.2251,36.6144],[2.2251,36.6144],[2.225,36.6144],[2.2249,36.6143],[2.2249,36.6142],[2.2249,36.614],[2.2248,36.614],[2.2247,36.6141],[2.2246,36.6142],[2.2246,36.6141],[2.2245,36.6141],[2.2244,36.6142],[2.2245,36.6143],[2.2245,36.6144],[2.2245,36.6145],[2.2244,36.6146],[2.2243,36.6146],[2.2243,36.6147],[2.2242,36.6148],[2.2242,36.6148],[2.2241,36.6147],[2.224,36.6148],[2.224,36.6147],[2.2241,36.6146],[2.2241,36.6145],[2.2242,36.6145],[2.2241,36.6144],[2.224,36.6145],[2.2239,36.6145],[2.2239,36.6145],[2.2236,36.6146],[2.2237,36.6144],[2.2237,36.6144],[2.2237,36.6143],[2.2236,36.6143],[2.2235,36.6143],[2.2236,36.6142],[2.2235,36.6142],[2.2234,36.6142],[2.2233,36.6142],[2.2233,36.6143],[2.2232,36.6144],[2.2231,36.6143],[2.2231,36.6142],[2.2232,36.6142],[2.2233,36.6141],[2.2232,36.6141],[2.2231,36.6141],[2.2229,36.6143],[2.223,36.6141],[2.223,36.614],[2.223,36.614],[2.2229,36.6139],[2.2229,36.6138],[2.2229,36.6137],[2.2229,36.6136],[2.2228,36.6136],[2.2228,36.6134],[2.2228,36.6133],[2.2225,36.6132],[2.2224,36.6131],[2.2226,36.6131],[2.2226,36.613],[2.2224,36.6128],[2.2221,36.6127],[2.2219,36.6127],[2.2216,36.6127],[2.2214,36.6128],[2.2211,36.6128],[2.2208,36.6128],[2.2207,36.6128],[2.2205,36.6128],[2.2203,36.6128],[2.2201,36.6128],[2.22,36.6126],[2.2196,36.6125],[2.2194,36.6125],[2.2192,36.6125],[2.2188,36.6124],[2.2184,36.6124],[2.2183,36.6123],[2.218,36.6124],[2.2178,36.6124],[2.2178,36.6125],[2.2176,36.6125],[2.2173,36.6125],[2.2167,36.6124],[2.2166,36.6124],[2.2162,36.6124],[2.2159,36.6124],[2.2155,36.6124],[2.2152,36.6123],[2.2148,36.6123],[2.2144,36.6122],[2.2139,36.612],[2.2134,36.6119],[2.2132,36.6119],[2.2128,36.6118],[2.2125,36.6116],[2.2123,36.6117],[2.2119,36.6116],[2.2116,36.6117],[2.2115,36.6116],[2.2109,36.6115],[2.2108,36.6114],[2.2104,36.6112],[2.2102,36.6111],[2.21,36.6111],[2.2092,36.6109],[2.2091,36.6109],[2.2086,36.6108],[2.208,36.6108],[2.2079,36.6107],[2.2074,36.6107],[2.2073,36.6107],[2.2063,36.6107],[2.2059,36.6108],[2.2057,36.6107],[2.2052,36.6108],[2.2044,36.6109],[2.2042,36.6109],[2.2038,36.611],[2.2034,36.6111],[2.2027,36.6113],[2.202,36.6116],[2.2015,36.612],[2.2011,36.6123],[2.2008,36.6128],[2.2006,36.613],[2.2007,36.6132],[2.2008,36.6136],[2.2009,36.6136],[2.201,36.6138],[2.2013,36.614],[2.2014,36.6141],[2.2014,36.6142],[2.2015,36.6143],[2.2014,36.6144],[2.2013,36.6143],[2.2012,36.6144],[2.2011,36.6146],[2.201,36.6146],[2.201,36.6148],[2.2009,36.6147],[2.2009,36.6148],[2.201,36.615],[2.2009,36.615],[2.2009,36.6151],[2.201,36.6151],[2.2008,36.6153],[2.2007,36.6151],[2.2007,36.6151],[2.2007,36.615],[2.2007,36.6148],[2.2007,36.6148],[2.2006,36.6146],[2.2006,36.6145],[2.2005,36.6145],[2.2005,36.6144],[2.2006,36.6144],[2.2005,36.6142],[2.2005,36.6142],[2.2006,36.6141],[2.2006,36.6141],[2.2006,36.6141],[2.2006,36.614],[2.2005,36.6138],[2.2004,36.6137],[2.2003,36.6137],[2.2002,36.6135],[2.2001,36.6135],[2.1996,36.6135],[2.1994,36.6134],[2.1994,36.6136],[2.1993,36.6136],[2.1991,36.6135],[2.1991,36.6134],[2.199,36.6135],[2.1989,36.6133],[2.1988,36.6133],[2.1986,36.6132],[2.1985,36.6131],[2.1985,36.613],[2.1985,36.6129],[2.1985,36.6129],[2.1985,36.6128],[2.1984,36.6128],[2.1985,36.6126],[2.1985,36.6125],[2.1983,36.6125],[2.1984,36.6123],[2.1985,36.6123],[2.1985,36.6122],[2.1985,36.6122],[2.1985,36.6121],[2.1983,36.612],[2.1981,36.612],[2.1975,36.6117],[2.1972,36.6116],[2.1969,36.6115],[2.1969,36.6114],[2.1969,36.6113],[2.197,36.6112],[2.197,36.6112],[2.1971,36.611],[2.197,36.6108],[2.1969,36.6107],[2.1968,36.6107],[2.1967,36.6107],[2.1965,36.6106],[2.1963,36.6105],[2.1961,36.6104],[2.1957,36.6102],[2.1956,36.6101],[2.1953,36.61],[2.195,36.61],[2.1948,36.61],[2.1946,36.6101],[2.1944,36.6102],[2.1943,36.6102],[2.1941,36.6103],[2.1938,36.6103],[2.1935,36.6103],[2.1932,36.6103],[2.193,36.6103],[2.1929,36.6103],[2.1928,36.6102],[2.1926,36.6101],[2.1925,36.6101],[2.1924,36.6101],[2.1923,36.6108],[2.1924,36.6111],[2.1923,36.6117],[2.1922,36.6121],[2.1922,36.6123],[2.1921,36.6125],[2.192,36.6126],[2.192,36.6128],[2.1918,36.6128],[2.1916,36.6131],[2.1914,36.6132],[2.1914,36.6132],[2.1912,36.6133],[2.1911,36.6133],[2.191,36.6132],[2.1909,36.6131],[2.191,36.613],[2.191,36.613],[2.191,36.613],[2.1912,36.6129],[2.1913,36.6129],[2.1914,36.6128],[2.1916,36.6126],[2.1917,36.6126],[2.1919,36.6122],[2.192,36.6118],[2.1921,36.6115],[2.1921,36.6114],[2.1921,36.6111],[2.192,36.611],[2.1909,36.611],[2.1908,36.6109],[2.1908,36.6109],[2.1908,36.6108],[2.1908,36.6108],[2.1915,36.6108],[2.1915,36.6108],[2.1915,36.6096],[2.1913,36.6096],[2.1913,36.6095],[2.1912,36.6095],[2.1912,36.6094],[2.1895,36.6094],[2.1895,36.6108],[2.1892,36.6107],[2.1892,36.6103],[2.1872,36.61],[2.1868,36.6102],[2.1872,36.6109],[2.1873,36.6111],[2.1875,36.611],[2.1878,36.6109],[2.1895,36.6111],[2.1895,36.6115],[2.1901,36.6116],[2.1902,36.6114],[2.1904,36.6114],[2.1904,36.6114],[2.1905,36.6114],[2.1906,36.6115],[2.1906,36.6116],[2.1905,36.612],[2.1906,36.612],[2.1906,36.6121],[2.1907,36.6122],[2.1906,36.6122],[2.1905,36.6123],[2.1904,36.6123],[2.1902,36.6122],[2.19,36.6122],[2.1898,36.6121],[2.1897,36.6121],[2.1894,36.612],[2.1892,36.6119],[2.189,36.6119],[2.1889,36.6118],[2.1888,36.6117],[2.1888,36.6117],[2.1887,36.6118],[2.1885,36.6118],[2.1884,36.6118],[2.1882,36.6118],[2.188,36.6118],[2.1878,36.6117],[2.1875,36.6116],[2.1872,36.6115],[2.1872,36.6114],[2.1872,36.6113],[2.1868,36.6107],[2.1865,36.6102],[2.1869,36.6098],[2.187,36.6097],[2.1871,36.6094],[2.1871,36.609],[2.1871,36.6089],[2.1866,36.6087],[2.1863,36.6086],[2.1862,36.6086],[2.1862,36.6084],[2.1861,36.6083],[2.186,36.6082],[2.1861,36.6079],[2.186,36.6078],[2.1859,36.6077],[2.1859,36.6075],[2.1859,36.6073],[2.1859,36.607],[2.1859,36.6067],[2.1859,36.6066],[2.1857,36.6066],[2.1856,36.6065],[2.1854,36.6063],[2.1852,36.6062],[2.1849,36.606],[2.1847,36.6059],[2.1845,36.606],[2.1843,36.6059],[2.1842,36.6059],[2.1839,36.6059],[2.1834,36.6059],[2.1831,36.6059],[2.1828,36.606],[2.1825,36.6059],[2.1822,36.6059],[2.182,36.606],[2.1818,36.6059],[2.1817,36.6059],[2.1816,36.6058],[2.1814,36.6058],[2.1809,36.6057],[2.1808,36.6057],[2.1807,36.6055],[2.1805,36.6053],[2.1803,36.6052],[2.1802,36.605],[2.1799,36.6049],[2.1797,36.6048],[2.1796,36.6047],[2.1795,36.6046],[2.1795,36.6045],[2.1794,36.6042],[2.1793,36.6041],[2.1792,36.604],[2.179,36.6037],[2.1789,36.6034],[2.1787,36.6033],[2.1785,36.6031],[2.1783,36.6028],[2.1778,36.6025],[2.1775,36.6023],[2.1771,36.6021],[2.1768,36.6019],[2.1766,36.6017],[2.1765,36.6015],[2.1764,36.6012],[2.1763,36.6011],[2.1759,36.6008],[2.1757,36.6007],[2.1754,36.6007],[2.175,36.6006],[2.1747,36.6006],[2.1742,36.6006],[2.174,36.6006],[2.1738,36.6006],[2.1736,36.6005],[2.1732,36.6],[2.1731,36.5999],[2.1731,36.5998],[2.1731,36.5997],[2.1729,36.5996],[2.1727,36.5994],[2.172,36.5992],[2.1716,36.5991],[2.1705,36.5988],[2.1701,36.5988],[2.1699,36.5988],[2.1693,36.599],[2.169,36.5991],[2.1687,36.5991],[2.1685,36.599],[2.1681,36.5989],[2.1674,36.5988],[2.1663,36.5987],[2.1653,36.5987],[2.1651,36.5987],[2.1649,36.5987],[2.1648,36.5987],[2.1647,36.5988],[2.1646,36.5988],[2.1644,36.5988],[2.1639,36.5987],[2.1634,36.5987],[2.163,36.5989],[2.1628,36.599],[2.1627,36.5991],[2.1624,36.5993],[2.1622,36.5995],[2.162,36.5997],[2.1619,36.5998],[2.1618,36.5998],[2.1617,36.5999],[2.1616,36.6002],[2.1614,36.6004],[2.1613,36.6004],[2.1612,36.6004],[2.1611,36.6005],[2.1611,36.6007],[2.1608,36.6007],[2.1606,36.6008],[2.1606,36.601],[2.1606,36.6011],[2.1605,36.6012],[2.1604,36.6014],[2.1605,36.6015],[2.1602,36.6017],[2.1602,36.6015],[2.1601,36.6013],[2.16,36.6012],[2.16,36.6012],[2.1599,36.6013],[2.1599,36.6013],[2.1598,36.6015],[2.1597,36.6015],[2.1597,36.6013],[2.1597,36.6013],[2.1596,36.6012],[2.1593,36.6012],[2.1595,36.6011],[2.1596,36.6011],[2.1596,36.601],[2.1594,36.6009],[2.1593,36.601],[2.1591,36.6011],[2.159,36.6009],[2.1592,36.6008],[2.1593,36.6007],[2.1591,36.6006],[2.1589,36.6008],[2.1589,36.6006],[2.1589,36.6006],[2.1588,36.6005],[2.1587,36.6004],[2.1585,36.6006],[2.1585,36.6004],[2.1584,36.6004],[2.1585,36.6003],[2.1585,36.6],[2.1584,36.6],[2.1583,36.5999],[2.1584,36.5998],[2.1584,36.5998],[2.1585,36.5996],[2.1585,36.5996],[2.1586,36.5995],[2.1586,36.5993],[2.1585,36.5986],[2.1583,36.5984],[2.1581,36.5979],[2.1579,36.5975],[2.1579,36.5974],[2.1579,36.5972],[2.1577,36.5969],[2.1575,36.5967],[2.1572,36.5965],[2.1569,36.5962],[2.1567,36.596],[2.1564,36.5959],[2.156,36.5956],[2.1552,36.5952],[2.1544,36.595],[2.1539,36.5948],[2.1521,36.5943],[2.151,36.5938],[2.1505,36.5936],[2.15,36.5933],[2.1496,36.5933],[2.1493,36.5932],[2.1488,36.5932],[2.1485,36.5933],[2.1483,36.5933],[2.148,36.5932],[2.1476,36.593],[2.1473,36.593],[2.1472,36.5929],[2.147,36.593],[2.1469,36.5929],[2.1468,36.5928],[2.1467,36.5927],[2.1466,36.5925],[2.1461,36.5922],[2.1458,36.5918],[2.1456,36.5916],[2.1453,36.5914],[2.1451,36.5913],[2.1448,36.5912],[2.1445,36.5911],[2.1443,36.591],[2.1436,36.5908],[2.1433,36.5907],[2.143,36.5906],[2.1426,36.5906],[2.142,36.5907],[2.1416,36.5906],[2.1411,36.5906],[2.1408,36.5905],[2.1405,36.5903],[2.1403,36.5903],[2.1404,36.5902],[2.1403,36.59],[2.1402,36.5899],[2.1398,36.5897],[2.1396,36.5896],[2.1395,36.5896],[2.1394,36.5897],[2.1394,36.5898],[2.1392,36.5898],[2.1392,36.5898],[2.1392,36.5898],[2.1391,36.5898],[2.1391,36.5898],[2.139,36.5897],[2.139,36.5897],[2.1388,36.5897],[2.1386,36.5897],[2.1386,36.5896],[2.1386,36.5895],[2.1385,36.5894],[2.1385,36.5895],[2.1384,36.5895],[2.1383,36.5894],[2.1381,36.5894],[2.138,36.5894],[2.1379,36.5895],[2.138,36.5896],[2.138,36.5897],[2.1379,36.5897],[2.1378,36.5897],[2.1378,36.5896],[2.1378,36.5895],[2.1376,36.5895],[2.1375,36.5895],[2.1373,36.5895],[2.1371,36.5895],[2.1369,36.5894],[2.1367,36.5894],[2.1365,36.5892],[2.1364,36.5892],[2.1363,36.5892],[2.1361,36.5892],[2.1357,36.5893],[2.1353,36.5893],[2.1349,36.5893],[2.1347,36.5894],[2.1345,36.5896],[2.1344,36.5897],[2.1342,36.5898],[2.1341,36.5899],[2.1338,36.5897],[2.1337,36.5896],[2.1336,36.5894],[2.1335,36.5894],[2.1334,36.5894],[2.1333,36.5894],[2.1333,36.5893],[2.1335,36.5893],[2.1335,36.5892],[2.1334,36.589],[2.1334,36.5889],[2.1332,36.5887],[2.133,36.5886],[2.1324,36.5884],[2.1322,36.5883],[2.1315,36.5881],[2.1311,36.5879],[2.1308,36.5878],[2.1306,36.5876],[2.1303,36.5874],[2.13,36.5872],[2.1297,36.587],[2.1293,36.5868],[2.1287,36.5865],[2.1284,36.5864],[2.1281,36.5864],[2.1278,36.5864],[2.1274,36.5864],[2.1272,36.5865],[2.1272,36.5865],[2.1269,36.5866],[2.1269,36.5866],[2.1268,36.5866],[2.1265,36.5867],[2.1263,36.5867],[2.1263,36.5869],[2.1261,36.5869],[2.1261,36.5869],[2.126,36.5869],[2.1259,36.587],[2.1258,36.5871],[2.1258,36.5872],[2.1256,36.5873],[2.1256,36.5872],[2.1255,36.5873],[2.1255,36.5874],[2.1254,36.5874],[2.1252,36.5875],[2.1251,36.5874],[2.125,36.5873],[2.1249,36.5873],[2.1248,36.5872],[2.1246,36.5872],[2.1245,36.5871],[2.1245,36.587],[2.1244,36.5869],[2.1244,36.5867],[2.1244,36.5866],[2.1244,36.5865],[2.1245,36.5865],[2.1246,36.5864],[2.1246,36.5863],[2.1245,36.5861],[2.1243,36.5861],[2.1241,36.5859],[2.1235,36.5857],[2.1232,36.5856],[2.1227,36.5856],[2.1223,36.5855],[2.122,36.5854],[2.1214,36.5852],[2.121,36.585],[2.1205,36.5848],[2.1199,36.5848],[2.1196,36.5847],[2.1192,36.5847],[2.119,36.5846],[2.1189,36.5846],[2.1184,36.5845],[2.1181,36.5845],[2.1177,36.5843],[2.1175,36.5842],[2.1169,36.5841],[2.1165,36.584],[2.1158,36.584],[2.1152,36.584],[2.1149,36.584],[2.1144,36.5839],[2.1141,36.5838],[2.1139,36.5837],[2.1137,36.5836],[2.1135,36.5836],[2.1129,36.5836],[2.1127,36.5836],[2.1124,36.5835],[2.1122,36.5835],[2.1122,36.5835],[2.112,36.5836],[2.1116,36.5836],[2.1112,36.5836],[2.111,36.5837],[2.1109,36.5837],[2.1106,36.5838],[2.1102,36.584],[2.1101,36.5843],[2.1099,36.5844],[2.1096,36.5846],[2.1094,36.5847],[2.109,36.5846],[2.1087,36.5848],[2.1084,36.5848],[2.108,36.5847],[2.1077,36.5848],[2.1073,36.5849],[2.1068,36.5851],[2.1066,36.5854],[2.1061,36.5854],[2.1058,36.5854],[2.1057,36.5854],[2.1055,36.5855],[2.1055,36.5856],[2.1055,36.5857],[2.1054,36.5857],[2.1054,36.5858],[2.1053,36.5858],[2.1051,36.5858],[2.1051,36.5857],[2.105,36.5857],[2.1049,36.5858],[2.1046,36.5858],[2.1044,36.5858],[2.1043,36.5857],[2.1041,36.5858],[2.1038,36.5858],[2.1036,36.5859],[2.1034,36.5859],[2.1032,36.5859],[2.1031,36.5858],[2.1031,36.586],[2.1029,36.586],[2.103,36.586],[2.1028,36.5859],[2.1028,36.5858],[2.1026,36.5858],[2.1024,36.5857],[2.1023,36.5857],[2.1022,36.5856],[2.1019,36.5855],[2.1017,36.5855],[2.1015,36.5855],[2.1014,36.5854],[2.1013,36.5855],[2.1012,36.5854],[2.1011,36.5853],[2.101,36.5852],[2.1009,36.5851],[2.1007,36.5852],[2.1004,36.585],[2.0999,36.5847],[2.0997,36.5843],[2.0997,36.5843],[2.0996,36.5838],[2.0996,36.5833],[2.0997,36.5826],[2.0996,36.5823],[2.0995,36.5821],[2.0993,36.5818],[2.099,36.5813],[2.0987,36.5809],[2.0984,36.5807],[2.0983,36.5807],[2.0982,36.5807],[2.098,36.5806],[2.0978,36.5805],[2.0975,36.5805],[2.0973,36.5806],[2.0972,36.5806],[2.097,36.5806],[2.0968,36.5805],[2.0964,36.5805],[2.0961,36.5805],[2.0958,36.5806],[2.0955,36.5805],[2.0952,36.5804],[2.095,36.5803],[2.0949,36.5803],[2.0946,36.5802],[2.0944,36.58],[2.0941,36.5799],[2.0937,36.5798],[2.0934,36.5797],[2.0931,36.5797],[2.0928,36.5797],[2.0927,36.5798],[2.0925,36.5798],[2.0923,36.5798],[2.0922,36.5798],[2.0921,36.5799],[2.0918,36.5799],[2.0917,36.5799],[2.0915,36.5799],[2.0913,36.58],[2.0912,36.5801],[2.0911,36.5801],[2.091,36.5801],[2.0909,36.5801],[2.0907,36.5802],[2.0905,36.5803],[2.0901,36.5803],[2.09,36.5804],[2.0899,36.5804],[2.0898,36.5804],[2.0897,36.5804],[2.0895,36.5803],[2.0894,36.5802],[2.0895,36.5802],[2.0894,36.5801],[2.0894,36.58],[2.0893,36.5799],[2.0895,36.5798],[2.0895,36.5796],[2.0895,36.5795],[2.0893,36.5794],[2.0891,36.5792],[2.0888,36.5792],[2.0887,36.5791],[2.0884,36.5791],[2.0882,36.5792],[2.0881,36.5793],[2.0881,36.5794],[2.0881,36.5796],[2.0879,36.5797],[2.0879,36.5798],[2.0878,36.5799],[2.0877,36.5801],[2.0876,36.5801],[2.0875,36.5801],[2.0876,36.5802],[2.0875,36.5801],[2.0874,36.5802],[2.0874,36.5803],[2.0873,36.5803],[2.0873,36.5803],[2.0872,36.5803],[2.0872,36.5803],[2.0871,36.5802],[2.087,36.5801],[2.0869,36.5802],[2.0868,36.5802],[2.0867,36.5802],[2.0867,36.5803],[2.0867,36.5803],[2.0866,36.5803],[2.0865,36.5803],[2.0864,36.5803],[2.0864,36.5802],[2.0864,36.5801],[2.0863,36.5801],[2.0863,36.5801],[2.0861,36.5801],[2.0862,36.58],[2.0861,36.58],[2.086,36.58],[2.086,36.5799],[2.0859,36.5799],[2.0859,36.5798],[2.0858,36.5798],[2.0857,36.5798],[2.0857,36.5797],[2.0857,36.5797],[2.0857,36.5797],[2.0856,36.5796],[2.0856,36.5796],[2.0855,36.5797],[2.0854,36.5797],[2.0855,36.5796],[2.0854,36.5795],[2.0854,36.5795],[2.0853,36.5795],[2.0853,36.5794],[2.0853,36.5795],[2.0852,36.5794],[2.0852,36.5793],[2.0852,36.5792],[2.0851,36.5791],[2.085,36.5791],[2.085,36.579],[2.0849,36.579],[2.0848,36.5789],[2.0847,36.5788],[2.0848,36.5787],[2.0847,36.5787],[2.0846,36.5787],[2.0845,36.5786],[2.0844,36.5785],[2.0844,36.5784],[2.0843,36.5783],[2.0842,36.5781],[2.0842,36.578],[2.0841,36.5779],[2.0838,36.5776],[2.0836,36.5776],[2.0834,36.5776],[2.083,36.5776],[2.0828,36.5777],[2.0821,36.5776],[2.0817,36.5777],[2.0815,36.5777],[2.0811,36.5779],[2.0807,36.5781],[2.0805,36.5782],[2.0805,36.5783],[2.0805,36.5783],[2.0806,36.5784],[2.0805,36.5786],[2.0804,36.5787],[2.0805,36.5789],[2.0806,36.5791],[2.0806,36.5792],[2.0805,36.5793],[2.0803,36.5793],[2.0803,36.5794],[2.0802,36.5794],[2.0801,36.5795],[2.08,36.5795],[2.0799,36.5795],[2.0798,36.5795],[2.0797,36.5794],[2.0796,36.5792],[2.0796,36.5792],[2.0792,36.5791],[2.079,36.579],[2.0789,36.5789],[2.0788,36.579],[2.0787,36.579],[2.0786,36.5791],[2.0784,36.5791],[2.0783,36.5791],[2.0782,36.5792],[2.0781,36.5792],[2.0779,36.5791],[2.0778,36.579],[2.0777,36.579],[2.0776,36.5791],[2.0776,36.5791],[2.0776,36.579],[2.0775,36.579],[2.0775,36.579],[2.0774,36.579],[2.0774,36.5789],[2.0773,36.579],[2.0773,36.5789],[2.0773,36.5789],[2.0772,36.5789],[2.0772,36.5788],[2.0771,36.5787],[2.0771,36.5788],[2.0769,36.5789],[2.0768,36.5789],[2.0766,36.5789],[2.0763,36.5788],[2.0758,36.5787],[2.0756,36.5785],[2.0754,36.5784],[2.0753,36.5783],[2.0753,36.5783],[2.0754,36.5782],[2.0754,36.5782],[2.0756,36.5782],[2.0756,36.5782],[2.0757,36.5783],[2.0759,36.5784],[2.0761,36.5785],[2.0766,36.5785],[2.0768,36.5784],[2.0769,36.5784],[2.0769,36.5783],[2.0769,36.5783],[2.0769,36.5783],[2.0769,36.5782],[2.077,36.5782],[2.0771,36.5782],[2.0771,36.5781],[2.0772,36.5781],[2.0772,36.5781],[2.0773,36.5781],[2.0774,36.5781],[2.0775,36.5781],[2.0783,36.5781],[2.0785,36.5781],[2.0785,36.5781],[2.0785,36.5779],[2.0784,36.5779],[2.0783,36.5779],[2.0775,36.5779],[2.0774,36.5778],[2.0773,36.5778],[2.0772,36.5778],[2.0771,36.5778],[2.0771,36.5777],[2.0772,36.5776],[2.0773,36.5775],[2.0772,36.5774],[2.077,36.5772],[2.0769,36.5771],[2.0767,36.577],[2.0766,36.577],[2.0766,36.577],[2.0765,36.577],[2.0763,36.5774],[2.0761,36.5777],[2.076,36.5779],[2.0759,36.578],[2.0758,36.578],[2.0758,36.578],[2.0757,36.5779],[2.0758,36.5778],[2.0759,36.5775],[2.0762,36.577],[2.076,36.5769],[2.0759,36.5768],[2.0757,36.5768],[2.0754,36.5768],[2.0752,36.5769],[2.0751,36.577],[2.0751,36.5771],[2.0751,36.5772],[2.0753,36.5773],[2.0752,36.5774],[2.0751,36.5776],[2.075,36.5778],[2.0749,36.5778],[2.0749,36.5778],[2.075,36.5778],[2.0749,36.5779],[2.0748,36.5779],[2.0747,36.5778],[2.0747,36.5777],[2.0746,36.5777],[2.0745,36.5778],[2.0743,36.5778],[2.0743,36.5778],[2.0742,36.5779],[2.0742,36.578],[2.0742,36.578],[2.0743,36.5779],[2.0744,36.5779],[2.0745,36.5779],[2.0745,36.5779],[2.0745,36.578],[2.0744,36.578],[2.0743,36.578],[2.0742,36.5781],[2.0741,36.578],[2.074,36.5782],[2.0741,36.5783],[2.074,36.5783],[2.0739,36.5782],[2.074,36.5783],[2.0739,36.5784],[2.0737,36.5783],[2.0736,36.5783],[2.0737,36.5782],[2.0736,36.5782],[2.0735,36.5781],[2.0734,36.5781],[2.0734,36.578],[2.0733,36.578],[2.0732,36.5781],[2.0731,36.5782],[2.073,36.5783],[2.0729,36.5784],[2.0729,36.5784],[2.0731,36.5784],[2.0731,36.5785],[2.0732,36.5785],[2.0733,36.5787],[2.0732,36.5788],[2.0733,36.5789],[2.0734,36.579],[2.0733,36.579],[2.0731,36.5791],[2.0731,36.579],[2.073,36.579],[2.073,36.579],[2.0729,36.579],[2.0728,36.579],[2.0727,36.579],[2.0726,36.579],[2.0724,36.579],[2.0724,36.579],[2.0723,36.579],[2.0722,36.579],[2.0722,36.579],[2.0721,36.579],[2.072,36.5789],[2.072,36.5788],[2.0719,36.5789],[2.0718,36.5788],[2.0718,36.5788],[2.0717,36.5787],[2.0716,36.5787],[2.0716,36.5788],[2.0716,36.5789],[2.0715,36.5788],[2.0715,36.5787],[2.0714,36.5787],[2.0714,36.5788],[2.0713,36.5788],[2.0713,36.5788],[2.0711,36.5787],[2.0711,36.5787],[2.071,36.5787],[2.071,36.5787],[2.071,36.5787],[2.0709,36.5786],[2.0708,36.5786],[2.0707,36.5786],[2.0707,36.5786],[2.0706,36.5786],[2.0706,36.5786],[2.0706,36.5785],[2.0706,36.5785],[2.0705,36.5784],[2.0704,36.5784],[2.0704,36.5783],[2.0703,36.5783],[2.0703,36.5782],[2.0702,36.5782],[2.07,36.5782],[2.07,36.5782],[2.07,36.5783],[2.0701,36.5783],[2.0701,36.5784],[2.07,36.5784],[2.0699,36.5784],[2.0699,36.5784],[2.0697,36.5784],[2.0696,36.5784],[2.0695,36.5783],[2.0695,36.5782],[2.0695,36.5781],[2.0695,36.578],[2.0695,36.5779],[2.0695,36.5778],[2.0694,36.5778],[2.0694,36.5778],[2.0692,36.5778],[2.0692,36.5777],[2.0691,36.5777],[2.069,36.5777],[2.0688,36.5777],[2.0685,36.5778],[2.0685,36.5777],[2.0684,36.5776],[2.0684,36.5775],[2.0684,36.5775],[2.0684,36.5774],[2.0682,36.5775],[2.0682,36.5775],[2.0681,36.5775],[2.068,36.5775],[2.0681,36.5774],[2.0681,36.5774],[2.068,36.5774],[2.0681,36.5773],[2.068,36.5773],[2.068,36.5773],[2.0679,36.5773],[2.0678,36.5773],[2.0678,36.5773],[2.0677,36.5772],[2.0677,36.5772],[2.0676,36.5772],[2.0675,36.5773],[2.0673,36.5775],[2.0672,36.5774],[2.0673,36.5772],[2.0672,36.577],[2.0668,36.5768],[2.0666,36.5768],[2.0663,36.5768],[2.066,36.5768],[2.0655,36.5769],[2.0649,36.5773],[2.0647,36.5772],[2.0647,36.5767],[2.0647,36.5764],[2.0646,36.5762],[2.0644,36.5761],[2.0642,36.576],[2.0638,36.576],[2.0631,36.576],[2.0626,36.576],[2.0621,36.5761],[2.062,36.5761],[2.0613,36.5762],[2.0608,36.5763],[2.0603,36.5764],[2.0599,36.5763],[2.0592,36.5761],[2.0587,36.5759],[2.0583,36.5758],[2.0579,36.5758],[2.0577,36.5758],[2.0574,36.5758],[2.0572,36.5758],[2.057,36.5758],[2.0567,36.5759],[2.0564,36.5759],[2.0558,36.5759],[2.0555,36.5759],[2.0552,36.5758],[2.0549,36.5758],[2.054,36.5757],[2.0534,36.5757],[2.0531,36.5757],[2.0529,36.5758],[2.0527,36.5759],[2.0526,36.576],[2.0516,36.5758],[2.0516,36.5758],[2.0517,36.5758],[2.0516,36.5757],[2.0515,36.5757],[2.0515,36.5757],[2.0522,36.5753],[2.0521,36.5752],[2.0519,36.575],[2.0518,36.5749],[2.0516,36.5747],[2.0515,36.5747],[2.0511,36.5745],[2.0511,36.5745],[2.0508,36.5743],[2.0504,36.5742],[2.0499,36.5741],[2.0493,36.574],[2.0489,36.574],[2.0486,36.5739],[2.0481,36.5737],[2.0478,36.5736],[2.0474,36.5735],[2.0472,36.5734],[2.047,36.5732],[2.0466,36.5732],[2.0463,36.573],[2.0461,36.5728],[2.0459,36.5725],[2.0457,36.5723],[2.0454,36.5722],[2.045,36.5721],[2.0448,36.572],[2.0447,36.5719],[2.0441,36.5717],[2.0436,36.5716],[2.0434,36.5715],[2.0429,36.5714],[2.0424,36.5713],[2.0416,36.571],[2.0414,36.5709],[2.0407,36.5709],[2.0405,36.5709],[2.0402,36.5708],[2.0398,36.5708],[2.0393,36.5706],[2.0387,36.5704],[2.0382,36.5703],[2.0376,36.5702],[2.037,36.5701],[2.0365,36.5701],[2.0364,36.5701],[2.0363,36.5701],[2.0363,36.5703],[2.0362,36.5704],[2.0358,36.5704],[2.0358,36.5703],[2.0357,36.5703],[2.0355,36.5702],[2.0353,36.5701],[2.0352,36.57],[2.035,36.57],[2.0349,36.5701],[2.0349,36.5701],[2.0348,36.5701],[2.0347,36.5701],[2.0348,36.57],[2.0346,36.57],[2.0346,36.5701],[2.0344,36.5701],[2.0343,36.57],[2.0342,36.5701],[2.0342,36.57],[2.0341,36.57],[2.034,36.5699],[2.0339,36.5699],[2.0339,36.5699],[2.0338,36.5699],[2.0336,36.5699],[2.0334,36.5699],[2.0334,36.5698],[2.0333,36.5698],[2.0332,36.5698],[2.0331,36.5698],[2.0329,36.5697],[2.0327,36.5697],[2.0325,36.5696],[2.0323,36.5695],[2.0322,36.5696],[2.0321,36.5698],[2.032,36.5698],[2.0319,36.5698],[2.0317,36.5698],[2.0314,36.5698],[2.0312,36.5699],[2.031,36.5699],[2.0309,36.5699],[2.0308,36.57],[2.0307,36.5698],[2.0308,36.5698],[2.0308,36.5697],[2.0308,36.5696],[2.0307,36.5696],[2.0307,36.5696],[2.0305,36.5698],[2.0302,36.5698],[2.0303,36.5699],[2.0303,36.57],[2.0299,36.5701],[2.03,36.5699],[2.0297,36.5699],[2.0296,36.5699],[2.0294,36.5699],[2.0292,36.5699],[2.0291,36.5699],[2.029,36.5698],[2.0288,36.5698],[2.0287,36.5698],[2.0285,36.5698],[2.0283,36.57],[2.0281,36.5697],[2.0278,36.5698],[2.0275,36.5698],[2.0272,36.5698],[2.0273,36.5696],[2.0273,36.5696],[2.0271,36.5695],[2.0269,36.5696],[2.0266,36.5696],[2.0267,36.5694],[2.0266,36.5693],[2.0265,36.5693],[2.0261,36.5695],[2.0261,36.5694],[2.026,36.5693],[2.0259,36.5694],[2.0258,36.5693],[2.0256,36.5693],[2.0254,36.5691],[2.0252,36.5691],[2.0251,36.5692],[2.0252,36.569],[2.025,36.569],[2.0247,36.5691],[2.0247,36.569],[2.0249,36.5689],[2.0249,36.5688],[2.0245,36.5686],[2.0242,36.5685],[2.0235,36.5684],[2.0231,36.5683],[2.0225,36.5682],[2.0219,36.5681],[2.0215,36.568],[2.0212,36.568],[2.0206,36.5681],[2.0202,36.5681],[2.02,36.5681],[2.0196,36.5681],[2.0193,36.5681],[2.0191,36.568],[2.0188,36.568],[2.0187,36.568],[2.0186,36.568],[2.018,36.5679],[2.0173,36.5678],[2.017,36.5678],[2.0169,36.5679],[2.0168,36.5679],[2.0167,36.5679],[2.0165,36.5679],[2.0163,36.5679],[2.0161,36.5679],[2.016,36.5679],[2.0159,36.5679],[2.0159,36.5679],[2.0158,36.5679],[2.0156,36.5679],[2.0156,36.5678],[2.0155,36.5678],[2.0154,36.5678],[2.015,36.5677],[2.0146,36.5676],[2.0141,36.5676],[2.0136,36.5676],[2.0128,36.5676],[2.0118,36.5677],[2.0114,36.5677],[2.011,36.5677],[2.0105,36.5679],[2.0101,36.568],[2.01,36.568],[2.0096,36.568],[2.0092,36.568],[2.0089,36.5681],[2.0087,36.5681],[2.0086,36.568],[2.0084,36.568],[2.0082,36.5679],[2.0081,36.5679],[2.0077,36.5678],[2.0075,36.5677],[2.0074,36.5676],[2.0071,36.5674],[2.0066,36.5671],[2.0061,36.5669],[2.0057,36.5667],[2.005,36.5666],[2.0041,36.5665],[2.0027,36.5664],[2.0017,36.5663],[2.0011,36.5663],[2.0002,36.5664],[1.9996,36.5664],[1.9994,36.5664],[1.9991,36.5663],[1.9987,36.5663],[1.9984,36.5663],[1.9984,36.5663],[1.9979,36.5663],[1.9974,36.5663],[1.9966,36.5663],[1.9962,36.5663],[1.9956,36.5664],[1.9956,36.5664],[1.9952,36.5663],[1.9948,36.5663],[1.9942,36.5662],[1.9935,36.5661],[1.9929,36.5661],[1.9927,36.5661],[1.992,36.5661],[1.9913,36.5661],[1.9908,36.5661],[1.9904,36.5662],[1.9897,36.5663],[1.9895,36.5663],[1.989,36.5663],[1.9883,36.5664],[1.9881,36.5665],[1.9874,36.5663],[1.9868,36.5663],[1.9866,36.5662],[1.9862,36.5662],[1.9857,36.5661],[1.9852,36.5662],[1.9846,36.5661],[1.9837,36.5662],[1.983,36.5663],[1.9824,36.5663],[1.982,36.5663],[1.9815,36.5664],[1.981,36.5664],[1.98,36.5664],[1.9797,36.5664],[1.9795,36.5664],[1.9795,36.5664],[1.979,36.5663],[1.9786,36.5664],[1.9779,36.5664],[1.9773,36.5665],[1.9771,36.5666],[1.9764,36.5668],[1.976,36.5669],[1.9755,36.567],[1.975,36.567],[1.9745,36.567],[1.9741,36.5667],[1.9736,36.5666],[1.9731,36.5666],[1.9725,36.5665],[1.972,36.5665],[1.9714,36.5666],[1.9708,36.5666],[1.9705,36.5667],[1.9695,36.5668],[1.9688,36.5668],[1.9678,36.5669],[1.9666,36.5669],[1.9653,36.567],[1.964,36.5671],[1.9633,36.5671],[1.9624,36.5673],[1.9616,36.5675],[1.9614,36.5676],[1.9612,36.5675],[1.9606,36.5675],[1.9598,36.5675],[1.9589,36.5676],[1.9582,36.5678],[1.9578,36.5678],[1.957,36.5679],[1.9566,36.568],[1.956,36.5682],[1.9556,36.5683],[1.9553,36.5684],[1.9548,36.5684],[1.9545,36.5683],[1.9544,36.5684],[1.9538,36.5684],[1.9534,36.5684],[1.953,36.5684],[1.9528,36.5685],[1.9525,36.5685],[1.9521,36.5685],[1.9513,36.5687],[1.9507,36.5687],[1.9501,36.5689],[1.9497,36.569],[1.9493,36.5691],[1.9488,36.5691],[1.9481,36.5691],[1.9468,36.5693],[1.9456,36.5695],[1.9446,36.5697],[1.9443,36.5697],[1.9441,36.5697],[1.9431,36.5699],[1.9424,36.57],[1.9413,36.5702],[1.9405,36.5703],[1.9397,36.5705],[1.9382,36.5707],[1.9376,36.5708],[1.937,36.571],[1.936,36.5712],[1.9353,36.5714],[1.9347,36.5716],[1.9343,36.5718],[1.9337,36.5721],[1.9332,36.5723],[1.9327,36.5723],[1.9324,36.5723],[1.9319,36.5724],[1.9317,36.5725],[1.9315,36.5727],[1.9313,36.5728],[1.931,36.573],[1.9308,36.5733],[1.9308,36.5733],[1.9309,36.573],[1.9305,36.573],[1.9305,36.5733],[1.9304,36.5731],[1.9302,36.5731],[1.93,36.5731],[1.9294,36.5734],[1.9292,36.5735],[1.929,36.5736],[1.9288,36.5737],[1.9285,36.5737],[1.9282,36.5736],[1.9278,36.5736],[1.9278,36.5736],[1.9276,36.5738],[1.9272,36.5738],[1.927,36.5738],[1.9268,36.5739],[1.9266,36.5739],[1.9265,36.5738],[1.9262,36.5737],[1.926,36.5738],[1.9258,36.5737],[1.9256,36.5736],[1.9254,36.5737],[1.9253,36.5737],[1.9251,36.5737],[1.9248,36.5737],[1.9246,36.5737],[1.9241,36.5737],[1.9236,36.5736],[1.9233,36.5737],[1.923,36.5738],[1.9226,36.574],[1.9226,36.5741],[1.9226,36.5742],[1.9226,36.5744],[1.9224,36.5744],[1.9223,36.5743],[1.9221,36.5745],[1.922,36.5747],[1.9221,36.575],[1.9222,36.5754],[1.9222,36.5755],[1.9223,36.5755],[1.9224,36.5755],[1.9224,36.5756],[1.9224,36.5757],[1.9222,36.5757],[1.9221,36.5756],[1.9221,36.5758],[1.9222,36.5759],[1.922,36.576],[1.9219,36.5759],[1.9217,36.5759],[1.9218,36.576],[1.9218,36.5761],[1.9218,36.5762],[1.9215,36.5762],[1.9215,36.576],[1.9213,36.5761],[1.9214,36.5762],[1.9214,36.5763],[1.9212,36.5763],[1.9212,36.5765],[1.9211,36.5766],[1.921,36.5767],[1.921,36.5765],[1.921,36.5764],[1.9209,36.5764],[1.9206,36.5766],[1.9205,36.5766],[1.9204,36.5766],[1.9203,36.5765],[1.9202,36.5765],[1.9202,36.5764],[1.9203,36.5763],[1.9205,36.5762],[1.9206,36.5761],[1.9206,36.5759],[1.9206,36.5757],[1.9204,36.5755],[1.9201,36.5754],[1.9198,36.5756],[1.9199,36.5755],[1.9197,36.5755],[1.9198,36.5753],[1.9197,36.5752],[1.9195,36.5751],[1.9193,36.5751],[1.919,36.5752],[1.9187,36.5756],[1.9188,36.5752],[1.9187,36.5752],[1.9186,36.5752],[1.9183,36.5752],[1.9183,36.5754],[1.9182,36.5753],[1.918,36.5754],[1.9179,36.5754],[1.9179,36.5752],[1.9178,36.5752],[1.9175,36.5751],[1.9173,36.5752],[1.9171,36.5753],[1.9171,36.5752],[1.9168,36.5753],[1.9168,36.5752],[1.9167,36.5752],[1.9165,36.5753],[1.9164,36.5751],[1.9162,36.5751],[1.916,36.5752],[1.9159,36.5753],[1.9157,36.5754],[1.9155,36.5754],[1.9154,36.5755],[1.9152,36.5755],[1.915,36.5754],[1.9147,36.5755],[1.9145,36.5755],[1.9145,36.5756],[1.9142,36.5757],[1.9141,36.5758],[1.9138,36.5759],[1.9137,36.576],[1.9136,36.5762],[1.9136,36.5764],[1.9135,36.5765],[1.9135,36.5767],[1.9137,36.5768],[1.9136,36.5769],[1.9133,36.5768],[1.9131,36.5769],[1.913,36.577],[1.913,36.5772],[1.9129,36.5773],[1.9128,36.5774],[1.9129,36.5776],[1.9129,36.5777],[1.9131,36.5779],[1.9132,36.5781],[1.9134,36.5781],[1.9136,36.5781],[1.9137,36.5782],[1.9136,36.5783],[1.9136,36.5784],[1.9137,36.5783],[1.9137,36.5784],[1.9136,36.5786],[1.9135,36.5786],[1.9134,36.5786],[1.9133,36.5787],[1.9132,36.5788],[1.913,36.5789],[1.913,36.5789],[1.9128,36.5788],[1.9128,36.5788],[1.9127,36.5787],[1.9126,36.5788],[1.9127,36.5788],[1.9128,36.5789],[1.9126,36.5792],[1.9125,36.579],[1.9125,36.579],[1.9124,36.5791],[1.9124,36.5792],[1.9124,36.5794],[1.9121,36.5794],[1.912,36.5794],[1.9119,36.5794],[1.9119,36.5793],[1.912,36.5792],[1.9117,36.5794],[1.9119,36.5791],[1.912,36.579],[1.9119,36.579],[1.9118,36.5789],[1.9117,36.579],[1.9118,36.5788],[1.9116,36.5789],[1.9118,36.5787],[1.912,36.5785],[1.912,36.5784],[1.9121,36.5783],[1.9121,36.5782],[1.912,36.5782],[1.9119,36.5781],[1.9118,36.5781],[1.9119,36.578],[1.9117,36.578],[1.9116,36.5779],[1.9115,36.5777],[1.9116,36.5776],[1.9115,36.5776],[1.9115,36.5774],[1.9116,36.5772],[1.9116,36.577],[1.9116,36.5768],[1.9116,36.5766],[1.9115,36.5764],[1.9113,36.5762],[1.9112,36.5762],[1.9111,36.5762],[1.911,36.5763],[1.9108,36.5764],[1.9107,36.5764],[1.9105,36.5766],[1.9106,36.5763],[1.9106,36.5762],[1.9106,36.5761],[1.9106,36.576],[1.9105,36.5759],[1.9105,36.5758],[1.9105,36.5756],[1.9104,36.5755],[1.9105,36.5754],[1.9106,36.5756],[1.9106,36.5755],[1.9106,36.5753],[1.9106,36.5752],[1.9105,36.575],[1.9103,36.5748],[1.91,36.5745],[1.9097,36.5743],[1.9093,36.5741],[1.9091,36.5741],[1.909,36.5742],[1.9088,36.5743],[1.9093,36.5753],[1.9088,36.5756],[1.9081,36.5761],[1.9076,36.576],[1.9074,36.5759],[1.9073,36.5759],[1.9073,36.5758],[1.9073,36.5757],[1.9074,36.5757],[1.9075,36.5758],[1.9076,36.5758],[1.908,36.5759],[1.9081,36.5759],[1.9082,36.5759],[1.9083,36.5758],[1.9083,36.5758],[1.9083,36.5757],[1.9085,36.5756],[1.9086,36.5755],[1.9087,36.5755],[1.9086,36.5754],[1.9086,36.5754],[1.908,36.5752],[1.9079,36.5752],[1.9079,36.5751],[1.908,36.5751],[1.908,36.575],[1.908,36.575],[1.908,36.5749],[1.9081,36.5749],[1.9081,36.575],[1.9082,36.5751],[1.9082,36.5752],[1.9087,36.5754],[1.9088,36.5754],[1.9089,36.5753],[1.909,36.5752],[1.909,36.5752],[1.909,36.5751],[1.9088,36.5749],[1.9087,36.5748],[1.9085,36.5748],[1.9084,36.5748],[1.9082,36.5747],[1.9081,36.5747],[1.9081,36.5746],[1.908,36.5745],[1.9078,36.5745],[1.9077,36.5744],[1.9076,36.5745],[1.9076,36.5747],[1.9073,36.5747],[1.9073,36.5746],[1.9075,36.5746],[1.9075,36.5745],[1.9075,36.5745],[1.9075,36.5745],[1.9074,36.5745],[1.9074,36.5744],[1.9073,36.5744],[1.9073,36.5743],[1.9074,36.5743],[1.9074,36.5742],[1.9074,36.5742],[1.9073,36.5741],[1.9071,36.574],[1.907,36.5739],[1.9067,36.5739],[1.9062,36.5738],[1.9062,36.5738],[1.9061,36.5738],[1.906,36.574],[1.9059,36.574],[1.9058,36.574],[1.9057,36.574],[1.9056,36.574],[1.9055,36.5741],[1.9054,36.5741],[1.9051,36.574],[1.905,36.574],[1.905,36.574],[1.9048,36.574],[1.9047,36.5741],[1.9044,36.5741],[1.9043,36.5741],[1.9042,36.5741],[1.9041,36.5741],[1.904,36.5742],[1.9039,36.5742],[1.9037,36.5742],[1.9036,36.5743],[1.9036,36.5744],[1.9035,36.5745],[1.9036,36.5746],[1.9035,36.5747],[1.9034,36.5747],[1.9033,36.5746],[1.9032,36.5742],[1.9025,36.5741],[1.9021,36.5742],[1.9017,36.5742],[1.9015,36.5742],[1.9015,36.5743],[1.9017,36.5743],[1.9016,36.5744],[1.9023,36.5747],[1.903,36.575],[1.903,36.575],[1.9039,36.5749],[1.9041,36.575],[1.9043,36.5751],[1.9057,36.5756],[1.9075,36.5768],[1.9076,36.5769],[1.9077,36.5769],[1.9078,36.5768],[1.9079,36.5768],[1.9079,36.5769],[1.9078,36.577],[1.9079,36.5771],[1.9079,36.5771],[1.9081,36.5771],[1.9083,36.5772],[1.9083,36.5773],[1.9082,36.5774],[1.9082,36.5774],[1.908,36.5774],[1.9059,36.5761],[1.9055,36.5758],[1.9049,36.5756],[1.9042,36.5753],[1.904,36.5752],[1.9037,36.5752],[1.903,36.5753],[1.9029,36.5752],[1.9027,36.5752],[1.9014,36.5746],[1.9012,36.5745],[1.9009,36.5747],[1.9009,36.5746],[1.9009,36.5745],[1.9011,36.5745],[1.9011,36.5744],[1.901,36.5743],[1.9008,36.5742],[1.9007,36.5742],[1.9007,36.5741],[1.9005,36.5741],[1.9007,36.574],[1.9007,36.5741],[1.9008,36.574],[1.9008,36.5739],[1.9006,36.5737],[1.9003,36.5735],[1.9,36.5734],[1.8995,36.5732],[1.899,36.573],[1.8986,36.5728],[1.8982,36.5727],[1.8978,36.5726],[1.8976,36.5725],[1.8973,36.5724],[1.897,36.5722],[1.8968,36.5721],[1.8966,36.572],[1.8963,36.5717],[1.896,36.5714],[1.8957,36.5713],[1.8952,36.5712],[1.8947,36.5711],[1.8944,36.571],[1.8938,36.571],[1.8934,36.571],[1.8929,36.5709],[1.8924,36.5707],[1.8919,36.5704],[1.8915,36.5703],[1.8909,36.57],[1.8903,36.5699],[1.8895,36.5697],[1.8888,36.5696],[1.8885,36.5697],[1.8882,36.5698],[1.888,36.5699],[1.8876,36.5698],[1.8873,36.5698],[1.8871,36.5699],[1.887,36.5698],[1.8868,36.5698],[1.8865,36.5698],[1.8864,36.5698],[1.8863,36.57],[1.886,36.57],[1.8859,36.57],[1.8858,36.5699],[1.8857,36.5698],[1.8855,36.5693],[1.885,36.5687],[1.8833,36.5684],[1.8759,36.568],[1.8739,36.5686],[1.8739,36.5681],[1.8708,36.568],[1.8698,36.5684],[1.8701,36.5694],[1.8679,36.5691],[1.8679,36.5696],[1.8666,36.5693],[1.8672,36.5686],[1.8666,36.5686],[1.8669,36.5681],[1.8644,36.5695],[1.8612,36.5699],[1.8586,36.57],[1.858,36.5701],[1.8574,36.5702],[1.8575,36.5699],[1.8578,36.5698],[1.8579,36.5696],[1.8582,36.5694],[1.8579,36.569],[1.8574,36.5686],[1.8572,36.5686],[1.8566,36.5684],[1.8557,36.5684],[1.8544,36.5685],[1.8539,36.5687],[1.8534,36.5695],[1.854,36.5698],[1.8543,36.57],[1.8546,36.5704],[1.8542,36.5705],[1.854,36.5706],[1.8537,36.5706],[1.8536,36.5704],[1.8533,36.5704],[1.8528,36.5706],[1.8523,36.5703],[1.8519,36.5705],[1.8519,36.5701],[1.8518,36.57],[1.8517,36.5699],[1.8516,36.5699],[1.8514,36.5703],[1.8511,36.5701],[1.8503,36.57],[1.8504,36.5695],[1.8501,36.5692],[1.8498,36.5693],[1.8498,36.5696],[1.8495,36.5694],[1.8492,36.5693],[1.849,36.5697],[1.8486,36.5697],[1.8486,36.5691],[1.848,36.5691],[1.848,36.5693],[1.8476,36.5692],[1.8475,36.5695],[1.8472,36.5692],[1.8441,36.5685],[1.8437,36.5682],[1.8421,36.568],[1.8411,36.5678],[1.8408,36.5678],[1.8403,36.5677],[1.8401,36.5676],[1.8401,36.5673],[1.8399,36.5672],[1.8396,36.5672],[1.8394,36.5674],[1.8391,36.5673],[1.839,36.5671],[1.8387,36.5671],[1.8385,36.567],[1.8383,36.5671],[1.8381,36.5668],[1.8377,36.5667],[1.8374,36.5667],[1.8373,36.5668],[1.8371,36.5667],[1.837,36.5668],[1.8369,36.5667],[1.8367,36.5668],[1.8364,36.5668],[1.836,36.5667],[1.8356,36.5667],[1.8352,36.5664],[1.8349,36.5662],[1.8346,36.5658],[1.8342,36.5655],[1.8337,36.5649],[1.8334,36.5647],[1.8334,36.5645],[1.8331,36.5643],[1.8328,36.564],[1.8325,36.5637],[1.8324,36.5636],[1.832,36.5636],[1.8314,36.5637],[1.8311,36.5636],[1.8305,36.5635],[1.8302,36.5635],[1.8299,36.5634],[1.8295,36.5634],[1.8292,36.5634],[1.8285,36.5634],[1.8282,36.5633],[1.828,36.5631],[1.8277,36.563],[1.8271,36.5629],[1.8265,36.5629],[1.8261,36.563],[1.8254,36.5631],[1.8251,36.5632],[1.8248,36.5633],[1.8239,36.5635],[1.8233,36.5636],[1.8231,36.5635],[1.8228,36.5635],[1.8216,36.5632],[1.8203,36.5627],[1.8201,36.5625],[1.8196,36.5621],[1.8194,36.562],[1.819,36.5619],[1.8186,36.5619],[1.8179,36.5618],[1.8173,36.5617],[1.8167,36.5616],[1.8164,36.5615],[1.8161,36.5615],[1.8155,36.5613],[1.8146,36.561],[1.814,36.5608],[1.813,36.5607],[1.8123,36.5606],[1.8112,36.5605],[1.8109,36.5605],[1.8101,36.5605],[1.8093,36.5605],[1.8091,36.5606],[1.8089,36.5606],[1.8086,36.5606],[1.8079,36.5607],[1.8071,36.5607],[1.8066,36.5608],[1.8061,36.5608],[1.8057,36.5608],[1.8053,36.5608],[1.805,36.5609],[1.8046,36.5609],[1.8044,36.5608],[1.8042,36.5608],[1.8039,36.5609],[1.8036,36.5609],[1.8031,36.5609],[1.8028,36.5609],[1.8025,36.5608],[1.8023,36.5608],[1.8022,36.5608],[1.8021,36.5606],[1.8015,36.5603],[1.8012,36.5602],[1.8007,36.5601],[1.7996,36.56],[1.7985,36.56],[1.7978,36.56],[1.7974,36.5599],[1.7969,36.5597],[1.7965,36.5596],[1.796,36.5596],[1.7956,36.5596],[1.7953,36.5595],[1.7948,36.5595],[1.7943,36.5593],[1.7937,36.5592],[1.7932,36.5592],[1.7926,36.5592],[1.792,36.5591],[1.7916,36.559],[1.7914,36.5591],[1.791,36.559],[1.7906,36.5589],[1.7903,36.5589],[1.7901,36.5589],[1.79,36.5591],[1.7898,36.5591],[1.7896,36.559],[1.7895,36.5586],[1.7892,36.5584],[1.7888,36.5581],[1.7886,36.5581],[1.7883,36.5582],[1.7881,36.5581],[1.7876,36.5577],[1.7871,36.5574],[1.7867,36.5574],[1.7863,36.5574],[1.7855,36.5575],[1.7852,36.5575],[1.7842,36.5577],[1.7835,36.5577],[1.7829,36.5578],[1.7826,36.5578],[1.7821,36.5577],[1.7815,36.5575],[1.7811,36.5574],[1.7806,36.5575],[1.7799,36.5576],[1.7796,36.5576],[1.7792,36.5578],[1.7789,36.5581],[1.7789,36.5584],[1.7787,36.5588],[1.7786,36.5592],[1.7784,36.5593],[1.7783,36.5595],[1.7782,36.5594],[1.7781,36.5595],[1.7777,36.5595],[1.7772,36.5596],[1.7767,36.5596],[1.7763,36.5596],[1.776,36.5595],[1.7755,36.5594],[1.7749,36.5592],[1.7745,36.559],[1.7741,36.559],[1.7739,36.5592],[1.7737,36.5593],[1.7737,36.5594],[1.7738,36.5596],[1.7736,36.5596],[1.7734,36.5596],[1.7732,36.5597],[1.7728,36.5597],[1.7726,36.5597],[1.7722,36.5595],[1.7717,36.5591],[1.7714,36.5589],[1.7711,36.559],[1.7706,36.5588],[1.77,36.5585],[1.7696,36.5583],[1.7692,36.5582],[1.7688,36.5583],[1.7683,36.5584],[1.7679,36.5584],[1.7677,36.5583],[1.7674,36.5582],[1.7666,36.5582],[1.7664,36.5583],[1.7661,36.5585],[1.7659,36.5585],[1.7655,36.5584],[1.7648,36.5585],[1.7645,36.5586],[1.7634,36.5588],[1.763,36.559],[1.7627,36.5591],[1.7625,36.5594],[1.7622,36.5597],[1.7623,36.5601],[1.7619,36.5601],[1.7618,36.56],[1.7614,36.5601],[1.761,36.5603],[1.7609,36.5604],[1.761,36.5606],[1.7608,36.5607],[1.7604,36.5607],[1.76,36.5608],[1.7599,36.5609],[1.7595,36.561],[1.7594,36.5613],[1.759,36.5616],[1.7589,36.5617],[1.7585,36.5619],[1.7581,36.562],[1.7577,36.562],[1.7567,36.5621],[1.7564,36.562],[1.756,36.5617],[1.7555,36.5615],[1.7552,36.5612],[1.7548,36.5612],[1.7545,36.5612],[1.7543,36.5612],[1.7539,36.5612],[1.7535,36.5612],[1.7529,36.5613],[1.7528,36.5615],[1.752,36.5612],[1.7519,36.5611],[1.7513,36.5609],[1.7512,36.5608],[1.7514,36.5608],[1.7516,36.5607],[1.7514,36.5604],[1.751,36.5598],[1.7504,36.5594],[1.7493,36.559],[1.7483,36.5586],[1.7476,36.5582],[1.747,36.5579],[1.7468,36.5579],[1.7465,36.5576],[1.7464,36.5576],[1.7461,36.5574],[1.7457,36.5574],[1.7448,36.5574],[1.7441,36.5576],[1.7439,36.5578],[1.7438,36.5581],[1.7435,36.5579],[1.7431,36.5577],[1.743,36.5574],[1.7425,36.5572],[1.7414,36.5566],[1.7408,36.5562],[1.7404,36.5559],[1.74,36.5558],[1.7393,36.5558],[1.7383,36.556],[1.7378,36.556],[1.7374,36.5559],[1.7371,36.5557],[1.7368,36.5557],[1.7365,36.5554],[1.7356,36.5552],[1.7353,36.5552],[1.7349,36.5553],[1.7343,36.5554],[1.7335,36.5557],[1.7331,36.5561],[1.7331,36.5563],[1.733,36.5565],[1.7326,36.5565],[1.7324,36.5567],[1.7324,36.557],[1.7324,36.5574],[1.7325,36.5574],[1.7327,36.5575],[1.7327,36.5577],[1.7325,36.5578],[1.7323,36.5577],[1.7322,36.5577],[1.7319,36.558],[1.7317,36.558],[1.7318,36.5576],[1.7318,36.5574],[1.7318,36.5573],[1.7319,36.5571],[1.7317,36.557],[1.7314,36.5567],[1.7312,36.5565],[1.731,36.5564],[1.7305,36.5564],[1.73,36.5562],[1.7296,36.5562],[1.7293,36.5562],[1.729,36.5561],[1.7285,36.5558],[1.7283,36.5557],[1.7279,36.5557],[1.7274,36.5557],[1.7269,36.5557],[1.7263,36.5556],[1.7255,36.5556],[1.7251,36.5557],[1.7244,36.5556],[1.7236,36.5554],[1.7225,36.5552],[1.7219,36.5552],[1.7209,36.555],[1.7202,36.5549],[1.7196,36.5549],[1.7185,36.555],[1.7178,36.5552],[1.7175,36.5553],[1.7172,36.5552],[1.7166,36.5549],[1.7159,36.5546],[1.715,36.5543],[1.7142,36.5542],[1.7132,36.554],[1.7121,36.5538],[1.7105,36.5536],[1.7094,36.5534],[1.7086,36.5534],[1.7065,36.5533],[1.7046,36.553],[1.7037,36.553],[1.7032,36.5529],[1.7015,36.5528],[1.7002,36.5529],[1.6986,36.5528],[1.6969,36.5529],[1.695,36.5529],[1.6942,36.5529],[1.6923,36.5531],[1.6916,36.5531],[1.6891,36.5529],[1.6878,36.553],[1.6862,36.5532],[1.6828,36.5533],[1.6824,36.5541],[1.6821,36.5541],[1.6821,36.5533],[1.6666,36.5525],[1.6656,36.5529],[1.6656,36.5537],[1.6618,36.5536],[1.6617,36.5541],[1.6602,36.5541],[1.6601,36.5546],[1.6586,36.5543],[1.6585,36.5556],[1.6576,36.5554],[1.6576,36.5548],[1.6522,36.5545],[1.6522,36.554],[1.65,36.5533],[1.6484,36.5523],[1.6414,36.5517],[1.6398,36.5508],[1.6389,36.5495],[1.6376,36.5495],[1.6376,36.549],[1.636,36.5488],[1.6348,36.5491],[1.6338,36.5484],[1.6338,36.5476],[1.6332,36.5478],[1.6313,36.5474],[1.6313,36.5453],[1.6307,36.5454],[1.6285,36.5445],[1.6285,36.544],[1.6279,36.544],[1.6276,36.5432],[1.6263,36.5434],[1.6266,36.5429],[1.625,36.5423],[1.6228,36.5424],[1.6231,36.5437],[1.6215,36.5439],[1.6215,36.5444],[1.6205,36.5441],[1.6205,36.5454],[1.6186,36.5452],[1.6183,36.5444],[1.6177,36.5444],[1.6167,36.5431],[1.6154,36.5433],[1.6154,36.5438],[1.6151,36.5438],[1.6145,36.5428],[1.6139,36.5428],[1.6139,36.5423],[1.6129,36.5423],[1.6126,36.5412],[1.6117,36.5412],[1.6117,36.5407],[1.6107,36.5408],[1.6101,36.5406],[1.6094,36.5409],[1.6098,36.5402],[1.6079,36.5409],[1.6082,36.5376],[1.6063,36.5367],[1.6028,36.5367],[1.6025,36.536],[1.5974,36.5362],[1.5968,36.5374],[1.591,36.5371],[1.591,36.5376],[1.5834,36.5363],[1.5834,36.5357],[1.585,36.536],[1.585,36.5353],[1.5825,36.5341],[1.5739,36.5342],[1.5726,36.5345],[1.5691,36.5351],[1.5691,36.5356],[1.5643,36.5365],[1.5643,36.5371],[1.5614,36.5378],[1.5608,36.5391],[1.5598,36.5393],[1.5598,36.5398],[1.556,36.5408],[1.5556,36.5416],[1.5547,36.5418],[1.5547,36.5413],[1.5534,36.5413],[1.5531,36.5421],[1.5524,36.5421],[1.5524,36.5415],[1.5521,36.5415],[1.5521,36.5421],[1.5518,36.542],[1.5518,36.5415],[1.5508,36.5415],[1.5509,36.5413],[1.5515,36.5413],[1.5512,36.5408],[1.5486,36.5405],[1.5484,36.5387],[1.5455,36.5377],[1.5426,36.5378],[1.542,36.5391],[1.5417,36.5391],[1.5417,36.5386],[1.5391,36.5383],[1.5388,36.5393],[1.5385,36.5393],[1.5379,36.5383],[1.5343,36.539],[1.5337,36.54],[1.5324,36.5398],[1.5327,36.5392],[1.5308,36.5397],[1.5308,36.5392],[1.5301,36.5393],[1.528,36.5396],[1.5257,36.5404],[1.5257,36.5425],[1.5244,36.5425],[1.5244,36.5431],[1.5244,36.5433],[1.5238,36.5432],[1.5233,36.5417],[1.5232,36.5412],[1.523,36.5412],[1.5225,36.5412],[1.5226,36.5406],[1.5229,36.5391],[1.5235,36.5391],[1.5226,36.536],[1.522,36.536],[1.522,36.5355],[1.5207,36.5355],[1.5207,36.5347],[1.5204,36.5347],[1.5204,36.5352],[1.5195,36.535],[1.5195,36.5347],[1.5201,36.5347],[1.5201,36.5332],[1.5176,36.532],[1.5163,36.5321],[1.5164,36.5308],[1.5154,36.5304],[1.5144,36.5305],[1.5145,36.53],[1.5122,36.5297],[1.5122,36.529],[1.51,36.5288],[1.5097,36.5291],[1.5084,36.5289],[1.5084,36.5294],[1.5075,36.5292],[1.5075,36.5287],[1.5065,36.529],[1.5037,36.5286],[1.5037,36.5291],[1.5024,36.5287],[1.5017,36.5292],[1.4986,36.5291],[1.4986,36.5285],[1.4925,36.5276],[1.4858,36.5284],[1.4858,36.5289],[1.4778,36.5303],[1.4778,36.5309],[1.4721,36.5317],[1.4695,36.5346],[1.4685,36.5348],[1.4677,36.5361],[1.4678,36.5402],[1.4671,36.5402],[1.4672,36.5394],[1.4659,36.5397],[1.4659,36.5402],[1.4656,36.5402],[1.4656,36.5397],[1.4627,36.5413],[1.4598,36.5417],[1.4598,36.5422],[1.4566,36.5414],[1.4566,36.5409],[1.4554,36.5408],[1.455,36.5401],[1.4512,36.539],[1.4512,36.5395],[1.4509,36.5395],[1.4509,36.539],[1.45,36.539],[1.45,36.5395],[1.4484,36.5392],[1.4484,36.5387],[1.4478,36.5388],[1.4455,36.5381],[1.4462,36.5369],[1.4446,36.5359],[1.4395,36.5356],[1.4373,36.5365],[1.4376,36.5378],[1.4338,36.5379],[1.4318,36.5385],[1.4318,36.539],[1.4309,36.5387],[1.4315,36.5395],[1.4315,36.54],[1.4312,36.54],[1.4311,36.5396],[1.4293,36.5388],[1.4258,36.5394],[1.426,36.5391],[1.4258,36.5384],[1.422,36.5382],[1.4178,36.5379],[1.417,36.5378],[1.4137,36.5372],[1.4137,36.5377],[1.4121,36.5374],[1.4121,36.538],[1.4108,36.5385],[1.4108,36.539],[1.406,36.5389],[1.4061,36.5384],[1.4035,36.5385],[1.3978,36.5366],[1.3943,36.5367],[1.3943,36.5372],[1.393,36.5374],[1.3927,36.5382],[1.3911,36.5384],[1.3908,36.5392],[1.3898,36.5395],[1.3898,36.5402],[1.3891,36.5402],[1.388,36.5417],[1.3881,36.5433],[1.3891,36.5434],[1.39,36.5446],[1.3894,36.5446],[1.3894,36.5454],[1.389,36.5454],[1.389,36.5448],[1.3887,36.5448],[1.3887,36.5461],[1.3881,36.5461],[1.3881,36.5466],[1.3874,36.5466],[1.3871,36.5487],[1.3877,36.5487],[1.3877,36.5488],[1.3873,36.5505],[1.3864,36.5505],[1.386,36.5517],[1.3835,36.552],[1.3835,36.5519],[1.3835,36.5514],[1.3816,36.5517],[1.3816,36.5509],[1.381,36.5512],[1.381,36.5504],[1.3803,36.5504],[1.3803,36.5499],[1.3794,36.5498],[1.3794,36.5504],[1.3778,36.5506],[1.3778,36.5511],[1.3768,36.5501],[1.3765,36.5501],[1.3765,36.5506],[1.3762,36.5506],[1.3762,36.5501],[1.3685,36.5509],[1.3679,36.5505],[1.3679,36.5499],[1.3651,36.5503],[1.3625,36.5512],[1.3631,36.5526],[1.3637,36.5526],[1.364,36.553],[1.3583,36.5532],[1.3577,36.5516],[1.3571,36.5516],[1.357,36.5526],[1.3539,36.5523],[1.3544,36.5518],[1.3542,36.551],[1.3495,36.5511],[1.3488,36.5512],[1.3488,36.551],[1.3493,36.5509],[1.3488,36.5499],[1.3482,36.5503],[1.3472,36.5502],[1.3469,36.5512],[1.3451,36.5512],[1.3427,36.5513],[1.3421,36.5509],[1.3421,36.5501],[1.3402,36.5503],[1.3397,36.55],[1.3379,36.5495],[1.3381,36.5492],[1.3384,36.5491],[1.3386,36.549],[1.3386,36.5489],[1.3394,36.5483],[1.3396,36.5484],[1.3399,36.5482],[1.3399,36.5482],[1.3398,36.5481],[1.3398,36.5479],[1.3393,36.5473],[1.3393,36.547],[1.339,36.5465],[1.3386,36.5456],[1.338,36.5444],[1.3372,36.5435],[1.3367,36.5425],[1.336,36.5418],[1.3349,36.5414],[1.3338,36.5413],[1.3337,36.5413],[1.3332,36.5412],[1.3327,36.5407],[1.3319,36.5396],[1.3313,36.5392],[1.331,36.5381],[1.3306,36.5378],[1.3306,36.5376],[1.3306,36.5373],[1.3308,36.5369],[1.3306,36.5359],[1.3303,36.535],[1.3299,36.5339],[1.3293,36.5328],[1.3287,36.5324],[1.328,36.5324],[1.3266,36.5316],[1.3254,36.5308],[1.3246,36.5295],[1.3245,36.5286],[1.3241,36.5278],[1.3236,36.5274],[1.3229,36.5266],[1.3195,36.527],[1.3181,36.5272],[1.3181,36.5269],[1.3191,36.5268],[1.3213,36.5264],[1.3207,36.5256],[1.3209,36.5255],[1.3215,36.5261],[1.3223,36.5257],[1.3213,36.5241],[1.3204,36.5245],[1.3191,36.523],[1.3195,36.5224],[1.3189,36.5221],[1.3168,36.5243],[1.3164,36.5247],[1.3156,36.5255],[1.3158,36.5259],[1.3163,36.5263],[1.3165,36.5266],[1.3163,36.5266],[1.3151,36.5256],[1.3147,36.5254],[1.3146,36.5249],[1.3152,36.5238],[1.3157,36.5232],[1.3168,36.5224],[1.3182,36.5219],[1.3179,36.521],[1.3176,36.5202],[1.316,36.5184],[1.3154,36.5179],[1.3149,36.5175],[1.3126,36.5162],[1.3105,36.5159],[1.31,36.5158],[1.3094,36.516],[1.3084,36.515],[1.3031,36.5132],[1.3024,36.5134],[1.3022,36.5129],[1.3018,36.5123],[1.3013,36.5116],[1.2975,36.5112],[1.2973,36.5107],[1.2967,36.5104],[1.2963,36.5103],[1.296,36.5103],[1.2953,36.5108],[1.2948,36.5105],[1.2944,36.5106],[1.2938,36.5103],[1.2936,36.5098],[1.2926,36.5099],[1.2923,36.5099],[1.2922,36.5097],[1.2918,36.5096],[1.2912,36.5094],[1.2907,36.5094],[1.2903,36.5095],[1.2899,36.5094],[1.2887,36.509],[1.2882,36.5088],[1.2877,36.5084],[1.287,36.5081],[1.2864,36.508],[1.2845,36.5074],[1.2834,36.5071],[1.2828,36.5076],[1.2785,36.5071],[1.2779,36.5077],[1.2765,36.5078],[1.2758,36.5074],[1.2753,36.5073],[1.274,36.5075],[1.2738,36.5073],[1.2732,36.5071],[1.273,36.5065],[1.2727,36.5061],[1.2719,36.5061],[1.2714,36.5069],[1.2693,36.5079],[1.2673,36.5077],[1.267,36.5069],[1.2654,36.5066],[1.2651,36.5059],[1.2613,36.5053],[1.261,36.5045],[1.255,36.5036],[1.255,36.5042],[1.2521,36.5037],[1.2454,36.5043],[1.2454,36.5048],[1.2435,36.504],[1.2435,36.5045],[1.2384,36.5048],[1.2371,36.5047],[1.2371,36.5052],[1.2349,36.5057],[1.2343,36.5046],[1.2308,36.5043],[1.2308,36.5048],[1.2244,36.5058],[1.2236,36.5068],[1.2234,36.5083],[1.2227,36.5083],[1.2221,36.507],[1.2209,36.5069],[1.2196,36.5069],[1.218,36.5072],[1.218,36.508],[1.2167,36.5085],[1.216,36.5095],[1.2147,36.5099],[1.2131,36.5101],[1.2122,36.51],[1.2122,36.5094],[1.2103,36.5102],[1.2093,36.512],[1.2087,36.5117],[1.2086,36.5122],[1.2071,36.5119],[1.207,36.5124],[1.2055,36.5119],[1.2055,36.5124],[1.2017,36.5112],[1.1972,36.511],[1.1974,36.5115],[1.1959,36.5133],[1.1943,36.5133],[1.1943,36.5138],[1.1933,36.514],[1.1935,36.5146],[1.193,36.5151],[1.1908,36.5141],[1.1863,36.5142],[1.1863,36.5147],[1.1803,36.5133],[1.18,36.5125],[1.1794,36.5125],[1.1789,36.5118],[1.1791,36.5112],[1.1781,36.511],[1.1781,36.5105],[1.1759,36.5098],[1.1668,36.5054],[1.1665,36.5046],[1.163,36.5043],[1.163,36.5038],[1.1624,36.5042],[1.1605,36.504],[1.1595,36.5025],[1.1539,36.5006],[1.1529,36.4993],[1.1523,36.4994],[1.1501,36.4986],[1.1476,36.4971],[1.1476,36.4966],[1.1441,36.4949],[1.141,36.4936],[1.1403,36.4937],[1.14,36.4929],[1.1251,36.4924],[1.1251,36.4919],[1.1197,36.4909],[1.1194,36.4912],[1.1169,36.4906],[1.1096,36.4905],[1.1061,36.4907],[1.1051,36.4902],[1.1016,36.4905],[1.1012,36.4921],[1.1006,36.492],[1.1007,36.4936],[1.1002,36.4949],[1.0999,36.4949],[1.0996,36.4941],[1.099,36.4941],[1.099,36.4928],[1.0968,36.4938],[1.0967,36.4943],[1.0955,36.494],[1.0951,36.495],[1.0961,36.4948],[1.0961,36.4953],[1.0856,36.4928],[1.0856,36.4939],[1.0834,36.4943],[1.0817,36.4923],[1.0812,36.491],[1.0778,36.4899],[1.0778,36.4889],[1.0768,36.489],[1.0753,36.4882],[1.0746,36.4885],[1.0748,36.4882],[1.0746,36.4875],[1.0721,36.487],[1.0718,36.4877],[1.0692,36.4877],[1.0689,36.4869],[1.0686,36.4869],[1.0686,36.4874],[1.067,36.4874],[1.067,36.4882],[1.0648,36.488],[1.0632,36.4871],[1.0629,36.486],[1.0616,36.4858],[1.0616,36.4863],[1.0607,36.486],[1.061,36.4855],[1.0598,36.4848],[1.0588,36.4849],[1.0582,36.4837],[1.0547,36.4824],[1.0525,36.4825],[1.0525,36.4815],[1.049,36.4807],[1.0487,36.4814],[1.0484,36.4814],[1.0475,36.4799],[1.0456,36.4798],[1.0456,36.4793],[1.0443,36.4791],[1.044,36.4783],[1.0434,36.4784],[1.0425,36.477],[1.0412,36.477],[1.0409,36.4762],[1.0396,36.476],[1.0358,36.4739],[1.0311,36.4728],[1.0292,36.4717],[1.0254,36.4709],[1.0248,36.471],[1.0245,36.4703],[1.0223,36.4693],[1.0185,36.468],[1.0152,36.4672],[1.0093,36.4658],[0.9986,36.4612],[0.992,36.4608],[0.9907,36.4612],[0.9913,36.4615],[0.9913,36.4617],[0.9878,36.4607],[0.9872,36.4594],[0.985,36.4592],[0.9834,36.4593],[0.9834,36.4598],[0.9822,36.4585],[0.9803,36.4576],[0.9778,36.4574],[0.9777,36.4579],[0.9768,36.4573],[0.9762,36.4574],[0.9762,36.4566],[0.9749,36.4563],[0.9743,36.455],[0.9639,36.4523],[0.9639,36.4518],[0.962,36.4511],[0.95,36.4487],[0.95,36.4492],[0.9471,36.4501],[0.9436,36.45],[0.9408,36.4487],[0.9401,36.4488],[0.9402,36.4483],[0.9385,36.4478],[0.9373,36.4475],[0.9367,36.4462],[0.9357,36.4464],[0.9349,36.4418],[0.9318,36.4407],[0.9318,36.4389],[0.9302,36.4387],[0.929,36.4381],[0.929,36.4376],[0.9284,36.4375],[0.9281,36.4357],[0.9271,36.4357],[0.9265,36.4337],[0.9247,36.4331],[0.925,36.4322],[0.926,36.4321],[0.9246,36.43],[0.9251,36.4293],[0.9244,36.4293],[0.9231,36.4259],[0.9235,36.4244],[0.9231,36.4241],[0.923,36.4192],[0.9229,36.4156],[0.9216,36.4151],[0.9214,36.4138],[0.9204,36.4135],[0.9198,36.4114],[0.9189,36.4114],[0.9169,36.4083],[0.9172,36.4075],[0.9169,36.4066],[0.9167,36.4061],[0.9165,36.4058],[0.9162,36.4053],[0.9153,36.4046],[0.9135,36.4049],[0.9125,36.4051],[0.9121,36.4049],[0.911,36.403],[0.91,36.4022],[0.91,36.4019],[0.9102,36.4018],[0.9104,36.4018],[0.9105,36.402],[0.9105,36.4021],[0.9114,36.4028],[0.9124,36.4046],[0.9125,36.4046],[0.9131,36.4044],[0.9139,36.4041],[0.9135,36.4035],[0.9137,36.4034],[0.9135,36.403],[0.9127,36.4033],[0.9126,36.4032],[0.9134,36.4029],[0.9131,36.4024],[0.9125,36.4026],[0.9125,36.4025],[0.9131,36.4023],[0.913,36.4021],[0.9122,36.4024],[0.9117,36.4015],[0.9116,36.4016],[0.9114,36.4019],[0.9113,36.4019],[0.9112,36.4019],[0.9112,36.4017],[0.9114,36.4014],[0.9122,36.401],[0.9121,36.4005],[0.9119,36.4001],[0.9114,36.3991],[0.9112,36.3988],[0.9107,36.398],[0.9091,36.3974],[0.9085,36.3963],[0.9075,36.3963],[0.9069,36.395],[0.906,36.3948],[0.9054,36.3935],[0.9041,36.3934],[0.9041,36.3927],[0.9032,36.3927],[0.9026,36.3901],[0.901,36.3898],[0.901,36.389],[0.8995,36.3881],[0.897,36.3877],[0.8951,36.3853],[0.8942,36.3853],[0.8942,36.3843],[0.8913,36.384],[0.8907,36.3824],[0.8901,36.3825],[0.885,36.3814],[0.8826,36.3798],[0.88,36.3795],[0.8788,36.3786],[0.8786,36.3776],[0.8776,36.3765],[0.875,36.3766],[0.8735,36.3757],[0.8732,36.3749],[0.8722,36.3749],[0.8722,36.3736],[0.8716,36.3736],[0.871,36.3723],[0.8688,36.3721],[0.8681,36.3724],[0.8659,36.3714],[0.8653,36.3704],[0.8641,36.3704],[0.8641,36.3699],[0.8609,36.3697],[0.8524,36.3672],[0.8476,36.3669],[0.8448,36.3654],[0.8448,36.3649],[0.8407,36.3638],[0.8408,36.3633],[0.8398,36.3634],[0.8389,36.3629],[0.8259,36.3611],[0.8234,36.3617],[0.8211,36.3622],[0.8208,36.3629],[0.8201,36.3629],[0.8198,36.3634],[0.8191,36.3644],[0.8175,36.3642],[0.8175,36.3647],[0.816,36.3641],[0.8146,36.3656],[0.8118,36.3661],[0.8118,36.3656],[0.8083,36.3657],[0.8052,36.366],[0.8051,36.366],[0.8051,36.3659],[0.8051,36.3655],[0.8045,36.3655],[0.8033,36.3621],[0.8021,36.3616],[0.8021,36.3612],[0.8021,36.361],[0.7989,36.3594],[0.7977,36.3574],[0.7965,36.3568],[0.7962,36.3561],[0.7952,36.3562],[0.7927,36.3543],[0.7921,36.3543],[0.7877,36.3514],[0.7862,36.3506],[0.7805,36.3493],[0.7807,36.3481],[0.7793,36.3455],[0.7781,36.3454],[0.7775,36.3441],[0.7765,36.3441],[0.7765,36.3431],[0.7747,36.3423],[0.7747,36.3418],[0.7737,36.3418],[0.7737,36.3413],[0.7731,36.3414],[0.7677,36.3396],[0.7671,36.3386],[0.7665,36.3387],[0.7624,36.3369],[0.7624,36.3364],[0.7615,36.3365],[0.7545,36.3351],[0.752,36.334],[0.7489,36.3335],[0.7411,36.3338],[0.7407,36.3338],[0.7308,36.3322],[0.7308,36.3327],[0.7299,36.3323],[0.7242,36.3318],[0.7241,36.3324],[0.7131,36.3316],[0.7131,36.3311],[0.6998,36.3301],[0.6997,36.3306],[0.695,36.3303],[0.695,36.3308],[0.6905,36.3309],[0.6902,36.332],[0.6892,36.3316],[0.6886,36.3318],[0.6861,36.3314],[0.6861,36.3309],[0.6845,36.3308],[0.6845,36.3303],[0.6839,36.3303],[0.6839,36.3298],[0.6829,36.3299],[0.6826,36.3296],[0.6788,36.3294],[0.6788,36.3299],[0.6772,36.3306],[0.6703,36.3296],[0.6674,36.3297],[0.6674,36.3302],[0.6658,36.3302],[0.6654,36.3312],[0.6626,36.331],[0.6582,36.3298],[0.6567,36.3272],[0.6554,36.3269],[0.6551,36.3259],[0.6538,36.3264],[0.6542,36.3256],[0.6532,36.3255],[0.6523,36.3258],[0.6526,36.3253],[0.6483,36.3245],[0.6482,36.3245],[0.6482,36.3244],[0.6479,36.3234],[0.6471,36.3234],[0.6469,36.3234],[0.6469,36.3232],[0.6467,36.3221],[0.646,36.3221],[0.6452,36.3198],[0.6445,36.3198],[0.6445,36.3191],[0.6446,36.3175],[0.6433,36.3172],[0.643,36.3159],[0.6415,36.3153],[0.6406,36.3133],[0.6399,36.3135],[0.6397,36.3122],[0.6375,36.3109],[0.6369,36.3096],[0.6356,36.3094],[0.6338,36.3083],[0.6338,36.3077],[0.6319,36.3074],[0.6319,36.3069],[0.6313,36.3069],[0.631,36.3061],[0.6269,36.3057],[0.6209,36.3041],[0.6206,36.3029],[0.6184,36.3017],[0.6165,36.3017],[0.6165,36.3023],[0.614,36.3014],[0.614,36.3007],[0.6127,36.3006],[0.6128,36.2994],[0.6121,36.2993],[0.6116,36.297],[0.6084,36.2967],[0.6084,36.2957],[0.6075,36.2954],[0.6075,36.2944],[0.6069,36.2944],[0.6066,36.2933],[0.6013,36.2906],[0.6013,36.2901],[0.6004,36.29],[0.595,36.2872],[0.5949,36.2869],[0.5938,36.2848],[0.5901,36.2837],[0.5898,36.283],[0.5835,36.2825],[0.5822,36.2828],[0.5822,36.2833],[0.5803,36.2833],[0.5801,36.2817],[0.5781,36.2799],[0.5722,36.2785],[0.5717,36.2778],[0.5683,36.2784],[0.5681,36.2776],[0.5608,36.2762],[0.5611,36.2755],[0.557,36.2754],[0.5572,36.2746],[0.5561,36.273],[0.5555,36.273],[0.5555,36.2725],[0.5518,36.2715],[0.5511,36.2719],[0.5511,36.2709],[0.5505,36.2709],[0.5505,36.2704],[0.5499,36.2703],[0.5502,36.2698],[0.5473,36.2703],[0.5465,36.2682],[0.5455,36.2685],[0.5455,36.2679],[0.5424,36.2666],[0.5424,36.2661],[0.5418,36.2662],[0.5402,36.2655],[0.5402,36.265],[0.5393,36.2652],[0.5393,36.2645],[0.5383,36.2641],[0.5336,36.2633],[0.5333,36.2623],[0.5308,36.2622],[0.5308,36.2615],[0.5302,36.2615],[0.5302,36.262],[0.5295,36.2617],[0.5293,36.2607],[0.5258,36.2602],[0.5255,36.2605],[0.5245,36.2603],[0.5245,36.2601],[0.5251,36.2601],[0.5252,36.2596],[0.5236,36.2595],[0.5236,36.259],[0.5226,36.259],[0.5228,36.2582],[0.5224,36.2577],[0.5208,36.2577],[0.5208,36.2564],[0.5202,36.2565],[0.519,36.2554],[0.5183,36.2557],[0.5145,36.2554],[0.5123,36.2544],[0.5124,36.2534],[0.5117,36.2535],[0.5095,36.2531],[0.5092,36.2523],[0.5029,36.2506],[0.5026,36.2498],[0.5011,36.2498],[0.5008,36.249],[0.4986,36.2486],[0.4973,36.2479],[0.4973,36.2474],[0.4958,36.2469],[0.4958,36.2461],[0.4926,36.2455],[0.4926,36.245],[0.4914,36.2447],[0.4914,36.2442],[0.4898,36.2439],[0.4897,36.2421],[0.4887,36.241],[0.4853,36.2374],[0.4846,36.2374],[0.4837,36.2361],[0.4831,36.2362],[0.4781,36.2329],[0.4781,36.2324],[0.4716,36.2298],[0.4646,36.2294],[0.4637,36.229],[0.4637,36.2285],[0.4618,36.2282],[0.46,36.2251],[0.4566,36.2231],[0.4553,36.2229],[0.4553,36.2224],[0.4525,36.2217],[0.45,36.2206],[0.4459,36.2204],[0.4459,36.2199],[0.444,36.2198],[0.444,36.2191],[0.4384,36.2165],[0.4368,36.2167],[0.4337,36.2156],[0.4302,36.2138],[0.4252,36.2138],[0.4249,36.2125],[0.422,36.2127],[0.4221,36.2119],[0.4205,36.212],[0.4126,36.2094],[0.4127,36.2089],[0.4111,36.2094],[0.4111,36.2088],[0.4051,36.2086],[0.4012,36.2094],[0.4008,36.2117],[0.4002,36.2114],[0.4003,36.2099],[0.3977,36.2098],[0.3978,36.2111],[0.3986,36.2114],[0.3995,36.2126],[0.4008,36.2127],[0.4008,36.213],[0.3992,36.2128],[0.3979,36.2115],[0.3971,36.2111],[0.3974,36.2104],[0.383,36.2116],[0.3828,36.21],[0.3769,36.2072],[0.3753,36.2072],[0.3747,36.2066],[0.3722,36.2063],[0.3709,36.2064],[0.3703,36.2051],[0.3687,36.2051],[0.3687,36.2046],[0.3681,36.2046],[0.3683,36.2038],[0.3678,36.2033],[0.3648,36.203],[0.3647,36.2035],[0.364,36.2035],[0.3647,36.2027],[0.3634,36.2029],[0.3634,36.2022],[0.3628,36.2025],[0.3618,36.2024],[0.3619,36.2019],[0.3609,36.2021],[0.3603,36.2008],[0.3569,36.1996],[0.3547,36.1991],[0.3544,36.1984],[0.3531,36.1983],[0.3535,36.1973],[0.35,36.1966],[0.3475,36.1955],[0.3435,36.1934],[0.3419,36.1932],[0.3426,36.1914],[0.3407,36.1914],[0.3407,36.1911],[0.3413,36.1911],[0.341,36.1906],[0.3391,36.1902],[0.3385,36.19],[0.339,36.1894],[0.3393,36.189],[0.3386,36.1875],[0.3395,36.1874],[0.34,36.1867],[0.3395,36.1852],[0.3376,36.1798],[0.3369,36.1797],[0.337,36.1785],[0.3364,36.1784],[0.3365,36.1777],[0.3349,36.1746],[0.3343,36.1745],[0.3337,36.1727],[0.3331,36.1727],[0.3316,36.1696],[0.3309,36.1696],[0.3296,36.1678],[0.3295,36.167],[0.3288,36.167],[0.3285,36.1657],[0.3279,36.1657],[0.3264,36.1631],[0.3258,36.163],[0.3255,36.162],[0.3249,36.162],[0.3237,36.1599],[0.323,36.1602],[0.3231,36.1596],[0.3224,36.1596],[0.3218,36.1583],[0.3203,36.1575],[0.3203,36.157],[0.3193,36.157],[0.3184,36.1557],[0.3175,36.1554],[0.3172,36.1546],[0.3166,36.1546],[0.3166,36.1541],[0.3095,36.1497],[0.3066,36.1486],[0.3032,36.1484],[0.3025,36.1497],[0.3016,36.1491],[0.3015,36.1497],[0.3012,36.1497],[0.3017,36.1484],[0.3007,36.1463],[0.3001,36.1463],[0.3001,36.1453],[0.2988,36.145],[0.2986,36.1439],[0.2979,36.1439],[0.298,36.1434],[0.2973,36.1434],[0.2973,36.1429],[0.2967,36.1429],[0.2961,36.1413],[0.2949,36.1408],[0.2949,36.1403],[0.2943,36.1403],[0.294,36.1392],[0.2927,36.1389],[0.2927,36.1382],[0.2921,36.1384],[0.2921,36.1379],[0.2915,36.1379],[0.2912,36.1371],[0.2906,36.1371],[0.2906,36.1366],[0.29,36.1366],[0.2894,36.1355],[0.2862,36.1342],[0.2859,36.1334],[0.2859,36.1334],[0.285,36.1335],[0.2744,36.1297],[0.2705,36.1302],[0.2705,36.1307],[0.2667,36.1304],[0.2669,36.1294],[0.2649,36.1279],[0.263,36.1275],[0.2624,36.1264],[0.259,36.1248],[0.259,36.1243],[0.2559,36.1231],[0.2461,36.1219],[0.2461,36.1225],[0.2401,36.1219],[0.2388,36.1224],[0.236,36.1224],[0.2353,36.1227],[0.2352,36.1214],[0.2342,36.1201],[0.232,36.1201],[0.232,36.1196],[0.2313,36.1199],[0.2298,36.1196],[0.2291,36.1198],[0.2285,36.1182],[0.2232,36.1172],[0.2222,36.1174],[0.2213,36.117],[0.2208,36.1144],[0.2192,36.1139],[0.2189,36.1131],[0.2149,36.1111],[0.2102,36.1098],[0.2099,36.1085],[0.2083,36.1082],[0.2077,36.1072],[0.2068,36.1069],[0.2068,36.1061],[0.2027,36.105],[0.2027,36.1045],[0.2034,36.1045],[0.2028,36.1019],[0.2022,36.1019],[0.2016,36.0998],[0.2007,36.0996],[0.2007,36.0988],[0.2001,36.0988],[0.1998,36.0975],[0.1992,36.0975],[0.1971,36.0936],[0.1965,36.0936],[0.1956,36.092],[0.195,36.0922],[0.1947,36.0912],[0.194,36.0912],[0.191,36.0873],[0.1901,36.087],[0.1901,36.0865],[0.1895,36.0867],[0.1886,36.0849],[0.1876,36.0846],[0.1873,36.0836],[0.1867,36.0836],[0.1867,36.0831],[0.1861,36.083],[0.1858,36.082],[0.1852,36.082],[0.1852,36.0812],[0.184,36.0809],[0.1815,36.0783],[0.18,36.078],[0.1797,36.0772],[0.1769,36.0762],[0.1753,36.0743],[0.1741,36.074],[0.1729,36.0722],[0.1723,36.0722],[0.1723,36.0714],[0.1713,36.0711],[0.1711,36.0704],[0.1704,36.0703],[0.1704,36.0696],[0.1698,36.0697],[0.1691,36.0688],[0.1671,36.0667],[0.1664,36.0667],[0.1659,36.0654],[0.1643,36.0646],[0.1643,36.064],[0.1631,36.0638],[0.1625,36.0627],[0.1618,36.0627],[0.1619,36.0622],[0.1597,36.0611],[0.1594,36.0603],[0.1585,36.06],[0.1582,36.0593],[0.1575,36.0593],[0.1572,36.0585],[0.1566,36.0585],[0.1566,36.0579],[0.1557,36.0579],[0.1554,36.0569],[0.1548,36.0569],[0.1533,36.0548],[0.1526,36.0548],[0.1514,36.0527],[0.1505,36.0527],[0.1502,36.0519],[0.1496,36.0519],[0.1487,36.0506],[0.1471,36.05],[0.1471,36.0492],[0.1378,36.044],[0.1356,36.0433],[0.1357,36.0428],[0.1338,36.042],[0.1337,36.0413],[0.1336,36.0392],[0.1345,36.0392],[0.1342,36.0384],[0.1357,36.0379],[0.1358,36.0375],[0.1336,36.0384],[0.1333,36.0392],[0.1298,36.038],[0.1207,36.0155],[0.1209,36.0142],[0.1203,36.0142],[0.12,36.0116],[0.1194,36.0116],[0.1195,36.0103],[0.1188,36.0103],[0.119,36.009],[0.1188,36.0077],[0.1163,36.0002],[0.1157,36.0002],[0.1158,35.9989],[0.1145,35.9984],[0.1142,35.9976],[0.1136,35.9976],[0.1138,35.995],[0.1117,35.9921],[0.1109,35.9916],[0.1103,35.9912],[0.1099,35.9909],[0.1099,35.9904],[0.1097,35.99],[0.1093,35.9896],[0.1089,35.9891],[0.1085,35.9891],[0.1081,35.9886],[0.1072,35.9879],[0.1066,35.9873],[0.1063,35.9871],[0.1057,35.987],[0.1057,35.9862],[0.1055,35.9857],[0.1053,35.9854],[0.1049,35.9854],[0.1047,35.9854],[0.1045,35.9854],[0.104,35.9845],[0.1037,35.9843],[0.1032,35.9845],[0.1033,35.9843],[0.1036,35.984],[0.1035,35.9837],[0.1033,35.983],[0.1029,35.9828],[0.1023,35.9826],[0.102,35.9829],[0.1021,35.9826],[0.1015,35.9821],[0.1009,35.981],[0.1003,35.9804],[0.1,35.9799],[0.0999,35.9796],[0.1,35.9789],[0.0998,35.9786],[0.0998,35.9783],[0.1,35.9771],[0.0999,35.9766],[0.0998,35.9765],[0.0995,35.9764],[0.0992,35.9763],[0.0988,35.9759],[0.099,35.9753],[0.0992,35.9748],[0.0992,35.9743],[0.099,35.9739],[0.0987,35.9738],[0.0984,35.9737],[0.0979,35.9735],[0.0975,35.9731],[0.0963,35.9727],[0.0952,35.9719],[0.0945,35.9712],[0.0941,35.9707],[0.0938,35.9702],[0.0937,35.9701],[0.0935,35.9697],[0.0931,35.969],[0.0929,35.9687],[0.0926,35.9683],[0.0923,35.968],[0.0919,35.9676],[0.0913,35.967],[0.0913,35.9667],[0.0914,35.9668],[0.0914,35.9665],[0.0916,35.9662],[0.0914,35.9659],[0.0912,35.9657],[0.0913,35.9655],[0.0914,35.9655],[0.0918,35.9655],[0.0919,35.9657],[0.092,35.9658],[0.0922,35.9659],[0.0925,35.9658],[0.0926,35.9657],[0.0929,35.9653],[0.0931,35.9649],[0.0933,35.9645],[0.0934,35.9642],[0.0934,35.9638],[0.0933,35.9635],[0.0931,35.9631],[0.093,35.9626],[0.0928,35.9621],[0.0926,35.9613],[0.0923,35.9608],[0.0921,35.9607],[0.092,35.9603],[0.0918,35.9596],[0.0917,35.9593],[0.0914,35.9588],[0.0912,35.9582],[0.0908,35.9573],[0.0904,35.9564],[0.0901,35.9556],[0.0896,35.9549],[0.0894,35.9545],[0.0891,35.9542],[0.0888,35.954],[0.0887,35.9539],[0.0888,35.9537],[0.0889,35.9535],[0.0889,35.9533],[0.0888,35.9529],[0.0887,35.9525],[0.0887,35.9523],[0.0886,35.9522],[0.0885,35.9519],[0.0884,35.9515],[0.0878,35.9503],[0.0871,35.9489],[0.0865,35.948],[0.0859,35.947],[0.0858,35.9466],[0.0852,35.9458],[0.0849,35.9454],[0.0847,35.9452],[0.0846,35.945],[0.0847,35.9448],[0.0847,35.9443],[0.0847,35.9441],[0.0847,35.9439],[0.0847,35.9437],[0.0845,35.9436],[0.0845,35.9434],[0.0844,35.9432],[0.0841,35.9431],[0.0841,35.9427],[0.084,35.9425],[0.0839,35.9422],[0.0835,35.9418],[0.0832,35.9411],[0.0831,35.9409],[0.0829,35.9407],[0.0826,35.94],[0.0822,35.9395],[0.0819,35.9392],[0.0811,35.9392],[0.0805,35.9392],[0.0798,35.9392],[0.0795,35.9392],[0.0777,35.9392],[0.0773,35.9391],[0.077,35.939],[0.0767,35.9388],[0.0761,35.9384],[0.0739,35.9366],[0.0735,35.9363],[0.0729,35.9359],[0.0685,35.9334],[0.0684,35.9334],[0.0684,35.9332],[0.0685,35.9331],[0.0687,35.9331],[0.0688,35.9332],[0.0687,35.9333],[0.072,35.9351],[0.0726,35.9355],[0.0728,35.9354],[0.0732,35.9356],[0.0732,35.9358],[0.0737,35.9361],[0.0745,35.9367],[0.0747,35.9366],[0.0748,35.9366],[0.0746,35.9368],[0.0763,35.9382],[0.0769,35.9386],[0.0773,35.9388],[0.0776,35.9389],[0.0778,35.9389],[0.0778,35.9387],[0.0784,35.9388],[0.0792,35.9388],[0.0793,35.9388],[0.0802,35.9379],[0.0781,35.9346],[0.0761,35.936],[0.0758,35.9362],[0.0752,35.9357],[0.0753,35.9355],[0.075,35.9352],[0.0749,35.9352],[0.0767,35.9339],[0.0763,35.9334],[0.0764,35.9333],[0.0767,35.9331],[0.0765,35.9315],[0.0765,35.9314],[0.076,35.9321],[0.0757,35.932],[0.0763,35.9313],[0.0759,35.9311],[0.0745,35.9311],[0.0727,35.9332],[0.0721,35.9328],[0.072,35.933],[0.072,35.9331],[0.0719,35.9331],[0.0719,35.9331],[0.0719,35.9332],[0.0717,35.9332],[0.0717,35.9331],[0.0716,35.933],[0.0717,35.9329],[0.0717,35.9329],[0.0736,35.9306],[0.0738,35.9306],[0.0742,35.9303],[0.0744,35.9301],[0.0745,35.9297],[0.0745,35.9292],[0.0745,35.929],[0.0744,35.9288],[0.0743,35.9283],[0.0741,35.9279],[0.0738,35.9277],[0.0735,35.9275],[0.0733,35.9272],[0.0731,35.9267],[0.0731,35.9262],[0.073,35.9258],[0.0727,35.9255],[0.072,35.925],[0.0716,35.9247],[0.0712,35.9246],[0.0708,35.9246],[0.0703,35.9246],[0.0697,35.9246],[0.0693,35.9248],[0.0679,35.9247],[0.0677,35.9246],[0.0673,35.9243],[0.0672,35.9243],[0.0668,35.9242],[0.0663,35.9241],[0.0658,35.924],[0.0654,35.924],[0.0647,35.9241],[0.064,35.9241],[0.0635,35.924],[0.0628,35.924],[0.0619,35.9241],[0.0615,35.9242],[0.0608,35.924],[0.0602,35.9239],[0.0598,35.9238],[0.0594,35.9238],[0.0591,35.9238],[0.0582,35.924],[0.0572,35.9243],[0.0571,35.9244],[0.0568,35.9245],[0.0566,35.9245],[0.0547,35.9236],[0.0546,35.9235],[0.0536,35.9212],[0.0538,35.921],[0.054,35.921],[0.0542,35.921],[0.0542,35.9212],[0.0542,35.9213],[0.0541,35.9213],[0.0549,35.9233],[0.055,35.9233],[0.0552,35.9233],[0.0567,35.9241],[0.0579,35.9238],[0.0583,35.9233],[0.0579,35.9224],[0.0569,35.9227],[0.0568,35.9223],[0.0575,35.9221],[0.0573,35.9216],[0.0571,35.9216],[0.0569,35.9211],[0.0571,35.9211],[0.057,35.921],[0.0561,35.9212],[0.0563,35.9219],[0.0563,35.922],[0.056,35.9213],[0.0556,35.9215],[0.0555,35.9214],[0.0554,35.9215],[0.0555,35.9216],[0.0554,35.9217],[0.0552,35.9217],[0.0551,35.9217],[0.0551,35.9215],[0.0557,35.921],[0.0573,35.9206],[0.058,35.9204],[0.0581,35.9202],[0.0578,35.919],[0.0574,35.918],[0.0569,35.9172],[0.0564,35.9162],[0.0563,35.9159],[0.0561,35.9153],[0.0558,35.9146],[0.0557,35.9143],[0.0555,35.9141],[0.0554,35.9139],[0.0554,35.9135],[0.0553,35.9133],[0.055,35.9127],[0.0547,35.9126],[0.0543,35.9123],[0.0545,35.9118],[0.0546,35.9118],[0.0547,35.9115],[0.0546,35.9113],[0.0547,35.9112],[0.0549,35.911],[0.0548,35.9107],[0.0548,35.9104],[0.0549,35.9102],[0.0548,35.9101],[0.0545,35.9099],[0.0541,35.9098],[0.0538,35.9098],[0.0537,35.9098],[0.0536,35.9102],[0.0534,35.9102],[0.0531,35.9101],[0.0526,35.9098],[0.0523,35.9097],[0.0524,35.9095],[0.0522,35.9093],[0.0524,35.9088],[0.0522,35.9085],[0.0523,35.9084],[0.0522,35.9082],[0.0523,35.908],[0.0525,35.9076],[0.0525,35.9075],[0.0524,35.9073],[0.0525,35.9071],[0.0524,35.907],[0.0522,35.9069],[0.052,35.9069],[0.0518,35.9068],[0.0516,35.9066],[0.0516,35.9065],[0.0517,35.9062],[0.0517,35.906],[0.0516,35.9057],[0.0513,35.9055],[0.0512,35.9053],[0.0512,35.905],[0.0514,35.9045],[0.0515,35.9043],[0.0514,35.9041],[0.0512,35.9035],[0.0512,35.9031],[0.0513,35.9022],[0.0511,35.9014],[0.0508,35.9009],[0.0505,35.9006],[0.05,35.9005],[0.0492,35.9003],[0.0487,35.9001],[0.0485,35.8997],[0.0482,35.8996],[0.0482,35.8996],[0.0477,35.8993],[0.0478,35.8987],[0.0479,35.8986],[0.0479,35.8983],[0.0479,35.8977],[0.0479,35.8971],[0.0477,35.8964],[0.0472,35.896],[0.0473,35.8957],[0.047,35.8952],[0.0468,35.8948],[0.0468,35.8943],[0.0469,35.893],[0.0439,35.8874],[0.0427,35.8852],[0.0429,35.8846],[0.0423,35.8846],[0.0417,35.8828],[0.0411,35.8828],[0.0409,35.8816],[0.0408,35.8813],[0.0406,35.8813],[0.0402,35.8812],[0.0383,35.8779],[0.0354,35.8729],[0.0348,35.8729],[0.0333,35.87],[0.0327,35.87],[0.0315,35.8677],[0.0309,35.8677],[0.0306,35.8664],[0.03,35.8664],[0.0285,35.8637],[0.0279,35.8636],[0.0276,35.8635],[0.0276,35.8627],[0.027,35.8627],[0.0255,35.8601],[0.0249,35.8601],[0.0243,35.8588],[0.0237,35.8587],[0.0231,35.8574],[0.0221,35.8574],[0.0216,35.8564],[0.0209,35.8564],[0.0206,35.8556],[0.0188,35.8548],[0.0179,35.8535],[0.0172,35.8534],[0.017,35.8527],[0.0154,35.8521],[0.0154,35.8516],[0.0145,35.8513],[0.0145,35.8508],[0.012,35.8502],[0.0114,35.8489],[0.0105,35.8487],[0.0087,35.8463],[0.0074,35.8456],[0.0047,35.8441],[0.0047,35.8436],[0.0025,35.8429],[0.0003,35.8417],[0.0004,35.8412],[0,35.8411],[-0.0045,35.8387],[-0.0048,35.838],[-0.0054,35.8381],[-0.0109,35.8358],[-0.012,35.8347],[-0.0137,35.8343],[-0.0141,35.8335],[-0.0149,35.8332],[-0.0152,35.8327],[-0.0172,35.8318],[-0.0175,35.8309],[-0.0228,35.8283],[-0.0239,35.8285],[-0.025,35.8276],[-0.0267,35.827],[-0.0274,35.8265],[-0.0305,35.8253],[-0.0312,35.8247],[-0.0315,35.8243],[-0.0319,35.823],[-0.0347,35.8234],[-0.0363,35.8223],[-0.0363,35.8218],[-0.0369,35.822],[-0.0389,35.8211],[-0.0386,35.8206],[-0.0395,35.8204],[-0.0396,35.8183],[-0.0406,35.8181],[-0.0409,35.8173],[-0.0415,35.8174],[-0.0428,35.8168],[-0.0432,35.8161],[-0.0444,35.8156],[-0.0445,35.8151],[-0.046,35.8152],[-0.0505,35.8129],[-0.0505,35.8124],[-0.0541,35.8111],[-0.0575,35.8108],[-0.0576,35.8103],[-0.0588,35.8106],[-0.0588,35.8095],[-0.0595,35.8097],[-0.0641,35.8082],[-0.0642,35.8084],[-0.0655,35.8079],[-0.0655,35.8076],[-0.0649,35.8074],[-0.0668,35.8077],[-0.0665,35.8069],[-0.0741,35.8055],[-0.0741,35.806],[-0.0747,35.8058],[-0.0745,35.805],[-0.0753,35.8051],[-0.0754,35.8056],[-0.0757,35.8056],[-0.0754,35.8043],[-0.0761,35.8043],[-0.0758,35.8038],[-0.0803,35.8018],[-0.0832,35.8024],[-0.0836,35.801],[-0.0865,35.8003],[-0.0878,35.7993],[-0.0891,35.7988],[-0.0912,35.7971],[-0.0913,35.797],[-0.0916,35.7968],[-0.0921,35.7973],[-0.0926,35.7972],[-0.0937,35.7963],[-0.094,35.7955],[-0.0945,35.7938],[-0.0948,35.7935],[-0.0963,35.7919],[-0.1004,35.7906],[-0.1098,35.7891],[-0.1137,35.789],[-0.1145,35.7892],[-0.116,35.7892],[-0.1371,35.7895],[-0.1464,35.7904],[-0.1483,35.7906],[-0.1497,35.7908],[-0.1504,35.7909],[-0.1516,35.7911],[-0.1525,35.7913],[-0.1534,35.7914],[-0.1542,35.7915],[-0.1552,35.7917],[-0.1565,35.7919],[-0.1576,35.7922],[-0.1586,35.7925],[-0.1593,35.7928],[-0.1599,35.7932],[-0.1602,35.7934],[-0.1602,35.7935],[-0.1602,35.7936],[-0.1603,35.7937],[-0.1605,35.7938],[-0.1606,35.7938],[-0.1608,35.7938],[-0.1611,35.7939],[-0.1615,35.7945],[-0.1618,35.7945],[-0.1622,35.7947],[-0.1625,35.7949],[-0.1628,35.7952],[-0.163,35.7956],[-0.1631,35.7958],[-0.1631,35.7963],[-0.1631,35.7964],[-0.163,35.7964],[-0.1626,35.7965],[-0.1624,35.7966],[-0.1622,35.7966],[-0.162,35.7967],[-0.162,35.7967],[-0.1623,35.7967],[-0.1625,35.7967],[-0.1626,35.7966],[-0.1626,35.7967],[-0.1627,35.7968],[-0.1627,35.7969],[-0.1628,35.797],[-0.1629,35.7972],[-0.163,35.7972],[-0.1631,35.7971],[-0.1632,35.7971],[-0.1634,35.7972],[-0.1635,35.7973],[-0.1637,35.7972],[-0.1638,35.7972],[-0.1639,35.7973],[-0.164,35.7975],[-0.1639,35.7978],[-0.1638,35.798],[-0.1636,35.7982],[-0.1634,35.7983],[-0.1631,35.798],[-0.163,35.798],[-0.1633,35.7982],[-0.1633,35.7984],[-0.1631,35.7984],[-0.1632,35.7985],[-0.1631,35.7986],[-0.163,35.7986],[-0.1629,35.7987],[-0.163,35.7988],[-0.1627,35.7988],[-0.1626,35.7989],[-0.1625,35.7988],[-0.1624,35.7987],[-0.1622,35.7987],[-0.1622,35.7988],[-0.1624,35.799],[-0.1625,35.7991],[-0.1625,35.7991],[-0.1627,35.7991],[-0.1628,35.7992],[-0.1627,35.7992],[-0.1633,35.7993],[-0.1633,35.7994],[-0.1633,35.7995],[-0.1632,35.7996],[-0.163,35.7996],[-0.1628,35.7997],[-0.1627,35.7998],[-0.1627,35.7999],[-0.1629,35.7999],[-0.1624,35.7999],[-0.1622,35.8],[-0.1621,35.8001],[-0.1624,35.8001],[-0.1627,35.8001],[-0.163,35.8],[-0.1634,35.8001],[-0.1636,35.8002],[-0.1637,35.8002],[-0.1638,35.8002],[-0.1639,35.8002],[-0.1641,35.8001],[-0.1642,35.8001],[-0.1644,35.8],[-0.1645,35.7999],[-0.1646,35.7998],[-0.1647,35.7996],[-0.1647,35.7995],[-0.1648,35.7994],[-0.165,35.7992],[-0.1651,35.7992],[-0.1654,35.7993],[-0.1656,35.7994],[-0.1658,35.7995],[-0.1659,35.7994],[-0.1661,35.7994],[-0.1661,35.7995],[-0.1662,35.7996],[-0.1665,35.7998],[-0.1667,35.7999],[-0.1669,35.7999],[-0.1671,35.7998],[-0.1672,35.7998],[-0.1673,35.7996],[-0.1675,35.7996],[-0.1678,35.7995],[-0.1679,35.7995],[-0.168,35.7996],[-0.168,35.7997],[-0.1683,35.7998],[-0.1683,35.7996],[-0.1685,35.7996],[-0.1685,35.7997],[-0.1686,35.7996],[-0.1689,35.7996],[-0.1693,35.7995],[-0.1696,35.7996],[-0.1698,35.7995],[-0.1698,35.7996],[-0.17,35.7996],[-0.1702,35.7995],[-0.1703,35.7995],[-0.1704,35.7995],[-0.1705,35.7994],[-0.1706,35.7994],[-0.1708,35.7994],[-0.1709,35.7995],[-0.1709,35.7995],[-0.171,35.7993],[-0.1712,35.7993],[-0.1713,35.7993],[-0.1713,35.7994],[-0.1714,35.7995],[-0.1716,35.7996],[-0.1717,35.7995],[-0.172,35.7995],[-0.1722,35.7996],[-0.1724,35.7996],[-0.1726,35.7996],[-0.1727,35.7995],[-0.1728,35.7995],[-0.1731,35.7995],[-0.1732,35.7995],[-0.1733,35.7996],[-0.1734,35.7996],[-0.1735,35.7996],[-0.1736,35.7996],[-0.1737,35.7996],[-0.1739,35.7997],[-0.174,35.7996],[-0.1742,35.7996],[-0.1743,35.7997],[-0.1746,35.7998],[-0.1747,35.7999],[-0.1747,35.7999],[-0.1747,35.8],[-0.1748,35.8],[-0.1749,35.8],[-0.1747,35.8019],[-0.1746,35.8019],[-0.1745,35.8021],[-0.1747,35.8021],[-0.1746,35.8023],[-0.1748,35.8023],[-0.1748,35.8021],[-0.1749,35.8022],[-0.175,35.802],[-0.1748,35.8019],[-0.1751,35.8],[-0.1752,35.7999],[-0.1754,35.7999],[-0.1757,35.7999],[-0.1759,35.7999],[-0.1764,35.8],[-0.1771,35.8001],[-0.1773,35.8002],[-0.1776,35.8002],[-0.1777,35.8003],[-0.178,35.8004],[-0.1781,35.8004],[-0.1785,35.8005],[-0.1786,35.8005],[-0.1788,35.8005],[-0.1789,35.8006],[-0.1797,35.8007],[-0.1805,35.8007],[-0.1807,35.8007],[-0.1809,35.8008],[-0.181,35.8009],[-0.1811,35.8009],[-0.1816,35.801],[-0.1821,35.8011],[-0.1823,35.8011],[-0.1824,35.8011],[-0.1825,35.801],[-0.1826,35.8009],[-0.1827,35.8008],[-0.1828,35.8007],[-0.183,35.8006],[-0.1832,35.8006],[-0.1834,35.8006],[-0.1836,35.8006],[-0.1838,35.8006],[-0.1842,35.8007],[-0.1843,35.8006],[-0.1844,35.8006],[-0.1844,35.8005],[-0.1845,35.8005],[-0.1846,35.8005],[-0.1847,35.8004],[-0.1849,35.8003],[-0.185,35.8002],[-0.1852,35.8002],[-0.1855,35.8003],[-0.1856,35.8003],[-0.1858,35.8004],[-0.1859,35.8004],[-0.1861,35.8005],[-0.1863,35.8005],[-0.1864,35.8005],[-0.1867,35.8005],[-0.1869,35.8006],[-0.187,35.8008],[-0.187,35.8009],[-0.187,35.801],[-0.1869,35.801],[-0.1869,35.8011],[-0.1869,35.8012],[-0.1871,35.8012],[-0.1873,35.8012],[-0.1876,35.8012],[-0.1877,35.8012],[-0.1876,35.8012],[-0.1878,35.801],[-0.1879,35.8009],[-0.188,35.8008],[-0.1879,35.8007],[-0.1878,35.8006],[-0.1878,35.8006],[-0.1879,35.8005],[-0.1881,35.8004],[-0.1884,35.8003],[-0.1886,35.8002],[-0.1889,35.8002],[-0.1891,35.8003],[-0.1894,35.8005],[-0.1895,35.8006],[-0.1894,35.8009],[-0.1894,35.8009],[-0.1893,35.8012],[-0.1893,35.8013],[-0.1893,35.8014],[-0.1892,35.8016],[-0.1892,35.8017],[-0.1892,35.8018],[-0.1891,35.8018],[-0.189,35.8019],[-0.1888,35.8018],[-0.1888,35.8017],[-0.1888,35.8016],[-0.1887,35.8016],[-0.1886,35.8016],[-0.1886,35.8016],[-0.1885,35.8017],[-0.1885,35.8018],[-0.1886,35.8019],[-0.1887,35.802],[-0.1887,35.8021],[-0.1889,35.8021],[-0.1891,35.8022],[-0.1892,35.8021],[-0.1894,35.8021],[-0.1895,35.802],[-0.1896,35.802],[-0.1902,35.8019],[-0.1905,35.8019],[-0.1906,35.8019],[-0.191,35.8016],[-0.1921,35.8017],[-0.1943,35.8019],[-0.1944,35.8019],[-0.1945,35.802],[-0.1946,35.8022],[-0.1946,35.8024],[-0.1946,35.8024],[-0.1947,35.8025],[-0.1949,35.8026],[-0.1951,35.8026],[-0.1951,35.8025],[-0.1949,35.8025],[-0.1948,35.8024],[-0.1948,35.8023],[-0.1948,35.8022],[-0.1948,35.8019],[-0.1947,35.8018],[-0.1945,35.8017],[-0.1942,35.8016],[-0.194,35.8015],[-0.1933,35.8015],[-0.1925,35.8014],[-0.1912,35.8013],[-0.1912,35.8012],[-0.1924,35.8013],[-0.1939,35.8014],[-0.1944,35.8014],[-0.1946,35.8015],[-0.1948,35.8016],[-0.1951,35.8018],[-0.1955,35.8018],[-0.1954,35.8025],[-0.1955,35.8025],[-0.1956,35.8024],[-0.1957,35.8023],[-0.1957,35.8021],[-0.1957,35.8018],[-0.1957,35.8017],[-0.1958,35.8016],[-0.196,35.8015],[-0.1961,35.8014],[-0.1962,35.8013],[-0.1963,35.8012],[-0.1966,35.8012],[-0.1969,35.8012],[-0.1972,35.8012],[-0.1974,35.8013],[-0.1975,35.8014],[-0.1975,35.8016],[-0.1976,35.8017],[-0.1976,35.8018],[-0.1976,35.8019],[-0.1975,35.802],[-0.1974,35.802],[-0.1974,35.8021],[-0.1975,35.8023],[-0.1977,35.8024],[-0.1978,35.8023],[-0.198,35.8023],[-0.1981,35.8024],[-0.198,35.8025],[-0.198,35.8026],[-0.1982,35.8026],[-0.1984,35.8026],[-0.1985,35.8025],[-0.1986,35.8026],[-0.1987,35.8026],[-0.1988,35.8026],[-0.1995,35.8026],[-0.1996,35.8028],[-0.2001,35.8028],[-0.2003,35.8028],[-0.2004,35.8026],[-0.2004,35.8025],[-0.2006,35.8024],[-0.2009,35.8024],[-0.201,35.8024],[-0.201,35.8023],[-0.2013,35.8022],[-0.2016,35.802],[-0.2018,35.8019],[-0.2021,35.802],[-0.2023,35.802],[-0.2024,35.8021],[-0.2026,35.8023],[-0.2026,35.8024],[-0.2027,35.8024],[-0.2029,35.8025],[-0.2031,35.8026],[-0.2034,35.8028],[-0.2036,35.8031],[-0.2039,35.8032],[-0.2041,35.8032],[-0.2043,35.8032],[-0.2044,35.8033],[-0.2046,35.8033],[-0.2048,35.8031],[-0.205,35.8031],[-0.2054,35.8031],[-0.2055,35.803],[-0.2056,35.803],[-0.2056,35.8031],[-0.2056,35.8031],[-0.206,35.8031],[-0.2069,35.803],[-0.2073,35.803],[-0.2077,35.8029],[-0.2087,35.8029],[-0.2093,35.8028],[-0.2097,35.8029],[-0.2101,35.803],[-0.2107,35.8031],[-0.2108,35.8031],[-0.2113,35.8033],[-0.2116,35.8034],[-0.212,35.8037],[-0.2125,35.8038],[-0.2129,35.8039],[-0.2133,35.804],[-0.2137,35.8041],[-0.2141,35.8042],[-0.2143,35.8041],[-0.2145,35.8042],[-0.2147,35.8043],[-0.2155,35.8044],[-0.2156,35.8045],[-0.2157,35.8044],[-0.2158,35.8044],[-0.216,35.8045],[-0.216,35.8045],[-0.2161,35.8046],[-0.2162,35.8047],[-0.2164,35.8047],[-0.2165,35.8048],[-0.2166,35.8049],[-0.2166,35.805],[-0.2165,35.8052],[-0.2165,35.8053],[-0.2164,35.8054],[-0.2165,35.8054],[-0.2167,35.8054],[-0.2168,35.8053],[-0.2169,35.8051],[-0.2171,35.8048],[-0.2172,35.8047],[-0.2174,35.8046],[-0.2175,35.8045],[-0.2179,35.8044],[-0.2183,35.8043],[-0.2189,35.8044],[-0.2194,35.8043],[-0.2204,35.8044],[-0.221,35.8045],[-0.2215,35.8046],[-0.2216,35.8047],[-0.2218,35.8047],[-0.222,35.8046],[-0.2222,35.8046],[-0.2224,35.8047],[-0.2225,35.8048],[-0.2228,35.8048],[-0.223,35.8048],[-0.2232,35.8048],[-0.2234,35.8049],[-0.2236,35.805],[-0.2238,35.8051],[-0.2239,35.8051],[-0.224,35.8051],[-0.2242,35.8051],[-0.2245,35.8052],[-0.2249,35.8053],[-0.2252,35.8054],[-0.2256,35.8055],[-0.2258,35.8055],[-0.226,35.8055],[-0.2263,35.8056],[-0.2269,35.8057],[-0.2279,35.806],[-0.2281,35.806],[-0.2282,35.806],[-0.2283,35.806],[-0.2284,35.8059],[-0.2286,35.806],[-0.2288,35.8061],[-0.2292,35.8062],[-0.2295,35.8064],[-0.2296,35.8065],[-0.2296,35.8065],[-0.2295,35.8066],[-0.23,35.8068],[-0.2299,35.8068],[-0.2299,35.8066],[-0.23,35.8066],[-0.2301,35.8066],[-0.2305,35.8068],[-0.2311,35.8071],[-0.2312,35.8071],[-0.2314,35.8072],[-0.2315,35.8073],[-0.2311,35.8084],[-0.2311,35.8084],[-0.231,35.8084],[-0.2309,35.8086],[-0.2309,35.8087],[-0.2314,35.8087],[-0.2315,35.8085],[-0.2314,35.8085],[-0.2314,35.8084],[-0.2316,35.8079],[-0.2316,35.8079],[-0.2317,35.8079],[-0.2317,35.8078],[-0.2317,35.8078],[-0.2316,35.8077],[-0.2319,35.807],[-0.2323,35.807],[-0.2325,35.807],[-0.2327,35.8071],[-0.2328,35.8072],[-0.2329,35.8072],[-0.232,35.8098],[-0.2319,35.8099],[-0.232,35.81],[-0.2321,35.8101],[-0.232,35.8102],[-0.2319,35.8102],[-0.2319,35.8103],[-0.2319,35.8103],[-0.2319,35.8104],[-0.2319,35.8104],[-0.2319,35.8106],[-0.2318,35.8107],[-0.2317,35.8107],[-0.2317,35.8108],[-0.2317,35.8109],[-0.2317,35.8109],[-0.2316,35.8112],[-0.2315,35.8112],[-0.2315,35.8113],[-0.2315,35.8113],[-0.2315,35.8114],[-0.2315,35.8114],[-0.2315,35.8116],[-0.2314,35.8117],[-0.2313,35.8117],[-0.2313,35.8117],[-0.2313,35.8118],[-0.2314,35.8119],[-0.2312,35.8121],[-0.2311,35.8122],[-0.2311,35.8122],[-0.2311,35.8123],[-0.2312,35.8124],[-0.2311,35.8126],[-0.231,35.8127],[-0.2309,35.8127],[-0.2309,35.8127],[-0.2309,35.8128],[-0.231,35.8129],[-0.2309,35.8131],[-0.2308,35.8132],[-0.2307,35.8132],[-0.2307,35.8133],[-0.2308,35.8134],[-0.2307,35.8136],[-0.2306,35.8136],[-0.2306,35.8137],[-0.2305,35.8137],[-0.2306,35.8138],[-0.2306,35.8138],[-0.2306,35.8139],[-0.2305,35.8141],[-0.2299,35.8139],[-0.2298,35.8141],[-0.2298,35.8141],[-0.2299,35.8142],[-0.2305,35.8143],[-0.2306,35.8144],[-0.2307,35.8143],[-0.2308,35.8142],[-0.2308,35.8142],[-0.2307,35.8141],[-0.2306,35.8141],[-0.2307,35.8139],[-0.2307,35.8139],[-0.2307,35.8139],[-0.2308,35.8139],[-0.2309,35.8138],[-0.2309,35.8137],[-0.2308,35.8137],[-0.2309,35.8134],[-0.231,35.8134],[-0.2311,35.8133],[-0.2311,35.8133],[-0.231,35.8132],[-0.2311,35.8129],[-0.2312,35.8129],[-0.2312,35.8128],[-0.2312,35.8127],[-0.2312,35.8127],[-0.2313,35.8124],[-0.2313,35.8124],[-0.2314,35.8124],[-0.2315,35.8123],[-0.2314,35.8123],[-0.2314,35.8122],[-0.2315,35.8119],[-0.2316,35.8119],[-0.2316,35.8119],[-0.2316,35.8118],[-0.2316,35.8117],[-0.2317,35.8115],[-0.2317,35.8114],[-0.2318,35.8114],[-0.2318,35.8113],[-0.2318,35.8112],[-0.2319,35.811],[-0.2319,35.811],[-0.232,35.8109],[-0.232,35.8108],[-0.2319,35.8107],[-0.232,35.8105],[-0.2322,35.8104],[-0.2322,35.8104],[-0.2322,35.8103],[-0.2321,35.8102],[-0.2321,35.8101],[-0.2323,35.8102],[-0.2324,35.8101],[-0.2325,35.8101],[-0.2332,35.8086],[-0.2335,35.8078],[-0.2335,35.8078],[-0.2336,35.8077],[-0.2337,35.8077],[-0.236,35.8083],[-0.2353,35.8098],[-0.2353,35.8099],[-0.2354,35.8101],[-0.2355,35.8101],[-0.2361,35.8102],[-0.2363,35.8102],[-0.2364,35.8102],[-0.2364,35.8101],[-0.2366,35.8097],[-0.2366,35.8096],[-0.2365,35.8095],[-0.2364,35.8094],[-0.2367,35.8085],[-0.2368,35.8084],[-0.2369,35.8084],[-0.237,35.8085],[-0.2372,35.8085],[-0.2374,35.8085],[-0.2376,35.8085],[-0.2378,35.8085],[-0.2385,35.8086],[-0.239,35.8086],[-0.2399,35.8085],[-0.2405,35.8085],[-0.2421,35.809],[-0.2425,35.8091],[-0.2431,35.8094],[-0.2437,35.8098],[-0.2444,35.8102],[-0.245,35.8106],[-0.2452,35.8108],[-0.2452,35.8109],[-0.2452,35.811],[-0.2446,35.8134],[-0.2437,35.8172],[-0.2437,35.8174],[-0.2437,35.8175],[-0.2437,35.8175],[-0.2438,35.8176],[-0.2439,35.8176],[-0.244,35.8176],[-0.244,35.8175],[-0.2441,35.8174],[-0.2441,35.8173],[-0.2441,35.8172],[-0.2446,35.8149],[-0.2449,35.815],[-0.2449,35.8151],[-0.2452,35.8152],[-0.2453,35.8148],[-0.245,35.8147],[-0.2449,35.8149],[-0.2446,35.8148],[-0.2453,35.8119],[-0.2463,35.8117],[-0.2465,35.8117],[-0.2497,35.8126],[-0.2496,35.8128],[-0.2496,35.8128],[-0.2495,35.8128],[-0.2498,35.8129],[-0.2498,35.8128],[-0.2498,35.8128],[-0.2499,35.8126],[-0.2516,35.8131],[-0.2517,35.813],[-0.2533,35.8122],[-0.2534,35.8123],[-0.2548,35.8141],[-0.2521,35.8154],[-0.252,35.8153],[-0.2516,35.8155],[-0.2518,35.8159],[-0.2523,35.8157],[-0.2522,35.8155],[-0.2548,35.8142],[-0.2553,35.8147],[-0.259,35.8141],[-0.2603,35.8158],[-0.2577,35.8171],[-0.2576,35.817],[-0.2571,35.8172],[-0.2574,35.8176],[-0.2578,35.8173],[-0.2578,35.8172],[-0.2604,35.8159],[-0.2606,35.8159],[-0.2608,35.8159],[-0.2609,35.816],[-0.261,35.816],[-0.2611,35.816],[-0.2613,35.8161],[-0.2614,35.8163],[-0.2615,35.8166],[-0.2616,35.8169],[-0.2616,35.8172],[-0.2617,35.8173],[-0.2617,35.8172],[-0.2617,35.8172],[-0.2617,35.8168],[-0.2616,35.8162],[-0.2616,35.8161],[-0.2617,35.816],[-0.2617,35.8159],[-0.2617,35.8157],[-0.2619,35.8155],[-0.262,35.8154],[-0.2623,35.8154],[-0.2626,35.8153],[-0.2628,35.8153],[-0.2633,35.8155],[-0.2635,35.8156],[-0.2635,35.8157],[-0.2642,35.816],[-0.2645,35.8155],[-0.2648,35.8156],[-0.2645,35.8161],[-0.2658,35.8166],[-0.2649,35.8182],[-0.2651,35.8183],[-0.2647,35.8185],[-0.2645,35.8185],[-0.2636,35.8182],[-0.2634,35.8181],[-0.2632,35.8179],[-0.2632,35.8177],[-0.263,35.817],[-0.2629,35.8171],[-0.263,35.8175],[-0.263,35.8178],[-0.2631,35.818],[-0.2632,35.8181],[-0.2633,35.8182],[-0.2644,35.8186],[-0.2643,35.8187],[-0.2586,35.8216],[-0.2585,35.8217],[-0.2582,35.8217],[-0.2581,35.8217],[-0.258,35.8219],[-0.2581,35.822],[-0.2583,35.822],[-0.2589,35.8217],[-0.2676,35.8173],[-0.2679,35.8174],[-0.268,35.8176],[-0.268,35.8177],[-0.268,35.8178],[-0.2679,35.8181],[-0.2676,35.8186],[-0.2676,35.8186],[-0.2677,35.8187],[-0.2678,35.8186],[-0.2679,35.8185],[-0.268,35.8184],[-0.2681,35.8183],[-0.2682,35.8181],[-0.2682,35.8179],[-0.2684,35.8175],[-0.2685,35.8174],[-0.2686,35.8173],[-0.2687,35.8173],[-0.2687,35.8172],[-0.2687,35.8171],[-0.2688,35.8171],[-0.2689,35.8171],[-0.2691,35.8172],[-0.2691,35.8175],[-0.2693,35.8175],[-0.2705,35.8176],[-0.2711,35.8178],[-0.2717,35.8181],[-0.2724,35.8184],[-0.2738,35.8189],[-0.2747,35.8192],[-0.2755,35.8195],[-0.2762,35.8198],[-0.2763,35.8199],[-0.2764,35.82],[-0.2766,35.82],[-0.2768,35.8201],[-0.2769,35.8201],[-0.2783,35.8208],[-0.2791,35.8213],[-0.279,35.8216],[-0.2791,35.8217],[-0.2792,35.8218],[-0.2793,35.8219],[-0.2794,35.8217],[-0.2796,35.8215],[-0.2807,35.822],[-0.2809,35.8221],[-0.282,35.8227],[-0.2826,35.8229],[-0.2834,35.8234],[-0.2841,35.8237],[-0.2848,35.8241],[-0.2858,35.8246],[-0.2861,35.8249],[-0.2867,35.8252],[-0.2873,35.8255],[-0.2878,35.8258],[-0.2887,35.8262],[-0.2891,35.8265],[-0.289,35.827],[-0.2899,35.8274],[-0.29,35.8275],[-0.2901,35.8278],[-0.2902,35.8279],[-0.2902,35.8282],[-0.2901,35.8282],[-0.2901,35.8284],[-0.2902,35.8285],[-0.2903,35.8285],[-0.2905,35.8285],[-0.2906,35.8286],[-0.2906,35.8288],[-0.2905,35.8291],[-0.2905,35.8293],[-0.2906,35.8295],[-0.2908,35.8297],[-0.291,35.8297],[-0.2913,35.8296],[-0.2917,35.8295],[-0.2922,35.8293],[-0.2932,35.8299],[-0.2933,35.8302],[-0.2935,35.8302],[-0.2937,35.8302],[-0.2939,35.8303],[-0.295,35.8311],[-0.2954,35.8313],[-0.2956,35.8316],[-0.2957,35.8317],[-0.2961,35.832],[-0.2966,35.8321],[-0.297,35.8324],[-0.2971,35.8326],[-0.2983,35.8335],[-0.3005,35.8354],[-0.3019,35.8371],[-0.3029,35.8384],[-0.3033,35.8392],[-0.3043,35.8416],[-0.3051,35.8439],[-0.3053,35.8443],[-0.3057,35.8445],[-0.3061,35.8446],[-0.3063,35.8445],[-0.3065,35.8443],[-0.3069,35.8438],[-0.3071,35.8436],[-0.3072,35.8436],[-0.3074,35.8437],[-0.3075,35.8438],[-0.3074,35.844],[-0.3073,35.8441],[-0.3027,35.8465],[-0.2999,35.8478],[-0.2998,35.8477],[-0.2999,35.8477],[-0.2998,35.8475],[-0.2989,35.848],[-0.2989,35.8481],[-0.299,35.8481],[-0.299,35.8481],[-0.2997,35.8478],[-0.2998,35.8479],[-0.2993,35.8481],[-0.2981,35.8487],[-0.2977,35.8488],[-0.2977,35.8489],[-0.2977,35.8489],[-0.2979,35.8491],[-0.2981,35.849],[-0.2981,35.8489],[-0.2997,35.8481],[-0.2999,35.848],[-0.2999,35.8481],[-0.3,35.8481],[-0.2992,35.8485],[-0.2993,35.8486],[-0.3001,35.8482],[-0.3001,35.8481],[-0.3,35.8481],[-0.3,35.848],[-0.3022,35.8468],[-0.3023,35.847],[-0.3028,35.8468],[-0.3027,35.8466],[-0.3028,35.8466],[-0.3054,35.8452],[-0.3069,35.8475],[-0.3068,35.8476],[-0.3063,35.8478],[-0.3058,35.8481],[-0.3053,35.8483],[-0.305,35.8484],[-0.305,35.8485],[-0.3049,35.8487],[-0.3043,35.849],[-0.3033,35.8494],[-0.3032,35.8494],[-0.3031,35.8494],[-0.3024,35.8497],[-0.3024,35.8499],[-0.3021,35.8499],[-0.3021,35.8499],[-0.302,35.8499],[-0.302,35.85],[-0.3015,35.8502],[-0.3015,35.8502],[-0.3014,35.8502],[-0.3013,35.8503],[-0.3013,35.8504],[-0.3015,35.8504],[-0.3015,35.8503],[-0.3015,35.8503],[-0.3016,35.8503],[-0.302,35.8501],[-0.3021,35.8501],[-0.3022,35.8501],[-0.3022,35.85],[-0.3022,35.85],[-0.3024,35.8499],[-0.3026,35.8499],[-0.3032,35.8497],[-0.3033,35.8496],[-0.3033,35.8495],[-0.3043,35.8491],[-0.305,35.8488],[-0.3052,35.849],[-0.3053,35.8491],[-0.3054,35.849],[-0.3055,35.849],[-0.3055,35.8488],[-0.3055,35.8487],[-0.3055,35.8486],[-0.3055,35.8485],[-0.3056,35.8485],[-0.3058,35.8486],[-0.3059,35.8487],[-0.306,35.8487],[-0.3062,35.8486],[-0.3065,35.8484],[-0.3068,35.8483],[-0.3073,35.8482],[-0.3083,35.8498],[-0.3084,35.8499],[-0.3087,35.8499],[-0.3095,35.8501],[-0.3096,35.8502],[-0.3095,35.8504],[-0.3095,35.8506],[-0.3093,35.8509],[-0.3092,35.8511],[-0.3092,35.8513],[-0.309,35.8515],[-0.3088,35.8516],[-0.3087,35.8517],[-0.3085,35.8517],[-0.3087,35.8518],[-0.3089,35.8519],[-0.3092,35.852],[-0.3096,35.8519],[-0.3098,35.8519],[-0.3099,35.8518],[-0.31,35.8518],[-0.3101,35.8519],[-0.3102,35.8519],[-0.3103,35.852],[-0.3103,35.852],[-0.3101,35.852],[-0.3099,35.8519],[-0.3097,35.852],[-0.3095,35.852],[-0.3092,35.8521],[-0.3089,35.8521],[-0.3087,35.8521],[-0.3086,35.8522],[-0.3087,35.8523],[-0.3088,35.8525],[-0.3088,35.8527],[-0.3045,35.8532],[-0.3018,35.8536],[-0.3015,35.8536],[-0.3008,35.8537],[-0.3009,35.8539],[-0.3015,35.8538],[-0.3045,35.8534],[-0.3079,35.8529],[-0.3081,35.8539],[-0.3078,35.8546],[-0.3081,35.8547],[-0.3082,35.8544],[-0.3083,35.8544],[-0.3082,35.8549],[-0.3084,35.855],[-0.3084,35.8552],[-0.3085,35.8552],[-0.3085,35.8552],[-0.3086,35.8552],[-0.3086,35.8554],[-0.3087,35.8556],[-0.308,35.8572],[-0.3081,35.8573],[-0.308,35.8575],[-0.3082,35.8577],[-0.3074,35.8595],[-0.3066,35.8602],[-0.3057,35.8608],[-0.3054,35.8609],[-0.3049,35.8604],[-0.3024,35.8604],[-0.3024,35.861],[-0.3015,35.8609],[-0.3012,35.8609],[-0.301,35.8607],[-0.3012,35.8582],[-0.2999,35.8581],[-0.2999,35.8602],[-0.2974,35.8599],[-0.2976,35.8572],[-0.2973,35.8572],[-0.2968,35.8542],[-0.2971,35.8542],[-0.297,35.8537],[-0.2966,35.8537],[-0.2966,35.8535],[-0.2964,35.8532],[-0.2908,35.8481],[-0.2907,35.8482],[-0.2962,35.8533],[-0.2964,35.8538],[-0.2965,35.8543],[-0.297,35.8572],[-0.2969,35.858],[-0.2971,35.8582],[-0.297,35.859],[-0.2961,35.859],[-0.2953,35.8594],[-0.2924,35.8584],[-0.2923,35.8586],[-0.2949,35.8595],[-0.2956,35.8607],[-0.2954,35.8608],[-0.2953,35.8608],[-0.2952,35.8609],[-0.2953,35.8611],[-0.2954,35.8611],[-0.2956,35.8611],[-0.2957,35.8613],[-0.2959,35.8614],[-0.2959,35.8615],[-0.296,35.8618],[-0.2962,35.8622],[-0.2961,35.8625],[-0.2959,35.8627],[-0.2957,35.863],[-0.2954,35.8631],[-0.2951,35.8632],[-0.2947,35.8633],[-0.2944,35.8634],[-0.2943,35.8636],[-0.2944,35.8639],[-0.2943,35.8643],[-0.2943,35.8645],[-0.2941,35.8648],[-0.2939,35.8651],[-0.2939,35.8654],[-0.2938,35.8657],[-0.2937,35.8658],[-0.2934,35.866],[-0.2934,35.8662],[-0.2933,35.8667],[-0.2932,35.8671],[-0.2931,35.8672],[-0.2929,35.8673],[-0.293,35.8676],[-0.293,35.8677],[-0.2933,35.8678],[-0.2934,35.8681],[-0.2936,35.8682],[-0.2932,35.8685],[-0.2935,35.8684],[-0.2936,35.8685],[-0.2936,35.8685],[-0.2937,35.8686],[-0.2939,35.8687],[-0.2938,35.8688],[-0.2939,35.869],[-0.2936,35.869],[-0.2935,35.8692],[-0.2937,35.8693],[-0.2938,35.8694],[-0.2937,35.8694],[-0.2935,35.8695],[-0.2934,35.8696],[-0.2935,35.8698],[-0.2934,35.8698],[-0.2932,35.8698],[-0.2931,35.87],[-0.2931,35.8704],[-0.2929,35.8705],[-0.2929,35.8705],[-0.2928,35.8704],[-0.2927,35.8704],[-0.2927,35.8706],[-0.2925,35.8706],[-0.2922,35.8705],[-0.2919,35.8706],[-0.2915,35.8707],[-0.2913,35.8709],[-0.2916,35.8711],[-0.292,35.8713],[-0.2921,35.8714],[-0.2918,35.8715],[-0.2918,35.8717],[-0.2921,35.872],[-0.2923,35.8722],[-0.2924,35.8723],[-0.2925,35.8723],[-0.2928,35.8724],[-0.2929,35.8724],[-0.293,35.8724],[-0.293,35.8725],[-0.2932,35.8726],[-0.2933,35.8725],[-0.2935,35.8724],[-0.2937,35.8725],[-0.2937,35.8725],[-0.2939,35.8726],[-0.2941,35.8726],[-0.2944,35.8729],[-0.2945,35.8731],[-0.2945,35.8732],[-0.2943,35.8733],[-0.2942,35.8735],[-0.2942,35.8736],[-0.2942,35.8737],[-0.294,35.8738],[-0.2939,35.874],[-0.2939,35.8741],[-0.2938,35.8742],[-0.2936,35.8745],[-0.2934,35.8747],[-0.2935,35.8749],[-0.2934,35.8749],[-0.2932,35.875],[-0.2933,35.8751],[-0.2935,35.8751],[-0.2936,35.8751],[-0.2938,35.8751],[-0.2939,35.8751],[-0.294,35.875],[-0.2942,35.875],[-0.2945,35.8749],[-0.2948,35.8748],[-0.295,35.8749],[-0.2949,35.875],[-0.2949,35.875],[-0.295,35.8749],[-0.2951,35.8751],[-0.2953,35.8751],[-0.2953,35.875],[-0.2955,35.8749],[-0.2956,35.8749],[-0.2958,35.875],[-0.2959,35.8751],[-0.2962,35.8753],[-0.2965,35.8753],[-0.2963,35.8754],[-0.2964,35.8755],[-0.2966,35.8757],[-0.2968,35.8759],[-0.2969,35.8761],[-0.2968,35.8763],[-0.2967,35.8763],[-0.2967,35.8765],[-0.2965,35.8766],[-0.2964,35.8766],[-0.2964,35.8767],[-0.2965,35.8768],[-0.2966,35.8769],[-0.2965,35.877],[-0.2964,35.877],[-0.2962,35.8772],[-0.2966,35.8772],[-0.2971,35.8771],[-0.2968,35.8768],[-0.2968,35.8767],[-0.297,35.8768],[-0.297,35.8768],[-0.2969,35.8769],[-0.2971,35.8769],[-0.2971,35.8769],[-0.2974,35.8767],[-0.2975,35.8766],[-0.2975,35.8765],[-0.2976,35.8764],[-0.2977,35.8764],[-0.2978,35.8764],[-0.2981,35.8764],[-0.2982,35.8765],[-0.2984,35.8768],[-0.2985,35.877],[-0.2984,35.8771],[-0.2982,35.8773],[-0.2981,35.8774],[-0.2985,35.8774],[-0.2987,35.8772],[-0.2989,35.8773],[-0.2991,35.8774],[-0.2993,35.8776],[-0.2994,35.8779],[-0.2994,35.8782],[-0.2994,35.8784],[-0.2995,35.8785],[-0.2993,35.8786],[-0.2991,35.8785],[-0.2992,35.8783],[-0.299,35.8782],[-0.2987,35.8782],[-0.2988,35.8784],[-0.2989,35.8786],[-0.2992,35.8787],[-0.2996,35.8787],[-0.2998,35.8786],[-0.3001,35.8786],[-0.3002,35.8787],[-0.3002,35.8789],[-0.3004,35.879],[-0.3006,35.8792],[-0.301,35.8794],[-0.3012,35.8796],[-0.3016,35.8799],[-0.3019,35.88],[-0.3023,35.88],[-0.3026,35.8802],[-0.3029,35.8803],[-0.303,35.8803],[-0.3029,35.8804],[-0.303,35.8806],[-0.3033,35.8807],[-0.303,35.8807],[-0.3036,35.8809],[-0.3032,35.8809],[-0.3029,35.8809],[-0.3025,35.8807],[-0.3022,35.8806],[-0.302,35.8807],[-0.3023,35.8812],[-0.303,35.8814],[-0.3033,35.8814],[-0.3036,35.8815],[-0.3037,35.8817],[-0.304,35.8819],[-0.3035,35.8819],[-0.3036,35.8822],[-0.3043,35.8824],[-0.3047,35.8825],[-0.3051,35.8825],[-0.3055,35.8825],[-0.3058,35.8824],[-0.3058,35.8826],[-0.3059,35.8828],[-0.3061,35.8827],[-0.3066,35.8828],[-0.3069,35.883],[-0.3071,35.8832],[-0.3073,35.8832],[-0.3072,35.8829],[-0.3077,35.8831],[-0.308,35.8833],[-0.3081,35.8833],[-0.3083,35.8832],[-0.3083,35.8831],[-0.3081,35.8829],[-0.3081,35.8828],[-0.3086,35.8829],[-0.3089,35.883],[-0.3089,35.8831],[-0.309,35.8832],[-0.3093,35.8832],[-0.3094,35.8833],[-0.3094,35.8835],[-0.3094,35.8836],[-0.3093,35.8837],[-0.3091,35.8838],[-0.309,35.8839],[-0.309,35.884],[-0.3092,35.8842],[-0.3092,35.8842],[-0.3089,35.8842],[-0.3089,35.8843],[-0.3091,35.8843],[-0.3094,35.8843],[-0.3096,35.8844],[-0.3098,35.8845],[-0.3096,35.8846],[-0.3095,35.8846],[-0.3093,35.8846],[-0.309,35.8846],[-0.3089,35.8847],[-0.309,35.885],[-0.3092,35.8852],[-0.3094,35.8853],[-0.3097,35.8855],[-0.3099,35.8855],[-0.3102,35.8854],[-0.3103,35.8853],[-0.3102,35.8852],[-0.3101,35.8851],[-0.3102,35.8849],[-0.3103,35.8848],[-0.3105,35.8847],[-0.3105,35.8847],[-0.3106,35.8849],[-0.3108,35.8849],[-0.3108,35.8848],[-0.3108,35.8846],[-0.3109,35.8846],[-0.3111,35.8845],[-0.3113,35.8847],[-0.3114,35.8847],[-0.3115,35.8847],[-0.3114,35.8845],[-0.3116,35.8845],[-0.3117,35.8847],[-0.3117,35.8848],[-0.3118,35.8849],[-0.3121,35.885],[-0.3122,35.885],[-0.3122,35.8851],[-0.3125,35.8852],[-0.3126,35.8852],[-0.3127,35.8851],[-0.3128,35.8851],[-0.3128,35.8852],[-0.3129,35.8853],[-0.3132,35.8852],[-0.3133,35.8853],[-0.3135,35.8854],[-0.3138,35.8854],[-0.3139,35.8853],[-0.3139,35.8852],[-0.3141,35.8852],[-0.3141,35.8851],[-0.3142,35.8849],[-0.3144,35.8849],[-0.3146,35.8849],[-0.3148,35.885],[-0.3149,35.8851],[-0.3148,35.8852],[-0.3148,35.8853],[-0.3146,35.8853],[-0.3145,35.8855],[-0.3148,35.8855],[-0.315,35.8855],[-0.3153,35.8855],[-0.3153,35.8854],[-0.3154,35.8853],[-0.3155,35.8852],[-0.3157,35.8853],[-0.3155,35.8855],[-0.3158,35.8855],[-0.3159,35.8857],[-0.316,35.8856],[-0.316,35.8855],[-0.316,35.8853],[-0.3161,35.8855],[-0.3162,35.8855],[-0.3163,35.8854],[-0.3164,35.8855],[-0.3167,35.8854],[-0.317,35.8853],[-0.3173,35.8853],[-0.3174,35.8851],[-0.3175,35.8852],[-0.3176,35.8852],[-0.3176,35.8851],[-0.3177,35.8851],[-0.3178,35.8851],[-0.3179,35.885],[-0.318,35.885],[-0.318,35.8851],[-0.3181,35.8852],[-0.318,35.8853],[-0.3179,35.8853],[-0.3179,35.8854],[-0.3178,35.8854],[-0.3177,35.8855],[-0.3179,35.8855],[-0.3181,35.8855],[-0.3181,35.8856],[-0.3181,35.8857],[-0.3179,35.8856],[-0.3179,35.8856],[-0.3178,35.8856],[-0.3178,35.8857],[-0.3179,35.8857],[-0.318,35.8858],[-0.3181,35.8859],[-0.3182,35.886],[-0.3183,35.886],[-0.3185,35.886],[-0.3186,35.8861],[-0.3188,35.8861],[-0.3189,35.8861],[-0.319,35.8859],[-0.319,35.8858],[-0.3191,35.8858],[-0.3192,35.8858],[-0.3193,35.8859],[-0.3194,35.8859],[-0.3194,35.8857],[-0.3195,35.8858],[-0.3196,35.8859],[-0.3196,35.8861],[-0.3197,35.8862],[-0.3198,35.8862],[-0.3199,35.8861],[-0.3199,35.8859],[-0.3202,35.8859],[-0.3203,35.8859],[-0.3204,35.8861],[-0.3205,35.8863],[-0.3205,35.8864],[-0.3205,35.8864],[-0.3205,35.8865],[-0.3204,35.8866],[-0.3202,35.8866],[-0.3203,35.8868],[-0.3205,35.8868],[-0.3205,35.8869],[-0.3207,35.8869],[-0.3209,35.8869],[-0.321,35.887],[-0.3212,35.8869],[-0.3213,35.8869],[-0.3215,35.8869],[-0.3215,35.887],[-0.3215,35.8871],[-0.3214,35.8872],[-0.3215,35.8872],[-0.3216,35.8872],[-0.3218,35.8872],[-0.3219,35.8873],[-0.3218,35.8874],[-0.3218,35.8875],[-0.3218,35.8876],[-0.3222,35.8878],[-0.3224,35.8877],[-0.3226,35.8877],[-0.3225,35.8878],[-0.3226,35.888],[-0.3227,35.8881],[-0.3229,35.8882],[-0.3231,35.8883],[-0.3233,35.8882],[-0.3234,35.8883],[-0.3233,35.8884],[-0.3233,35.8886],[-0.3235,35.8887],[-0.3237,35.8887],[-0.3238,35.8888],[-0.3237,35.8889],[-0.3239,35.8889],[-0.3239,35.8887],[-0.3241,35.8886],[-0.3243,35.8888],[-0.3242,35.8889],[-0.3242,35.8891],[-0.3243,35.8891],[-0.3242,35.8892],[-0.3242,35.8892],[-0.3242,35.8894],[-0.3244,35.8894],[-0.3245,35.8894],[-0.3247,35.8894],[-0.3248,35.8894],[-0.3248,35.8895],[-0.3248,35.8897],[-0.3247,35.8898],[-0.3247,35.8899],[-0.3248,35.8898],[-0.3249,35.8898],[-0.3251,35.8897],[-0.325,35.8899],[-0.3251,35.8899],[-0.3252,35.8898],[-0.3253,35.8897],[-0.3254,35.8897],[-0.3256,35.8898],[-0.3257,35.8898],[-0.3257,35.8897],[-0.3258,35.8896],[-0.3259,35.8895],[-0.326,35.8897],[-0.326,35.8898],[-0.3262,35.8899],[-0.3264,35.8899],[-0.3263,35.89],[-0.3262,35.8901],[-0.3265,35.8901],[-0.3266,35.8902],[-0.3268,35.8903],[-0.3269,35.8904],[-0.3273,35.8905],[-0.3274,35.8905],[-0.3274,35.8906],[-0.3276,35.8908],[-0.3277,35.891],[-0.3277,35.8911],[-0.3279,35.8912],[-0.328,35.8912],[-0.328,35.8913],[-0.3282,35.8913],[-0.3283,35.8914],[-0.3283,35.8915],[-0.3283,35.8917],[-0.3287,35.8919],[-0.3289,35.8919],[-0.3289,35.8918],[-0.3291,35.8919],[-0.3291,35.8919],[-0.3292,35.892],[-0.3293,35.892],[-0.3293,35.8921],[-0.3292,35.8922],[-0.3293,35.8923],[-0.3293,35.8924],[-0.3292,35.8925],[-0.3293,35.8925],[-0.3293,35.8926],[-0.3291,35.8925],[-0.329,35.8924],[-0.3289,35.8926],[-0.3289,35.8928],[-0.3291,35.893],[-0.3292,35.8932],[-0.3294,35.8935],[-0.3294,35.8933],[-0.3294,35.8931],[-0.3294,35.8929],[-0.3294,35.8928],[-0.3296,35.893],[-0.3296,35.8928],[-0.3298,35.8929],[-0.3298,35.893],[-0.3297,35.8931],[-0.3297,35.8932],[-0.3299,35.8933],[-0.3301,35.8933],[-0.33,35.8934],[-0.3299,35.8934],[-0.3298,35.8935],[-0.3297,35.8936],[-0.3298,35.8937],[-0.3301,35.8936],[-0.3302,35.8935],[-0.3303,35.8934],[-0.3304,35.8933],[-0.3304,35.8931],[-0.3309,35.893],[-0.3311,35.893],[-0.3313,35.893],[-0.3315,35.893],[-0.3316,35.893],[-0.3317,35.8929],[-0.3321,35.893],[-0.3324,35.8932],[-0.3327,35.8933],[-0.3332,35.8934],[-0.3333,35.8935],[-0.3333,35.8934],[-0.3334,35.8934],[-0.3335,35.8933],[-0.3337,35.8934],[-0.3338,35.8935],[-0.3338,35.8936],[-0.3339,35.8937],[-0.334,35.8937],[-0.334,35.8939],[-0.3339,35.8939],[-0.3338,35.894],[-0.334,35.8941],[-0.3344,35.8942],[-0.3346,35.8943],[-0.3349,35.8943],[-0.335,35.8943],[-0.3351,35.8943],[-0.3352,35.8942],[-0.3354,35.8941],[-0.3355,35.8941],[-0.3357,35.8942],[-0.3358,35.8943],[-0.3358,35.8945],[-0.3356,35.8946],[-0.3357,35.8946],[-0.3357,35.8948],[-0.3357,35.8949],[-0.336,35.8949],[-0.3363,35.8949],[-0.3368,35.8949],[-0.337,35.8951],[-0.3378,35.896],[-0.338,35.8964],[-0.3382,35.8967],[-0.3383,35.897],[-0.3383,35.8972],[-0.3383,35.8973],[-0.3383,35.8974],[-0.3382,35.8975],[-0.3382,35.8977],[-0.3382,35.898],[-0.338,35.8981],[-0.3379,35.8981],[-0.3378,35.8982],[-0.3377,35.8982],[-0.3378,35.8984],[-0.3381,35.8985],[-0.3383,35.8988],[-0.3386,35.8992],[-0.3388,35.8993],[-0.3387,35.8994],[-0.3387,35.8995],[-0.3386,35.8994],[-0.3385,35.8994],[-0.3384,35.8996],[-0.3385,35.8996],[-0.3386,35.8995],[-0.3387,35.8995],[-0.3387,35.8996],[-0.3388,35.8996],[-0.3387,35.8998],[-0.3388,35.8998],[-0.339,35.8998],[-0.339,35.8999],[-0.339,35.9],[-0.3389,35.9001],[-0.3387,35.9001],[-0.3387,35.9002],[-0.3387,35.9002],[-0.3387,35.9003],[-0.3389,35.9003],[-0.339,35.9003],[-0.3391,35.9003],[-0.3392,35.9004],[-0.3393,35.9005],[-0.3394,35.9007],[-0.3394,35.9007],[-0.3394,35.9008],[-0.3394,35.9008],[-0.3394,35.9008],[-0.3394,35.9009],[-0.3395,35.901],[-0.3395,35.9012],[-0.3395,35.9013],[-0.3392,35.9012],[-0.3392,35.9013],[-0.3395,35.9013],[-0.3395,35.9015],[-0.3398,35.9018],[-0.3398,35.9023],[-0.3397,35.9027],[-0.3399,35.9034],[-0.3398,35.9038],[-0.3395,35.9039],[-0.3392,35.9042],[-0.3387,35.9046],[-0.3382,35.905],[-0.338,35.9052],[-0.3376,35.9053],[-0.3373,35.9055],[-0.337,35.9057],[-0.3369,35.9062],[-0.3369,35.9066],[-0.337,35.9069],[-0.3374,35.9071],[-0.3373,35.9075],[-0.3374,35.9077],[-0.3377,35.9078],[-0.3376,35.9078],[-0.3375,35.908],[-0.3379,35.9089],[-0.3385,35.9092],[-0.3387,35.9094],[-0.3392,35.9097],[-0.3398,35.9097],[-0.3407,35.9096],[-0.3411,35.9094],[-0.3414,35.909],[-0.3417,35.9087],[-0.3421,35.9083],[-0.3424,35.9081],[-0.3427,35.908],[-0.3434,35.9079],[-0.3443,35.9076],[-0.345,35.9073],[-0.3456,35.9073],[-0.3463,35.9074],[-0.3469,35.9076],[-0.3471,35.908],[-0.3474,35.908],[-0.3477,35.9078],[-0.3476,35.9075],[-0.3476,35.9071],[-0.3476,35.9069],[-0.348,35.9067],[-0.3483,35.9065],[-0.3485,35.9063],[-0.3485,35.9059],[-0.3487,35.9058],[-0.3488,35.9055],[-0.3492,35.9054],[-0.3496,35.9054],[-0.35,35.9055],[-0.3504,35.9057],[-0.3506,35.9057],[-0.3509,35.9057],[-0.3509,35.9055],[-0.351,35.9052],[-0.351,35.9049],[-0.3513,35.9049],[-0.3516,35.905],[-0.3519,35.9052],[-0.3521,35.9055],[-0.3525,35.9056],[-0.3529,35.9056],[-0.3532,35.9057],[-0.3533,35.9055],[-0.3535,35.9054],[-0.3536,35.9055],[-0.3538,35.9056],[-0.3539,35.9058],[-0.3541,35.9058],[-0.3542,35.9056],[-0.3544,35.9056],[-0.3547,35.9055],[-0.3551,35.9056],[-0.3555,35.9057],[-0.3557,35.9058],[-0.3557,35.906],[-0.3559,35.906],[-0.3569,35.9063],[-0.3572,35.9062],[-0.3574,35.9062],[-0.3576,35.9064],[-0.3576,35.9066],[-0.358,35.9069],[-0.3585,35.9071],[-0.359,35.9072],[-0.3594,35.9074],[-0.3596,35.9074],[-0.3599,35.9075],[-0.3598,35.9077],[-0.36,35.9079],[-0.3601,35.9078],[-0.3603,35.9076],[-0.3603,35.9077],[-0.3603,35.9079],[-0.3604,35.908],[-0.3608,35.9079],[-0.3613,35.9081],[-0.3617,35.9082],[-0.3618,35.9081],[-0.3616,35.9078],[-0.3614,35.9077],[-0.3615,35.9075],[-0.3615,35.9074],[-0.3616,35.9072],[-0.362,35.9072],[-0.3626,35.9073],[-0.3634,35.9074],[-0.3638,35.9077],[-0.3643,35.9079],[-0.3646,35.9079],[-0.3649,35.9078],[-0.3651,35.9078],[-0.3654,35.9079],[-0.3656,35.9082],[-0.3658,35.9084],[-0.3662,35.9082],[-0.3664,35.9076],[-0.3666,35.9075],[-0.3668,35.9076],[-0.3672,35.9078],[-0.3677,35.9081],[-0.3679,35.9081],[-0.3681,35.9076],[-0.3682,35.9074],[-0.3684,35.9073],[-0.3685,35.9074],[-0.3687,35.9075],[-0.3689,35.9075],[-0.3691,35.9074],[-0.3692,35.9072],[-0.3694,35.907],[-0.3696,35.907],[-0.3701,35.9069],[-0.3707,35.9069],[-0.3711,35.907],[-0.3712,35.9071],[-0.3713,35.9073],[-0.3714,35.9074],[-0.3717,35.9075],[-0.372,35.9074],[-0.3723,35.9075],[-0.3727,35.9075],[-0.3733,35.9072],[-0.3737,35.9072],[-0.374,35.9074],[-0.3741,35.9072],[-0.3743,35.907],[-0.3747,35.9068],[-0.3752,35.9067],[-0.3756,35.9069],[-0.3759,35.9069],[-0.3758,35.9067],[-0.376,35.9066],[-0.3762,35.9066],[-0.3767,35.9067],[-0.377,35.9069],[-0.3773,35.9073],[-0.3772,35.9078],[-0.3777,35.9081],[-0.3781,35.908],[-0.3781,35.9077],[-0.3783,35.9075],[-0.3786,35.9075],[-0.3789,35.9077],[-0.3793,35.9081],[-0.38,35.9084],[-0.381,35.9089],[-0.3827,35.909],[-0.3847,35.909],[-0.3857,35.9089],[-0.3872,35.9087],[-0.3884,35.9087],[-0.3893,35.9082],[-0.3902,35.9077],[-0.3912,35.9066],[-0.3915,35.9061],[-0.3913,35.9058],[-0.391,35.9054],[-0.3905,35.9052],[-0.3902,35.9049],[-0.3899,35.9043],[-0.3899,35.9043],[-0.3894,35.9035],[-0.3897,35.9031],[-0.3894,35.9029],[-0.3891,35.9028],[-0.3887,35.9025],[-0.3885,35.9018],[-0.3883,35.9016],[-0.3885,35.9012],[-0.3887,35.9007],[-0.3889,35.9006],[-0.3892,35.901],[-0.3894,35.9004],[-0.3892,35.9002],[-0.3892,35.9],[-0.3895,35.9002],[-0.3899,35.9005],[-0.39,35.9005],[-0.3901,35.9001],[-0.3899,35.8999],[-0.3899,35.8997],[-0.3901,35.8995],[-0.3904,35.8994],[-0.3903,35.8989],[-0.3902,35.8985],[-0.3905,35.8982],[-0.3911,35.8981],[-0.3922,35.8979],[-0.3925,35.8977],[-0.3917,35.8972],[-0.3915,35.8966],[-0.3916,35.8956],[-0.3931,35.8951],[-0.3924,35.894],[-0.3926,35.8933],[-0.3931,35.8933],[-0.3932,35.8933],[-0.3935,35.8925],[-0.3942,35.8925],[-0.3945,35.8913],[-0.3974,35.8917],[-0.3986,35.8916],[-0.3986,35.8913],[-0.3972,35.8905],[-0.3971,35.8895],[-0.3974,35.8895],[-0.3974,35.89],[-0.3996,35.8898],[-0.3996,35.8903],[-0.4015,35.8904],[-0.4015,35.8899],[-0.404,35.8904],[-0.404,35.8912],[-0.405,35.8912],[-0.4047,35.8904],[-0.4056,35.8902],[-0.4056,35.8907],[-0.4066,35.8902],[-0.4066,35.8882],[-0.4092,35.8872],[-0.4095,35.8859],[-0.4102,35.8859],[-0.4102,35.8854],[-0.4111,35.8855],[-0.4118,35.8837],[-0.4137,35.8832],[-0.4141,35.8824],[-0.4176,35.8817],[-0.4176,35.8812],[-0.4189,35.881],[-0.4189,35.8802],[-0.4246,35.8793],[-0.4246,35.8798],[-0.4249,35.8798],[-0.4249,35.8793],[-0.4271,35.8794],[-0.4274,35.8801],[-0.4277,35.8802],[-0.4277,35.8796],[-0.429,35.8797],[-0.4293,35.8804],[-0.4303,35.88],[-0.4303,35.8794],[-0.4325,35.8803],[-0.4331,35.879],[-0.4338,35.879],[-0.4337,35.8795],[-0.4347,35.8794],[-0.435,35.8797],[-0.4375,35.8791],[-0.4376,35.8786],[-0.4382,35.8786],[-0.4382,35.8791],[-0.4388,35.8791],[-0.4395,35.8781],[-0.4401,35.8781],[-0.4401,35.8789],[-0.4407,35.8789],[-0.441,35.8781],[-0.4433,35.8777],[-0.4439,35.8764],[-0.4443,35.8764],[-0.4445,35.8777],[-0.449,35.8769],[-0.4537,35.8784],[-0.4536,35.8792],[-0.4552,35.8792],[-0.4552,35.8787],[-0.4568,35.8787],[-0.4568,35.8792],[-0.4593,35.8792],[-0.4615,35.8788],[-0.4615,35.8801],[-0.4621,35.8801],[-0.4621,35.8806],[-0.4634,35.8807],[-0.463,35.8819],[-0.4665,35.8823],[-0.4662,35.8828],[-0.4668,35.8828],[-0.4673,35.8864],[-0.4686,35.8859],[-0.4686,35.8864],[-0.4689,35.8864],[-0.4689,35.8859],[-0.4692,35.8859],[-0.4695,35.887],[-0.4701,35.8867],[-0.4702,35.8849],[-0.4711,35.8852],[-0.4711,35.8847],[-0.4715,35.8847],[-0.4714,35.8852],[-0.4724,35.885],[-0.4724,35.8844],[-0.4715,35.8844],[-0.4715,35.8839],[-0.4728,35.8836],[-0.4743,35.884],[-0.4747,35.8827],[-0.4753,35.883],[-0.4756,35.8822],[-0.4779,35.8823],[-0.4792,35.8819],[-0.479,35.8813],[-0.4802,35.8812],[-0.48,35.8801],[-0.4809,35.8797],[-0.4819,35.8798],[-0.4824,35.8795],[-0.4825,35.8795],[-0.4839,35.8795],[-0.4845,35.8788],[-0.4849,35.8781],[-0.4877,35.877],[-0.4882,35.8768],[-0.4893,35.8762],[-0.4904,35.8752],[-0.4896,35.8748],[-0.4885,35.875],[-0.4877,35.8753],[-0.4861,35.8751],[-0.485,35.8744],[-0.4815,35.8733],[-0.482,35.8725],[-0.4819,35.8719],[-0.4799,35.8711],[-0.4797,35.8708],[-0.4793,35.8701],[-0.4792,35.8695],[-0.4797,35.8688],[-0.4798,35.8688],[-0.4799,35.8659],[-0.4809,35.8659],[-0.48,35.8653],[-0.48,35.8651],[-0.4809,35.8651],[-0.4806,35.8643],[-0.4813,35.8643],[-0.481,35.8623],[-0.4804,35.8623],[-0.4809,35.8612],[-0.4801,35.861],[-0.4808,35.8597],[-0.4814,35.8597],[-0.4822,35.8584],[-0.4818,35.8566],[-0.4824,35.8567],[-0.4819,35.8551],[-0.4825,35.8551],[-0.4825,35.8543],[-0.4806,35.854],[-0.481,35.8528],[-0.4831,35.8524],[-0.4835,35.8526],[-0.4826,35.8516],[-0.4829,35.8513],[-0.483,35.8508],[-0.4833,35.8503],[-0.4824,35.8472],[-0.4829,35.8445],[-0.4834,35.8444],[-0.4838,35.8423],[-0.4834,35.8423],[-0.4833,35.8417],[-0.4842,35.8416],[-0.4852,35.8409],[-0.4848,35.8398],[-0.4843,35.8392],[-0.4843,35.8379],[-0.4843,35.8377],[-0.4843,35.8377],[-0.485,35.8377],[-0.4861,35.8369],[-0.4857,35.8346],[-0.4863,35.8346],[-0.4856,35.8332],[-0.4854,35.833],[-0.4858,35.8321],[-0.486,35.8312],[-0.486,35.8305],[-0.4862,35.8298],[-0.4866,35.8296],[-0.4868,35.8294],[-0.4881,35.8291],[-0.4885,35.8286],[-0.4876,35.8279],[-0.4878,35.8274],[-0.4888,35.8268],[-0.4885,35.8264],[-0.4888,35.8264],[-0.4892,35.8264],[-0.4895,35.8261],[-0.4896,35.8256],[-0.49,35.8252],[-0.4897,35.8249],[-0.4893,35.8248],[-0.4893,35.8246],[-0.4891,35.8242],[-0.4891,35.8242],[-0.4886,35.8241],[-0.4881,35.8239],[-0.488,35.8237],[-0.4882,35.8234],[-0.4885,35.8232],[-0.4891,35.8235],[-0.4894,35.8235],[-0.4898,35.8235],[-0.4903,35.823],[-0.4904,35.8226],[-0.49,35.8223],[-0.4899,35.8222],[-0.4894,35.8222],[-0.4892,35.822],[-0.4891,35.8217],[-0.4892,35.8215],[-0.4895,35.8214],[-0.4898,35.8215],[-0.4905,35.8213],[-0.4906,35.8213],[-0.4907,35.821],[-0.4911,35.8204],[-0.491,35.8203],[-0.491,35.82],[-0.4908,35.8197],[-0.4909,35.8195],[-0.4913,35.8194],[-0.4915,35.8194],[-0.4916,35.8194],[-0.492,35.8192],[-0.4918,35.819],[-0.4921,35.8187],[-0.4923,35.8183],[-0.4922,35.8179],[-0.492,35.8173],[-0.4927,35.8165],[-0.4925,35.8145],[-0.4934,35.8135],[-0.4936,35.8117],[-0.4945,35.8116],[-0.4945,35.8111],[-0.4952,35.8107],[-0.495,35.8099],[-0.4941,35.8099],[-0.4939,35.8095],[-0.494,35.8091],[-0.4959,35.8092],[-0.496,35.8083],[-0.4956,35.8079],[-0.4948,35.8078],[-0.4942,35.8073],[-0.4948,35.8066],[-0.4947,35.8064],[-0.4954,35.8059],[-0.4961,35.8052],[-0.497,35.8055],[-0.498,35.8051],[-0.4983,35.804],[-0.4979,35.8037],[-0.4971,35.8023],[-0.4978,35.8007],[-0.4987,35.8005],[-0.4996,35.7992],[-0.5001,35.7967],[-0.5007,35.7969],[-0.5006,35.7956],[-0.5003,35.795],[-0.5002,35.7945],[-0.5005,35.7941],[-0.5008,35.7941],[-0.5017,35.7941],[-0.5019,35.7937],[-0.5018,35.7932],[-0.5023,35.793],[-0.5024,35.7926],[-0.5031,35.7926],[-0.5025,35.7905],[-0.5044,35.7903],[-0.5041,35.7893],[-0.5048,35.7893],[-0.5051,35.7885],[-0.506,35.7891],[-0.5058,35.7875],[-0.5067,35.7878],[-0.5066,35.787],[-0.508,35.7853],[-0.5087,35.7854],[-0.5103,35.7847],[-0.5106,35.7845],[-0.5102,35.7824],[-0.5108,35.782],[-0.5126,35.7814],[-0.5129,35.7814],[-0.5142,35.7805],[-0.5143,35.7798],[-0.5147,35.7797],[-0.5153,35.7788],[-0.5153,35.7785],[-0.5153,35.7785],[-0.5156,35.7781],[-0.516,35.7777],[-0.5163,35.7776],[-0.517,35.7775],[-0.5174,35.7767],[-0.5178,35.7763],[-0.5185,35.7762],[-0.5187,35.7762],[-0.519,35.7762],[-0.519,35.7757],[-0.5197,35.776],[-0.5197,35.7752],[-0.5206,35.775],[-0.5216,35.7737],[-0.5235,35.773],[-0.5242,35.7717],[-0.5248,35.772],[-0.5249,35.7707],[-0.5255,35.7706],[-0.5265,35.7702],[-0.5268,35.7692],[-0.5274,35.7692],[-0.5272,35.7684],[-0.5291,35.7678],[-0.5392,35.7663],[-0.5407,35.7682],[-0.5423,35.7692],[-0.5485,35.7694],[-0.5501,35.7711],[-0.5491,35.7745],[-0.552,35.7766],[-0.5523,35.7754],[-0.5533,35.7752],[-0.5552,35.7759],[-0.5539,35.7736],[-0.5543,35.7727],[-0.5561,35.7715],[-0.5577,35.7716],[-0.5584,35.7718],[-0.5592,35.7716],[-0.5603,35.772],[-0.5604,35.7716],[-0.5604,35.7714],[-0.5603,35.7712],[-0.5604,35.7707],[-0.5611,35.7703],[-0.5614,35.7699],[-0.5616,35.7695],[-0.5617,35.7689],[-0.5622,35.7683],[-0.5631,35.7676],[-0.5639,35.7666],[-0.564,35.7659],[-0.5643,35.7657],[-0.5647,35.7653],[-0.5653,35.765],[-0.5657,35.7649],[-0.5652,35.7644],[-0.5653,35.7639],[-0.5659,35.7635],[-0.5656,35.7628],[-0.5661,35.7615],[-0.5663,35.7613],[-0.5669,35.7615],[-0.5675,35.7611],[-0.5675,35.7605],[-0.5683,35.7605],[-0.5693,35.7603],[-0.5703,35.7581],[-0.5709,35.7572],[-0.5715,35.7571],[-0.5726,35.7556],[-0.5745,35.7553],[-0.575,35.7538],[-0.5761,35.7524],[-0.5758,35.7513],[-0.5763,35.7507],[-0.576,35.7505],[-0.5764,35.7502],[-0.5778,35.7494],[-0.5779,35.7485],[-0.58,35.7471],[-0.5801,35.7472],[-0.581,35.7463],[-0.5813,35.7458],[-0.5828,35.7445],[-0.583,35.7441],[-0.5832,35.7438],[-0.5836,35.7436],[-0.5839,35.7434],[-0.5843,35.743],[-0.5846,35.7424],[-0.5851,35.742],[-0.5856,35.7416],[-0.5858,35.7413],[-0.5859,35.741],[-0.5859,35.7407],[-0.5858,35.7404],[-0.5858,35.7401],[-0.5861,35.7399],[-0.5866,35.7397],[-0.5869,35.7396],[-0.5871,35.7395],[-0.5871,35.7392],[-0.5871,35.739],[-0.5869,35.7389],[-0.5869,35.7386],[-0.5872,35.7385],[-0.5878,35.7382],[-0.5882,35.738],[-0.5885,35.738],[-0.5887,35.7379],[-0.5889,35.7378],[-0.5891,35.7374],[-0.5894,35.7373],[-0.5897,35.7371],[-0.5899,35.7368],[-0.5901,35.7364],[-0.59,35.7362],[-0.5902,35.736],[-0.5904,35.7359],[-0.5908,35.7359],[-0.591,35.7358],[-0.5912,35.7356],[-0.5914,35.7353],[-0.5917,35.7348],[-0.5919,35.7346],[-0.5923,35.7345],[-0.5924,35.7343],[-0.5927,35.7342],[-0.5929,35.7342],[-0.593,35.734],[-0.593,35.7337],[-0.593,35.7333],[-0.593,35.7329],[-0.5933,35.7326],[-0.5935,35.7323],[-0.5937,35.7322],[-0.594,35.7321],[-0.5942,35.7319],[-0.5942,35.7317],[-0.5944,35.7315],[-0.5947,35.7314],[-0.5949,35.7313],[-0.595,35.7311],[-0.5951,35.7309],[-0.5954,35.7308],[-0.5958,35.7308],[-0.5963,35.7308],[-0.5965,35.7309],[-0.5968,35.731],[-0.5969,35.7309],[-0.597,35.7307],[-0.5973,35.7304],[-0.5977,35.7302],[-0.5979,35.7301],[-0.5979,35.73],[-0.5979,35.7298],[-0.5979,35.7295],[-0.598,35.7293],[-0.5983,35.7289],[-0.5985,35.7286],[-0.5986,35.7283],[-0.5989,35.7281],[-0.599,35.7279],[-0.599,35.7277],[-0.5991,35.7273],[-0.5992,35.727],[-0.5994,35.7268],[-0.5996,35.7266],[-0.6,35.7264],[-0.6001,35.7266],[-0.6004,35.7263],[-0.601,35.7258],[-0.6014,35.7255],[-0.6018,35.7253],[-0.6021,35.7251],[-0.6022,35.7247],[-0.6025,35.7246],[-0.6028,35.7246],[-0.603,35.7245],[-0.603,35.7243],[-0.6032,35.7242],[-0.6034,35.7241],[-0.6035,35.7239],[-0.6037,35.7238],[-0.6038,35.7235],[-0.6041,35.7233],[-0.6043,35.723],[-0.6047,35.7228],[-0.6049,35.7228],[-0.6054,35.7226],[-0.6057,35.7223],[-0.606,35.7221],[-0.6063,35.7221],[-0.6067,35.722],[-0.6068,35.722],[-0.6068,35.7217],[-0.6069,35.7216],[-0.607,35.7213],[-0.6073,35.721],[-0.6079,35.7205],[-0.6084,35.7202],[-0.6087,35.7201],[-0.6091,35.7203],[-0.6094,35.7203],[-0.6093,35.7205],[-0.6096,35.7205],[-0.61,35.7204],[-0.6102,35.7202],[-0.6102,35.7198],[-0.6103,35.7196],[-0.6105,35.7194],[-0.6105,35.7191],[-0.6107,35.7188],[-0.6111,35.7186],[-0.6114,35.7185],[-0.6117,35.7186],[-0.6121,35.7186],[-0.6124,35.7186],[-0.6129,35.7182],[-0.6131,35.7179],[-0.6134,35.7176],[-0.6138,35.7175],[-0.6141,35.7176],[-0.6146,35.7176],[-0.615,35.7174],[-0.6153,35.7171],[-0.6157,35.7168],[-0.6166,35.7164],[-0.617,35.7162],[-0.6174,35.7162],[-0.6177,35.7161],[-0.618,35.7159],[-0.6181,35.7157],[-0.6185,35.7159],[-0.6188,35.7157],[-0.6195,35.7153],[-0.6201,35.715],[-0.6204,35.7147],[-0.621,35.7146],[-0.6214,35.7144],[-0.6216,35.7143],[-0.6219,35.7142],[-0.6222,35.7143],[-0.6226,35.7143],[-0.6228,35.7141],[-0.6231,35.7138],[-0.6234,35.7136],[-0.6236,35.7133],[-0.6239,35.7133],[-0.6243,35.7134],[-0.6273,35.7171],[-0.6276,35.717],[-0.6266,35.7157],[-0.6264,35.7156],[-0.6247,35.7134],[-0.6254,35.7132],[-0.6265,35.713],[-0.6279,35.7126],[-0.628,35.7124],[-0.6282,35.7124],[-0.629,35.7124],[-0.63,35.7121],[-0.6304,35.7118],[-0.6309,35.7115],[-0.6318,35.712],[-0.6316,35.7139],[-0.6334,35.7135],[-0.6339,35.71],[-0.636,35.7096],[-0.6355,35.7128],[-0.6369,35.7123],[-0.6374,35.7093],[-0.6386,35.709],[-0.6394,35.7124],[-0.6417,35.712],[-0.6412,35.7101],[-0.6456,35.7094],[-0.646,35.7115],[-0.6476,35.7113],[-0.6472,35.709],[-0.6476,35.709],[-0.6477,35.709],[-0.6478,35.7093],[-0.6521,35.7087],[-0.6522,35.7088],[-0.6521,35.7091],[-0.6526,35.7092],[-0.6525,35.7095],[-0.6532,35.7097],[-0.6535,35.709],[-0.6536,35.709],[-0.6538,35.7089],[-0.6559,35.7095],[-0.6562,35.71],[-0.6557,35.7109],[-0.6554,35.711],[-0.653,35.7102],[-0.6527,35.7108],[-0.6551,35.7115],[-0.6551,35.7114],[-0.6553,35.7114],[-0.6558,35.712],[-0.6553,35.7132],[-0.6483,35.7124],[-0.6476,35.7125],[-0.6469,35.7125],[-0.6464,35.7126],[-0.646,35.7127],[-0.6447,35.7133],[-0.6379,35.7143],[-0.6378,35.7144],[-0.6319,35.7176],[-0.6291,35.7189],[-0.6285,35.7181],[-0.6284,35.7181],[-0.629,35.719],[-0.6272,35.7197],[-0.6272,35.7198],[-0.6273,35.7198],[-0.632,35.7178],[-0.6379,35.7146],[-0.6381,35.7145],[-0.6447,35.7135],[-0.6449,35.7134],[-0.6452,35.7133],[-0.6461,35.7129],[-0.6465,35.7128],[-0.647,35.7127],[-0.6475,35.7127],[-0.6483,35.7126],[-0.6557,35.7135],[-0.6559,35.7137],[-0.6563,35.7138],[-0.6565,35.714],[-0.6568,35.7141],[-0.657,35.7141],[-0.6573,35.7142],[-0.6574,35.7141],[-0.6572,35.7138],[-0.6571,35.7137],[-0.6571,35.7135],[-0.6572,35.7134],[-0.6578,35.7133],[-0.6581,35.7136],[-0.6582,35.7134],[-0.6583,35.7132],[-0.6586,35.7131],[-0.6589,35.7132],[-0.6591,35.7136],[-0.6594,35.7136],[-0.6596,35.7138],[-0.6599,35.714],[-0.66,35.7138],[-0.6602,35.7134],[-0.6604,35.7133],[-0.6609,35.7134],[-0.6609,35.7135],[-0.6612,35.7137],[-0.6617,35.7138],[-0.6621,35.714],[-0.6621,35.7142],[-0.6621,35.7144],[-0.6619,35.7145],[-0.6617,35.7146],[-0.6616,35.7146],[-0.6615,35.7148],[-0.6617,35.7147],[-0.6618,35.7148],[-0.662,35.7149],[-0.6621,35.7149],[-0.6623,35.7151],[-0.6625,35.715],[-0.6628,35.7151],[-0.663,35.7151],[-0.6631,35.7149],[-0.6635,35.7149],[-0.6639,35.715],[-0.6643,35.715],[-0.6639,35.7174],[-0.6636,35.7174],[-0.6636,35.7176],[-0.6771,35.7221],[-0.6774,35.7223],[-0.6778,35.7226],[-0.6779,35.7229],[-0.678,35.723],[-0.6782,35.7237],[-0.6786,35.7237],[-0.6784,35.7229],[-0.6784,35.7226],[-0.6787,35.7225],[-0.6788,35.7225],[-0.6787,35.7224],[-0.6641,35.7174],[-0.6645,35.7153],[-0.6648,35.715],[-0.6654,35.715],[-0.6667,35.7148],[-0.6668,35.7153],[-0.6757,35.7145],[-0.6758,35.7148],[-0.6759,35.7147],[-0.676,35.7146],[-0.6761,35.7147],[-0.6771,35.7166],[-0.6791,35.7173],[-0.6835,35.7169],[-0.684,35.7171],[-0.684,35.717],[-0.683,35.7167],[-0.6823,35.7167],[-0.6815,35.7164],[-0.681,35.7162],[-0.6807,35.716],[-0.6776,35.7163],[-0.6771,35.7153],[-0.677,35.7144],[-0.6777,35.7143],[-0.6777,35.7145],[-0.6787,35.7144],[-0.6787,35.7143],[-0.6806,35.7141],[-0.6805,35.7138],[-0.6799,35.7138],[-0.6798,35.7135],[-0.6764,35.7138],[-0.6762,35.7137],[-0.676,35.7132],[-0.6797,35.7128],[-0.6801,35.7128],[-0.6806,35.7129],[-0.6812,35.713],[-0.682,35.7134],[-0.6824,35.7139],[-0.6834,35.7142],[-0.6834,35.7141],[-0.6838,35.7142],[-0.6837,35.7144],[-0.6842,35.7146],[-0.6843,35.7146],[-0.6844,35.7148],[-0.6844,35.7149],[-0.6844,35.7151],[-0.6843,35.7153],[-0.684,35.7159],[-0.6841,35.716],[-0.6841,35.7159],[-0.6844,35.7154],[-0.6846,35.7154],[-0.6856,35.7157],[-0.6866,35.716],[-0.6876,35.7163],[-0.6888,35.7167],[-0.6889,35.7168],[-0.6891,35.7169],[-0.6893,35.7168],[-0.6897,35.7169],[-0.6899,35.7172],[-0.6902,35.7171],[-0.6918,35.7176],[-0.6925,35.7179],[-0.6933,35.7183],[-0.6938,35.7185],[-0.6946,35.7187],[-0.6952,35.7188],[-0.6957,35.7193],[-0.696,35.7198],[-0.6968,35.7203],[-0.698,35.7218],[-0.6982,35.7219],[-0.6988,35.7224],[-0.6991,35.7227],[-0.6995,35.7228],[-0.6998,35.7227],[-0.7002,35.7226],[-0.7008,35.7224],[-0.7011,35.722],[-0.7014,35.722],[-0.7021,35.7222],[-0.7023,35.7225],[-0.7023,35.7227],[-0.7019,35.7236],[-0.7016,35.7243],[-0.7021,35.7251],[-0.7022,35.7251],[-0.7017,35.7243],[-0.702,35.7236],[-0.7023,35.7235],[-0.7025,35.7236],[-0.7033,35.7251],[-0.7023,35.7255],[-0.7037,35.726],[-0.7038,35.727],[-0.7005,35.7259],[-0.7013,35.7274],[-0.704,35.7283],[-0.7041,35.7293],[-0.702,35.7286],[-0.7025,35.7296],[-0.7043,35.7301],[-0.7045,35.7321],[-0.7028,35.7347],[-0.7033,35.7349],[-0.7032,35.7351],[-0.7024,35.7364],[-0.7006,35.7362],[-0.7004,35.7359],[-0.6996,35.736],[-0.6955,35.7365],[-0.6952,35.7363],[-0.691,35.7287],[-0.6829,35.7259],[-0.6828,35.7256],[-0.6826,35.7256],[-0.6825,35.7259],[-0.6793,35.7258],[-0.6792,35.7258],[-0.6789,35.7258],[-0.6787,35.7259],[-0.6788,35.7261],[-0.679,35.7261],[-0.6791,35.726],[-0.6827,35.7262],[-0.6908,35.7289],[-0.6949,35.7363],[-0.695,35.7366],[-0.6948,35.7369],[-0.694,35.7371],[-0.694,35.7372],[-0.6948,35.7371],[-0.6952,35.7373],[-0.6952,35.7377],[-0.6959,35.7375],[-0.697,35.7376],[-0.6993,35.7381],[-0.6995,35.7382],[-0.7006,35.7387],[-0.7026,35.7393],[-0.7036,35.7393],[-0.7037,35.7413],[-0.703,35.7422],[-0.7031,35.7425],[-0.7032,35.7424],[-0.7036,35.7424],[-0.7042,35.7423],[-0.7046,35.7422],[-0.7059,35.742],[-0.7063,35.742],[-0.7066,35.7423],[-0.7077,35.7418],[-0.7086,35.7418],[-0.7093,35.7416],[-0.71,35.7412],[-0.7105,35.741],[-0.7113,35.7409],[-0.7117,35.7409],[-0.7122,35.7406],[-0.7124,35.7406],[-0.7125,35.7407],[-0.7128,35.7407],[-0.7133,35.7403],[-0.7143,35.7399],[-0.7148,35.7404],[-0.7151,35.74],[-0.7155,35.7402],[-0.7158,35.7403],[-0.7163,35.7403],[-0.7167,35.7406],[-0.7167,35.741],[-0.717,35.7414],[-0.7174,35.7417],[-0.7175,35.7409],[-0.7177,35.7403],[-0.7182,35.7395],[-0.7189,35.7387],[-0.7196,35.7386],[-0.7204,35.7386],[-0.7206,35.7396],[-0.7209,35.7389],[-0.7211,35.7387],[-0.7213,35.7386],[-0.7215,35.7385],[-0.7217,35.739],[-0.7221,35.7391],[-0.7221,35.7389],[-0.722,35.7386],[-0.7227,35.7388],[-0.7235,35.7384],[-0.7242,35.7382],[-0.7246,35.7384],[-0.725,35.7379],[-0.7254,35.7376],[-0.7257,35.7379],[-0.726,35.7377],[-0.7266,35.7379],[-0.727,35.7377],[-0.7274,35.7379],[-0.7275,35.7374],[-0.7279,35.737],[-0.7283,35.7373],[-0.729,35.737],[-0.7299,35.7366],[-0.7307,35.7366],[-0.7313,35.7369],[-0.7327,35.7371],[-0.7339,35.7373],[-0.7353,35.7376],[-0.7365,35.7379],[-0.7389,35.7386],[-0.7414,35.7394],[-0.742,35.7395],[-0.7441,35.7399],[-0.7462,35.7404],[-0.7491,35.7412],[-0.7501,35.7415],[-0.7546,35.743],[-0.7563,35.7434],[-0.7573,35.7439],[-0.7578,35.744],[-0.7583,35.7441],[-0.7593,35.7445],[-0.7602,35.7449],[-0.7619,35.7457],[-0.7629,35.7458],[-0.7635,35.7461],[-0.7654,35.747],[-0.768,35.7478],[-0.7686,35.7482],[-0.7696,35.7487],[-0.7706,35.749],[-0.7728,35.75],[-0.7794,35.7531],[-0.7809,35.7539],[-0.7811,35.7541],[-0.7809,35.7543],[-0.781,35.7544],[-0.7813,35.7542],[-0.7817,35.7544],[-0.7821,35.7546],[-0.7827,35.7549],[-0.7837,35.7556],[-0.784,35.7557],[-0.7846,35.7561],[-0.7858,35.7568],[-0.7865,35.7574],[-0.7875,35.7582],[-0.7881,35.7583],[-0.7885,35.7588],[-0.7897,35.7594],[-0.7912,35.7609],[-0.792,35.7616],[-0.7932,35.7624],[-0.794,35.7631],[-0.7946,35.7638],[-0.7965,35.767],[-0.7968,35.7682],[-0.7966,35.7687],[-0.796,35.7687],[-0.7957,35.7689],[-0.7954,35.7695],[-0.7955,35.7699],[-0.7952,35.7699],[-0.795,35.7702],[-0.7946,35.7705],[-0.7938,35.7708],[-0.7935,35.771],[-0.7929,35.771],[-0.792,35.7714],[-0.7907,35.772],[-0.7905,35.7731],[-0.7922,35.7729],[-0.7931,35.7728],[-0.7934,35.7721],[-0.794,35.7721],[-0.7941,35.7716],[-0.7956,35.7719],[-0.7956,35.7729],[-0.7994,35.7723],[-0.8,35.7728],[-0.8006,35.7727],[-0.8015,35.7722],[-0.8049,35.7717],[-0.8054,35.7712],[-0.8054,35.7707],[-0.8056,35.7704],[-0.8069,35.7702],[-0.8077,35.771],[-0.8083,35.7704],[-0.8093,35.7695],[-0.8102,35.7688],[-0.8104,35.7678],[-0.8101,35.7675],[-0.8111,35.7666],[-0.8118,35.7665],[-0.8126,35.766],[-0.814,35.7656],[-0.8149,35.7671],[-0.8155,35.7669],[-0.8159,35.7666],[-0.8162,35.7669],[-0.8171,35.7672],[-0.8175,35.768],[-0.8181,35.768],[-0.8183,35.7671],[-0.8184,35.7667],[-0.8191,35.767],[-0.8195,35.7665],[-0.8198,35.7672],[-0.8202,35.7665],[-0.8204,35.7677],[-0.8215,35.7672],[-0.8215,35.7667],[-0.8219,35.7664],[-0.8231,35.7668],[-0.8246,35.7673],[-0.8244,35.7698],[-0.8243,35.7712],[-0.8246,35.7703],[-0.8257,35.7678],[-0.8275,35.7647],[-0.8263,35.7629],[-0.8274,35.7623],[-0.8281,35.7618],[-0.8277,35.7611],[-0.8267,35.7608],[-0.8259,35.761],[-0.8257,35.7591],[-0.8265,35.7573],[-0.8269,35.7565],[-0.8276,35.7562],[-0.8276,35.7554],[-0.8282,35.7545],[-0.829,35.7542],[-0.8293,35.7537],[-0.8295,35.7531],[-0.8306,35.7515],[-0.8311,35.7511],[-0.8323,35.7492],[-0.8329,35.7489],[-0.8335,35.7484],[-0.8336,35.7478],[-0.8338,35.7473],[-0.8341,35.7468],[-0.8346,35.7456],[-0.8351,35.7449],[-0.8368,35.7426],[-0.8371,35.7417],[-0.8376,35.7409],[-0.8379,35.7403],[-0.8391,35.7382],[-0.8407,35.7374],[-0.8427,35.7337],[-0.8433,35.7333],[-0.843,35.7319],[-0.844,35.7319],[-0.8445,35.7316],[-0.8444,35.7311],[-0.8453,35.7301],[-0.846,35.7289],[-0.8466,35.7289],[-0.8473,35.7271],[-0.8485,35.7268],[-0.8504,35.724],[-0.8512,35.7231],[-0.8517,35.7227],[-0.8523,35.7222],[-0.8529,35.722],[-0.8544,35.7212],[-0.8569,35.7193],[-0.8566,35.7188],[-0.8592,35.7178],[-0.8592,35.7165],[-0.8611,35.7167],[-0.8628,35.7161],[-0.8634,35.7159],[-0.8636,35.7155],[-0.8663,35.7161],[-0.8665,35.7146],[-0.8674,35.714],[-0.8684,35.7135],[-0.8706,35.7126],[-0.8711,35.7121],[-0.8719,35.7121],[-0.8727,35.7118],[-0.8739,35.7108],[-0.8779,35.7096],[-0.8831,35.7077],[-0.8851,35.7071],[-0.8888,35.7065],[-0.8918,35.7064],[-0.897,35.7064],[-0.9012,35.7069],[-0.9048,35.7073],[-0.9048,35.7078],[-0.9067,35.7078],[-0.9081,35.7094],[-0.9077,35.7104],[-0.9069,35.7107],[-0.9072,35.7112],[-0.9101,35.7112],[-0.9101,35.7105],[-0.9104,35.7105],[-0.9104,35.7112],[-0.911,35.7115],[-0.9107,35.7107],[-0.9113,35.711],[-0.9115,35.712],[-0.9128,35.7138],[-0.9135,35.7139],[-0.9132,35.7177],[-0.9143,35.7198],[-0.9158,35.7204],[-0.9174,35.7203],[-0.9177,35.7211],[-0.9199,35.7201],[-0.9199,35.7209],[-0.9211,35.7212],[-0.9211,35.7217],[-0.9218,35.7217],[-0.9222,35.7238],[-0.9214,35.724],[-0.9211,35.7234],[-0.9205,35.7232],[-0.9213,35.7256],[-0.922,35.7256],[-0.922,35.7261],[-0.9232,35.7255],[-0.9239,35.7256],[-0.9239,35.7248],[-0.9264,35.7254],[-0.9264,35.7259],[-0.9276,35.7257],[-0.9276,35.7262],[-0.9283,35.7262],[-0.9282,35.7272],[-0.9289,35.7272],[-0.9289,35.7267],[-0.9292,35.7267],[-0.9298,35.7283],[-0.9323,35.7278],[-0.9323,35.7273],[-0.9333,35.7276],[-0.9333,35.7268],[-0.9339,35.7271],[-0.9342,35.7281],[-0.9348,35.7281],[-0.9348,35.7276],[-0.9383,35.7282],[-0.9383,35.7274],[-0.9393,35.7274],[-0.9382,35.7266],[-0.9382,35.7256],[-0.939,35.7248],[-0.94,35.7248],[-0.94,35.7243],[-0.9406,35.7245],[-0.9431,35.7241],[-0.9428,35.7236],[-0.9438,35.7236],[-0.9438,35.7226],[-0.945,35.723],[-0.9457,35.7225],[-0.9463,35.7226],[-0.9463,35.7221],[-0.9473,35.7219],[-0.9473,35.7214],[-0.9463,35.7216],[-0.9479,35.7205],[-0.9489,35.7206],[-0.9488,35.7196],[-0.9492,35.7188],[-0.9486,35.7188],[-0.949,35.7178],[-0.9496,35.7182],[-0.9546,35.7179],[-0.9545,35.7169],[-0.955,35.7161],[-0.9562,35.7164],[-0.9571,35.7151],[-0.9569,35.7136],[-0.9576,35.7136],[-0.9576,35.7131],[-0.9566,35.7131],[-0.9573,35.7123],[-0.9589,35.7126],[-0.9587,35.711],[-0.9581,35.7105],[-0.9583,35.7097],[-0.9605,35.71],[-0.9605,35.7106],[-0.9608,35.7106],[-0.9613,35.7098],[-0.9609,35.708],[-0.9615,35.708],[-0.9615,35.7067],[-0.9625,35.7063],[-0.964,35.7068],[-0.9643,35.7075],[-0.9664,35.7076],[-0.9665,35.7076],[-0.9665,35.7074],[-0.9653,35.7056],[-0.9647,35.7055],[-0.9651,35.7039],[-0.9657,35.704],[-0.9657,35.7045],[-0.9673,35.7037],[-0.9661,35.7006],[-0.9673,35.7006],[-0.9674,35.6994],[-0.968,35.6996],[-0.968,35.6983],[-0.9687,35.6986],[-0.9687,35.6981],[-0.9699,35.6976],[-0.97,35.6966],[-0.9706,35.6966],[-0.9711,35.6958],[-0.971,35.6951],[-0.9702,35.6948],[-0.9707,35.694],[-0.9722,35.6946],[-0.9726,35.6938],[-0.9735,35.6941],[-0.9736,35.6938],[-0.9742,35.6928],[-0.9751,35.6928],[-0.9747,35.6918],[-0.9749,35.6905],[-0.9764,35.69],[-0.9768,35.6885],[-0.9781,35.6882],[-0.9783,35.69],[-0.9786,35.69],[-0.9787,35.6895],[-0.9796,35.6893],[-0.9799,35.6883],[-0.9793,35.6883],[-0.9793,35.688],[-0.9819,35.6875],[-0.9819,35.687],[-0.9825,35.687],[-0.9825,35.6875],[-0.9844,35.6855],[-0.986,35.685],[-0.986,35.6845],[-0.9873,35.6847],[-0.9886,35.6839],[-0.9891,35.6838],[-0.9899,35.6838],[-0.99,35.6835],[-0.9896,35.6833],[-0.9892,35.6827],[-0.9894,35.6818],[-0.9905,35.6805],[-0.9921,35.6795],[-0.9944,35.6787],[-0.9978,35.6775],[-0.9993,35.677],[-0.9999,35.677],[-1.0011,35.6766],[-1.0025,35.6767],[-1.0039,35.6769],[-1.0046,35.6768],[-1.0055,35.6768],[-1.006,35.6769],[-1.0071,35.6769],[-1.0077,35.6771],[-1.0084,35.6768],[-1.0114,35.6765],[-1.0122,35.6762],[-1.0132,35.6763],[-1.0147,35.677],[-1.0153,35.6776],[-1.0153,35.6778],[-1.0159,35.6782],[-1.0159,35.6785],[-1.0157,35.6788],[-1.016,35.679],[-1.0167,35.6792],[-1.0173,35.6802],[-1.0178,35.6805],[-1.0185,35.6807],[-1.0186,35.6809],[-1.0191,35.6807],[-1.0201,35.6809],[-1.0212,35.6807],[-1.0218,35.6801],[-1.0225,35.6795],[-1.0231,35.6797],[-1.0234,35.6796],[-1.0234,35.6793],[-1.0235,35.6788],[-1.0239,35.6788],[-1.0243,35.6785],[-1.0239,35.678],[-1.024,35.6776],[-1.0255,35.6762],[-1.0268,35.6763],[-1.0279,35.677],[-1.0285,35.6767],[-1.0287,35.6762],[-1.0284,35.6756],[-1.0285,35.6751],[-1.0283,35.6749],[-1.0287,35.6742],[-1.0285,35.6737],[-1.0286,35.6733],[-1.0284,35.6728],[-1.0285,35.6725],[-1.0288,35.6724],[-1.0292,35.6724],[-1.032,35.6723],[-1.0332,35.6729],[-1.0337,35.674],[-1.035,35.6732],[-1.0352,35.6734],[-1.0356,35.6733],[-1.0357,35.673],[-1.0375,35.6726],[-1.0373,35.6722],[-1.037,35.672],[-1.0375,35.6714],[-1.0381,35.672],[-1.0383,35.6718],[-1.0381,35.6714],[-1.0386,35.671],[-1.0391,35.6711],[-1.0397,35.6708],[-1.0395,35.6706],[-1.0403,35.67],[-1.0412,35.6696],[-1.0423,35.6695],[-1.0422,35.6688],[-1.0418,35.6687],[-1.0421,35.6684],[-1.0421,35.668],[-1.0417,35.6677],[-1.0421,35.6669],[-1.0425,35.6669],[-1.0432,35.6662],[-1.0435,35.6658],[-1.0443,35.6658],[-1.045,35.666],[-1.0451,35.6663],[-1.0443,35.6674],[-1.045,35.6674],[-1.0458,35.6669],[-1.0463,35.6671],[-1.0469,35.6665],[-1.0467,35.6661],[-1.0464,35.6657],[-1.0459,35.6657],[-1.0456,35.6656],[-1.0456,35.6652],[-1.0461,35.6647],[-1.0469,35.6654],[-1.0471,35.665],[-1.0468,35.6643],[-1.0467,35.664],[-1.0471,35.6637],[-1.0481,35.6642],[-1.0486,35.664],[-1.0486,35.6644],[-1.0483,35.6647],[-1.0488,35.6655],[-1.0498,35.663],[-1.0508,35.6627],[-1.0501,35.6594],[-1.0481,35.6583],[-1.0493,35.6581],[-1.0493,35.6576],[-1.0503,35.6573],[-1.0503,35.6563],[-1.0513,35.656],[-1.0513,35.6555],[-1.0522,35.6553],[-1.0528,35.6571],[-1.0534,35.6571],[-1.0535,35.6566],[-1.0547,35.6564],[-1.0548,35.6548],[-1.0554,35.6548],[-1.0551,35.6525],[-1.0545,35.6525],[-1.0552,35.6512],[-1.0561,35.6515],[-1.0557,35.6494],[-1.0551,35.6489],[-1.0552,35.6479],[-1.0559,35.6479],[-1.0557,35.6469],[-1.0585,35.6423],[-1.0592,35.6426],[-1.0587,35.6415],[-1.0599,35.6401],[-1.0607,35.6391],[-1.0624,35.6388],[-1.063,35.6401],[-1.0636,35.6401],[-1.0636,35.6395],[-1.0649,35.6398],[-1.0643,35.6388],[-1.0668,35.6381],[-1.0665,35.637],[-1.0703,35.6368],[-1.07,35.6353],[-1.0668,35.6337],[-1.0667,35.6316],[-1.0682,35.6309],[-1.0682,35.6314],[-1.0704,35.6314],[-1.0704,35.6327],[-1.072,35.6324],[-1.0748,35.6328],[-1.0748,35.6333],[-1.0767,35.6338],[-1.0767,35.6344],[-1.0776,35.6339],[-1.0776,35.6333],[-1.0786,35.6334],[-1.0786,35.6339],[-1.0805,35.6334],[-1.0805,35.6329],[-1.0827,35.6321],[-1.0827,35.6314],[-1.0827,35.6307],[-1.0837,35.6309],[-1.0837,35.6314],[-1.084,35.6314],[-1.0849,35.6301],[-1.0872,35.6299],[-1.0872,35.6294],[-1.0897,35.6294],[-1.0897,35.6289],[-1.091,35.6289],[-1.091,35.6284],[-1.0913,35.6284],[-1.0916,35.6297],[-1.0929,35.6285],[-1.0944,35.628],[-1.0948,35.6254],[-1.0951,35.6254],[-1.0951,35.6259],[-1.0964,35.6266],[-1.0973,35.6265],[-1.098,35.6244],[-1.0986,35.6246],[-1.1018,35.6237],[-1.1018,35.6235],[-1.1012,35.6234],[-1.1012,35.6232],[-1.1027,35.6231],[-1.1043,35.6222],[-1.104,35.6214],[-1.1047,35.6214],[-1.1047,35.6209],[-1.1056,35.6209],[-1.1056,35.6207],[-1.105,35.6207],[-1.1053,35.6202],[-1.1059,35.6204],[-1.106,35.6194],[-1.1069,35.6197],[-1.1069,35.6189],[-1.1075,35.6193],[-1.1085,35.6192],[-1.1092,35.6171],[-1.1104,35.6172],[-1.1104,35.6164],[-1.109,35.6159],[-1.1092,35.6143],[-1.1099,35.6143],[-1.1099,35.6148],[-1.1143,35.6141],[-1.1143,35.6147],[-1.1149,35.6147],[-1.1149,35.6142],[-1.1162,35.6142],[-1.1162,35.6134],[-1.1171,35.6139],[-1.116,35.6126],[-1.1159,35.6116],[-1.1181,35.6111],[-1.1181,35.6106],[-1.1194,35.6101],[-1.1194,35.6099],[-1.1188,35.6098],[-1.1194,35.6088],[-1.1204,35.6088],[-1.1204,35.6094],[-1.121,35.6094],[-1.121,35.6099],[-1.1219,35.6099],[-1.1233,35.6068],[-1.1242,35.6074],[-1.124,35.607],[-1.1245,35.6063],[-1.1267,35.6056],[-1.1272,35.6046],[-1.1268,35.6042],[-1.1258,35.6043],[-1.1265,35.603],[-1.1255,35.6029],[-1.1251,35.6025],[-1.1256,35.6015],[-1.1284,35.602],[-1.1284,35.6015],[-1.129,35.6019],[-1.1297,35.6018],[-1.131,35.5995],[-1.1316,35.5995],[-1.1315,35.599],[-1.1326,35.5977],[-1.1335,35.598],[-1.1335,35.5975],[-1.1351,35.5973],[-1.1355,35.596],[-1.1377,35.5955],[-1.1377,35.5945],[-1.1396,35.5937],[-1.1403,35.5912],[-1.1418,35.5918],[-1.1425,35.5917],[-1.1432,35.5897],[-1.1444,35.5897],[-1.1451,35.5884],[-1.1457,35.5884],[-1.1463,35.5902],[-1.1466,35.5902],[-1.1465,35.5877],[-1.1473,35.5869],[-1.1479,35.5873],[-1.1495,35.5867],[-1.1502,35.5854],[-1.1508,35.5854],[-1.1512,35.5834],[-1.1493,35.5835],[-1.149,35.581],[-1.1525,35.5803],[-1.1522,35.5797],[-1.1505,35.579],[-1.1516,35.577],[-1.1523,35.577],[-1.1539,35.5752],[-1.1548,35.5752],[-1.1555,35.5739],[-1.1599,35.5726],[-1.1637,35.5728],[-1.1636,35.5743],[-1.1655,35.5746],[-1.1655,35.5743],[-1.1647,35.5742],[-1.1646,35.5738],[-1.164,35.5738],[-1.1646,35.5728],[-1.1649,35.5728],[-1.1649,35.5736],[-1.1652,35.5736],[-1.1656,35.5728],[-1.1659,35.5728],[-1.1655,35.5741],[-1.1658,35.5741],[-1.1665,35.5731],[-1.1668,35.5746],[-1.169,35.5741],[-1.1688,35.5746],[-1.168,35.5749],[-1.168,35.5754],[-1.1651,35.5755],[-1.1642,35.5752],[-1.1635,35.5753],[-1.1636,35.5759],[-1.1653,35.5757],[-1.1686,35.5759],[-1.1698,35.579],[-1.1708,35.5788],[-1.1708,35.5775],[-1.1711,35.5775],[-1.1723,35.5796],[-1.1736,35.5795],[-1.1739,35.5797],[-1.1752,35.5796],[-1.176,35.5786],[-1.1761,35.5773],[-1.1768,35.5773],[-1.1767,35.5794],[-1.1761,35.5794],[-1.1767,35.5804],[-1.1783,35.5807],[-1.1786,35.5789],[-1.1796,35.5789],[-1.1796,35.5784],[-1.1802,35.5787],[-1.1808,35.5807],[-1.1814,35.5807],[-1.1814,35.5813],[-1.183,35.5797],[-1.1856,35.5785],[-1.1856,35.5777],[-1.1865,35.5777],[-1.1865,35.5773],[-1.1865,35.5772],[-1.1881,35.5773],[-1.1883,35.5762],[-1.1894,35.5752],[-1.1916,35.5749],[-1.1941,35.5759],[-1.1947,35.5758],[-1.1948,35.575],[-1.1957,35.5747],[-1.1966,35.5751],[-1.1969,35.574],[-1.197,35.5738],[-1.1976,35.5738],[-1.1976,35.5725],[-1.1986,35.5728],[-1.1983,35.5697],[-1.199,35.5697],[-1.1987,35.5679],[-1.1981,35.5682],[-1.1981,35.5676],[-1.1962,35.5676],[-1.1962,35.5671],[-1.1956,35.5671],[-1.194,35.5657],[-1.1928,35.5656],[-1.1928,35.5656],[-1.1925,35.565],[-1.1931,35.565],[-1.1931,35.565],[-1.1931,35.565],[-1.192,35.5632],[-1.1929,35.5601],[-1.1935,35.5601],[-1.1965,35.5532],[-1.1974,35.5532],[-1.1964,35.5517],[-1.1969,35.5481],[-1.195,35.5486],[-1.1957,35.5478],[-1.1991,35.5474],[-1.1986,35.5448],[-1.1995,35.5445],[-1.2003,35.543],[-1.2015,35.541],[-1.2021,35.5412],[-1.2021,35.5417],[-1.2028,35.5418],[-1.2034,35.5419],[-1.2049,35.5413],[-1.2045,35.5402],[-1.2048,35.539],[-1.2061,35.538],[-1.2062,35.5364],[-1.2052,35.5359],[-1.2051,35.5351],[-1.2073,35.5357],[-1.2074,35.5349],[-1.2063,35.5325],[-1.2061,35.532],[-1.2066,35.5321],[-1.207,35.5321],[-1.2071,35.5311],[-1.2071,35.5292],[-1.2051,35.5284],[-1.2052,35.5279],[-1.2077,35.5282],[-1.2081,35.5274],[-1.2091,35.5272],[-1.21,35.527],[-1.2097,35.5262],[-1.2106,35.5262],[-1.211,35.5252],[-1.2116,35.5252],[-1.2116,35.5247],[-1.2122,35.5247],[-1.2124,35.5231],[-1.2113,35.523],[-1.2107,35.5229],[-1.2104,35.5218],[-1.2098,35.5218],[-1.2095,35.5203],[-1.2104,35.52],[-1.2111,35.5188],[-1.212,35.519],[-1.2123,35.5198],[-1.213,35.5196],[-1.2129,35.5172],[-1.2137,35.516],[-1.2143,35.5161],[-1.215,35.5158],[-1.2159,35.5155],[-1.2159,35.515],[-1.2165,35.515],[-1.2162,35.514],[-1.216,35.5139],[-1.2153,35.5136],[-1.2144,35.5137],[-1.2144,35.5114],[-1.2135,35.5113],[-1.2135,35.5108],[-1.2144,35.5108],[-1.2147,35.5102],[-1.2157,35.5101],[-1.2148,35.5096],[-1.2148,35.5085],[-1.2154,35.5085],[-1.2151,35.5091],[-1.2167,35.5086],[-1.2167,35.5091],[-1.2185,35.5088],[-1.2182,35.5083],[-1.2189,35.5083],[-1.2192,35.5083],[-1.2192,35.5081],[-1.219,35.5081],[-1.2183,35.5081],[-1.2183,35.5076],[-1.217,35.5075],[-1.2172,35.5063],[-1.2164,35.506],[-1.2164,35.505],[-1.2155,35.5049],[-1.2155,35.5055],[-1.2147,35.5052],[-1.2165,35.5014],[-1.2181,35.5014],[-1.2181,35.5011],[-1.2175,35.5011],[-1.2181,35.5001],[-1.2191,35.5001],[-1.2191,35.4996],[-1.2191,35.4991],[-1.2181,35.4991],[-1.2185,35.4981],[-1.2213,35.4976],[-1.2215,35.4968],[-1.2209,35.4958],[-1.221,35.4953],[-1.2217,35.4953],[-1.2217,35.494],[-1.2223,35.4943],[-1.2217,35.4927],[-1.2205,35.4929],[-1.2202,35.4896],[-1.2243,35.4886],[-1.2241,35.4861],[-1.2247,35.4863],[-1.2247,35.4848],[-1.2227,35.4845],[-1.2229,35.4832],[-1.2251,35.4833],[-1.2254,35.4817],[-1.2232,35.4814],[-1.2233,35.4801],[-1.2255,35.4799],[-1.2258,35.4809],[-1.2264,35.4807],[-1.2263,35.4794],[-1.2252,35.4791],[-1.2256,35.4785],[-1.2271,35.4784],[-1.2271,35.4776],[-1.2268,35.4776],[-1.2268,35.4781],[-1.2265,35.4781],[-1.2268,35.4771],[-1.2274,35.4774],[-1.2274,35.4763],[-1.2268,35.4763],[-1.2271,35.4756],[-1.2281,35.4753],[-1.2278,35.4749],[-1.2271,35.4751],[-1.227,35.4733],[-1.2273,35.473],[-1.2272,35.472],[-1.2282,35.472],[-1.2279,35.471],[-1.2269,35.4712],[-1.2276,35.4699],[-1.2282,35.4699],[-1.229,35.4689],[-1.229,35.4674],[-1.2297,35.4669],[-1.2296,35.4656],[-1.2314,35.4656],[-1.2311,35.4648],[-1.2305,35.4648],[-1.2302,35.4641],[-1.2308,35.4641],[-1.2299,35.4635],[-1.2314,35.462],[-1.2319,35.46],[-1.2325,35.46],[-1.2324,35.4584],[-1.2336,35.4549],[-1.2328,35.4546],[-1.2329,35.4541],[-1.2336,35.4541],[-1.2344,35.452],[-1.2349,35.4508],[-1.2355,35.4508],[-1.2351,35.4495],[-1.2365,35.4474],[-1.2356,35.4474],[-1.236,35.4456],[-1.2378,35.4454],[-1.238,35.4446],[-1.238,35.4446],[-1.237,35.4428],[-1.2388,35.4426],[-1.2392,35.4418],[-1.2367,35.4421],[-1.2372,35.4387],[-1.2391,35.436],[-1.2421,35.4365],[-1.2417,35.4349],[-1.2397,35.4339],[-1.2407,35.4313],[-1.2416,35.4313],[-1.2413,35.43],[-1.2423,35.4301],[-1.2423,35.4293],[-1.2416,35.4293],[-1.2414,35.4285],[-1.242,35.4285],[-1.2426,35.4267],[-1.2433,35.4267],[-1.2433,35.4262],[-1.2439,35.4262],[-1.2439,35.4257],[-1.2446,35.4257],[-1.2447,35.4239],[-1.2451,35.4221],[-1.2459,35.4206],[-1.245,35.4206],[-1.245,35.4201],[-1.2456,35.4201],[-1.2456,35.4196],[-1.2463,35.4196],[-1.2469,35.4178],[-1.2475,35.4178],[-1.2476,35.417],[-1.2482,35.417],[-1.2482,35.4165],[-1.2494,35.4171],[-1.2481,35.4158],[-1.2482,35.415],[-1.2489,35.415],[-1.2489,35.4145],[-1.2504,35.4145],[-1.2505,35.4142],[-1.2498,35.4142],[-1.2499,35.4124],[-1.2505,35.4124],[-1.2505,35.4114],[-1.2499,35.4115],[-1.2499,35.4104],[-1.2508,35.4104],[-1.2509,35.4096],[-1.2524,35.4094],[-1.2534,35.4072],[-1.2534,35.4071],[-1.2541,35.4071],[-1.2541,35.4053],[-1.2533,35.405],[-1.2535,35.4043],[-1.2529,35.4043],[-1.253,35.4038],[-1.2524,35.4027],[-1.2526,35.4019],[-1.2532,35.402],[-1.2552,35.3971],[-1.2558,35.3971],[-1.2559,35.3953],[-1.2565,35.3953],[-1.2569,35.3935],[-1.2575,35.3935],[-1.2575,35.393],[-1.2584,35.3928],[-1.2612,35.3879],[-1.2616,35.3859],[-1.2661,35.3795],[-1.2672,35.3783],[-1.2688,35.3783],[-1.2688,35.3788],[-1.2694,35.3788],[-1.2695,35.3768],[-1.2701,35.3768],[-1.2695,35.376],[-1.2707,35.376],[-1.2704,35.3747],[-1.2717,35.3745],[-1.2716,35.3734],[-1.2727,35.3704],[-1.274,35.3705],[-1.2746,35.3701],[-1.2746,35.3691],[-1.274,35.3691],[-1.274,35.3687],[-1.274,35.3678],[-1.2756,35.3673],[-1.2752,35.3653],[-1.276,35.3643],[-1.2776,35.3645],[-1.2782,35.3627],[-1.2795,35.3625],[-1.2801,35.3615],[-1.2814,35.3612],[-1.2824,35.36],[-1.283,35.36],[-1.2837,35.3574],[-1.2843,35.3574],[-1.2843,35.3569],[-1.2859,35.3567],[-1.2875,35.3565],[-1.2868,35.3554],[-1.2878,35.3552],[-1.2878,35.3547],[-1.2889,35.3548],[-1.2897,35.3548],[-1.2906,35.3555],[-1.2906,35.3556],[-1.2906,35.356],[-1.2912,35.3557],[-1.2915,35.3553],[-1.2922,35.3539],[-1.2928,35.354],[-1.2932,35.354],[-1.2932,35.3534],[-1.2941,35.3535],[-1.2951,35.3507],[-1.3049,35.3492],[-1.3049,35.3487],[-1.3077,35.349],[-1.3083,35.3501],[-1.3092,35.3505],[-1.3098,35.3503],[-1.3099,35.3498],[-1.3108,35.3498],[-1.3108,35.3504],[-1.3127,35.3496],[-1.3127,35.3491],[-1.3133,35.3492],[-1.3136,35.349],[-1.3155,35.3491],[-1.3159,35.3481],[-1.3168,35.3481],[-1.3171,35.3474],[-1.3218,35.3497],[-1.3218,35.3503],[-1.3237,35.3495],[-1.3237,35.349],[-1.3268,35.348],[-1.3268,35.3485],[-1.3278,35.3485],[-1.3281,35.3475],[-1.3287,35.3475],[-1.3287,35.3483],[-1.3306,35.3478],[-1.3306,35.3473],[-1.3319,35.3473],[-1.3319,35.3465],[-1.3325,35.3465],[-1.3325,35.346],[-1.3331,35.346],[-1.3348,35.3432],[-1.3354,35.3432],[-1.3364,35.3412],[-1.3379,35.3417],[-1.3377,35.3405],[-1.3386,35.3405],[-1.3386,35.3397],[-1.3392,35.3397],[-1.3389,35.3384],[-1.3399,35.3384],[-1.3399,35.3379],[-1.3393,35.3379],[-1.3396,35.3364],[-1.3406,35.3366],[-1.3419,35.3343],[-1.3431,35.3346],[-1.3431,35.3326],[-1.3438,35.3328],[-1.3446,35.331],[-1.3445,35.3308],[-1.3444,35.33],[-1.3438,35.33],[-1.3442,35.329],[-1.3451,35.3287],[-1.3461,35.3272],[-1.3467,35.3272],[-1.3467,35.3267],[-1.348,35.3262],[-1.348,35.3257],[-1.3486,35.326],[-1.3497,35.3244],[-1.3496,35.3237],[-1.3502,35.3237],[-1.3502,35.3229],[-1.3512,35.3229],[-1.3512,35.3224],[-1.3528,35.322],[-1.3527,35.3227],[-1.354,35.3224],[-1.354,35.3222],[-1.3532,35.3221],[-1.3534,35.3211],[-1.355,35.3209],[-1.355,35.3199],[-1.3544,35.3199],[-1.3544,35.3196],[-1.3594,35.3192],[-1.3597,35.3179],[-1.361,35.3184],[-1.361,35.3176],[-1.3619,35.3179],[-1.3619,35.3174],[-1.3629,35.3177],[-1.3632,35.3184],[-1.3638,35.3185],[-1.3638,35.3172],[-1.3651,35.3172],[-1.3651,35.3167],[-1.3657,35.3167],[-1.3662,35.3151],[-1.3659,35.3149],[-1.3664,35.3139],[-1.3677,35.3139],[-1.3677,35.3144],[-1.3686,35.3143],[-1.3695,35.3147],[-1.3695,35.3139],[-1.3708,35.3152],[-1.372,35.3147],[-1.3721,35.3137],[-1.3714,35.3137],[-1.3723,35.3126],[-1.3733,35.3126],[-1.374,35.312],[-1.3743,35.3117],[-1.3743,35.3104],[-1.3765,35.3095],[-1.3778,35.3096],[-1.3778,35.3091],[-1.3784,35.3091],[-1.379,35.3088],[-1.3795,35.3083],[-1.3787,35.3073],[-1.3791,35.3068],[-1.3813,35.308],[-1.3851,35.3061],[-1.3853,35.3057],[-1.3861,35.3054],[-1.3865,35.3054],[-1.3866,35.3057],[-1.3869,35.3058],[-1.388,35.3057],[-1.3891,35.3063],[-1.3898,35.3072],[-1.3902,35.3069],[-1.3901,35.3065],[-1.389,35.3046],[-1.3892,35.3042],[-1.3904,35.3038],[-1.3906,35.3042],[-1.3922,35.3036],[-1.3939,35.3063],[-1.3939,35.3068],[-1.3918,35.3076],[-1.3907,35.3081],[-1.3903,35.3077],[-1.39,35.3078],[-1.3903,35.3083],[-1.3892,35.3087],[-1.3894,35.3091],[-1.3946,35.3069],[-1.3936,35.3047],[-1.3965,35.3029],[-1.4025,35.3017],[-1.403,35.3023],[-1.4044,35.3027],[-1.4061,35.3027],[-1.4071,35.3025],[-1.4075,35.302],[-1.4079,35.3018],[-1.409,35.3016],[-1.4094,35.301],[-1.41,35.3009],[-1.4124,35.3003],[-1.4125,35.2998],[-1.4143,35.3002],[-1.4175,35.2993],[-1.4184,35.2997],[-1.4184,35.3002],[-1.42,35.3002],[-1.42,35.3007],[-1.4215,35.3007],[-1.4215,35.3002],[-1.4218,35.3002],[-1.4221,35.301],[-1.4234,35.3013],[-1.4237,35.3031],[-1.4265,35.3028],[-1.4262,35.3041],[-1.429,35.3044],[-1.4287,35.3026],[-1.4296,35.3028],[-1.4312,35.3019],[-1.4312,35.3024],[-1.4331,35.3022],[-1.4331,35.3027],[-1.4362,35.3032],[-1.4359,35.3022],[-1.4364,35.3023],[-1.4368,35.303],[-1.4378,35.303],[-1.4376,35.3038],[-1.4384,35.3045],[-1.4396,35.3047],[-1.4399,35.3044],[-1.4421,35.3051],[-1.4427,35.3066],[-1.4437,35.3064],[-1.4446,35.308],[-1.4461,35.3081],[-1.4471,35.3076],[-1.4477,35.3077],[-1.4474,35.3065],[-1.4489,35.3063],[-1.4496,35.3067],[-1.4497,35.3063],[-1.4543,35.3065],[-1.4543,35.306],[-1.4575,35.3068],[-1.4574,35.3084],[-1.4584,35.3084],[-1.4584,35.3074],[-1.4593,35.3074],[-1.4593,35.3069],[-1.4609,35.3066],[-1.4609,35.3071],[-1.4631,35.3079],[-1.4631,35.3072],[-1.464,35.3072],[-1.4644,35.3049],[-1.4666,35.3052],[-1.4658,35.3036],[-1.4666,35.3021],[-1.4673,35.3021],[-1.4673,35.3013],[-1.4679,35.3008],[-1.4689,35.2995],[-1.47,35.2987],[-1.4704,35.2985],[-1.4709,35.2982],[-1.4715,35.2979],[-1.4717,35.2979],[-1.4721,35.2979],[-1.4734,35.2977],[-1.4741,35.2976],[-1.4745,35.2974],[-1.476,35.297],[-1.4783,35.2971],[-1.4793,35.2976],[-1.4797,35.2979],[-1.4796,35.298],[-1.4797,35.298],[-1.4796,35.2981],[-1.4797,35.2982],[-1.4798,35.2982],[-1.48,35.2981],[-1.4803,35.2981],[-1.4805,35.2981],[-1.4805,35.2979],[-1.4807,35.2978],[-1.481,35.2979],[-1.4811,35.298],[-1.4812,35.2978],[-1.4813,35.2977],[-1.4815,35.2977],[-1.4818,35.2976],[-1.4818,35.2973],[-1.4819,35.2972],[-1.4818,35.297],[-1.4817,35.2966],[-1.4818,35.2965],[-1.4821,35.2964],[-1.4823,35.2962],[-1.483,35.2961],[-1.4831,35.2955],[-1.4833,35.2952],[-1.4836,35.295],[-1.4844,35.295],[-1.4846,35.2951],[-1.4847,35.295],[-1.4846,35.2948],[-1.4839,35.2944],[-1.4836,35.2944],[-1.4834,35.2942],[-1.4829,35.2935],[-1.4828,35.2926],[-1.4834,35.2924],[-1.485,35.2924],[-1.4849,35.2917],[-1.4851,35.2912],[-1.4854,35.2906],[-1.4858,35.2903],[-1.4869,35.2901],[-1.4872,35.2899],[-1.4874,35.2899],[-1.4876,35.2896],[-1.4877,35.2894],[-1.4876,35.2891],[-1.488,35.2889],[-1.489,35.2892],[-1.4898,35.2892],[-1.4902,35.2892],[-1.4907,35.2886],[-1.4917,35.2886],[-1.4924,35.2885],[-1.4928,35.2882],[-1.4946,35.2876],[-1.4959,35.2877],[-1.4966,35.2878],[-1.4971,35.2876],[-1.4982,35.288],[-1.4986,35.2878],[-1.4989,35.2874],[-1.4991,35.2868],[-1.4993,35.2867],[-1.4993,35.2861],[-1.4996,35.2861],[-1.5002,35.2863],[-1.5003,35.2861],[-1.5,35.2857],[-1.5004,35.2853],[-1.5005,35.2849],[-1.501,35.2843],[-1.5015,35.2836],[-1.5014,35.2826],[-1.5018,35.2824],[-1.5023,35.282],[-1.5027,35.2821],[-1.5028,35.2824],[-1.5037,35.2823],[-1.5048,35.2818],[-1.5055,35.2823],[-1.5063,35.2823],[-1.5067,35.2826],[-1.5073,35.2825],[-1.5074,35.2824],[-1.5081,35.2827],[-1.5079,35.2822],[-1.5073,35.2818],[-1.5073,35.2814],[-1.5071,35.281],[-1.5078,35.2812],[-1.5079,35.281],[-1.5076,35.2803],[-1.5074,35.2801],[-1.507,35.2801],[-1.5069,35.2795],[-1.5072,35.2788],[-1.5076,35.2789],[-1.5077,35.2792],[-1.508,35.2795],[-1.5081,35.279],[-1.5079,35.2783],[-1.5097,35.2774],[-1.5111,35.2767],[-1.5151,35.2765],[-1.515,35.277],[-1.5169,35.277],[-1.5171,35.2752],[-1.5189,35.2732],[-1.5201,35.2734],[-1.5201,35.2729],[-1.5214,35.2731],[-1.522,35.2726],[-1.5286,35.2724],[-1.5292,35.2728],[-1.5292,35.2723],[-1.5308,35.2714],[-1.5336,35.2709],[-1.5411,35.2718],[-1.5484,35.2708],[-1.549,35.2703],[-1.5506,35.2705],[-1.5506,35.27],[-1.5547,35.2698],[-1.5552,35.2669],[-1.5549,35.2667],[-1.555,35.2662],[-1.5544,35.2662],[-1.5544,35.2659],[-1.5557,35.2654],[-1.556,35.2641],[-1.5566,35.2641],[-1.5563,35.2628],[-1.5582,35.2622],[-1.5589,35.2624],[-1.5592,35.2611],[-1.5601,35.2612],[-1.5608,35.2606],[-1.56,35.2603],[-1.5595,35.259],[-1.5605,35.2588],[-1.5611,35.2575],[-1.5637,35.2568],[-1.5637,35.2562],[-1.5646,35.256],[-1.5656,35.2547],[-1.5672,35.254],[-1.5672,35.2535],[-1.5678,35.2538],[-1.5687,35.2537],[-1.5691,35.2527],[-1.5699,35.2523],[-1.5706,35.252],[-1.5724,35.2497],[-1.5733,35.2477],[-1.5736,35.2471],[-1.5737,35.2469],[-1.5728,35.244],[-1.5743,35.2417],[-1.5787,35.2393],[-1.5837,35.2384],[-1.5843,35.2388],[-1.5843,35.24],[-1.5846,35.24],[-1.5846,35.2395],[-1.5853,35.2395],[-1.5852,35.2408],[-1.5874,35.2403],[-1.5878,35.2391],[-1.5878,35.2391],[-1.5887,35.2391],[-1.5887,35.2385],[-1.5881,35.2385],[-1.5876,35.2375],[-1.5882,35.2352],[-1.5907,35.2357],[-1.5907,35.2352],[-1.5919,35.2355],[-1.5922,35.2347],[-1.5951,35.2348],[-1.5951,35.2343],[-1.5982,35.2335],[-1.5982,35.2322],[-1.5992,35.2322],[-1.5992,35.232],[-1.5982,35.232],[-1.5992,35.2312],[-1.5995,35.232],[-1.6001,35.2316],[-1.6048,35.2321],[-1.6048,35.2315],[-1.6061,35.231],[-1.6064,35.2303],[-1.6085,35.2296],[-1.6086,35.2295],[-1.6089,35.2288],[-1.6099,35.2288],[-1.6099,35.2275],[-1.6108,35.2272],[-1.6095,35.2244],[-1.6084,35.2239],[-1.6088,35.2229],[-1.609,35.2223],[-1.6092,35.2223],[-1.6097,35.2223],[-1.61,35.2217],[-1.6103,35.2211],[-1.6109,35.2211],[-1.611,35.2206],[-1.6116,35.2206],[-1.6116,35.2195],[-1.6128,35.2199],[-1.6141,35.2197],[-1.6169,35.2204],[-1.6166,35.2214],[-1.616,35.2214],[-1.6159,35.2219],[-1.6175,35.2212],[-1.6175,35.2201],[-1.6185,35.2204],[-1.6188,35.2212],[-1.6216,35.2199],[-1.6223,35.2186],[-1.6213,35.2181],[-1.6223,35.2181],[-1.6226,35.2171],[-1.6257,35.2175],[-1.627,35.2169],[-1.6273,35.2161],[-1.6286,35.2159],[-1.6286,35.2143],[-1.6295,35.2143],[-1.6299,35.2131],[-1.6311,35.2128],[-1.6315,35.2121],[-1.6321,35.2122],[-1.633,35.2119],[-1.6333,35.2123],[-1.6352,35.2116],[-1.6357,35.2106],[-1.6354,35.2082],[-1.6347,35.208],[-1.6351,35.2072],[-1.635,35.2065],[-1.635,35.2064],[-1.6359,35.2065],[-1.6359,35.2065],[-1.6359,35.2077],[-1.6365,35.2075],[-1.6367,35.2066],[-1.6369,35.2049],[-1.64,35.2047],[-1.6404,35.2027],[-1.641,35.2027],[-1.6413,35.2019],[-1.6423,35.2016],[-1.6426,35.2009],[-1.6435,35.2011],[-1.6432,35.2006],[-1.6445,35.2001],[-1.6441,35.1981],[-1.6433,35.1978],[-1.6433,35.1975],[-1.6442,35.1973],[-1.6431,35.1965],[-1.6436,35.1952],[-1.6474,35.1955],[-1.6488,35.194],[-1.6486,35.1904],[-1.6489,35.1894],[-1.6483,35.1889],[-1.6484,35.1881],[-1.6494,35.1881],[-1.6492,35.1876],[-1.6481,35.1872],[-1.6482,35.1862],[-1.6504,35.1863],[-1.6504,35.1858],[-1.6529,35.1848],[-1.6529,35.1833],[-1.6542,35.1833],[-1.6542,35.1828],[-1.6548,35.1829],[-1.6564,35.1825],[-1.6583,35.1815],[-1.659,35.18],[-1.659,35.1794],[-1.6596,35.1788],[-1.6601,35.1779],[-1.6598,35.1778],[-1.6592,35.1786],[-1.6587,35.1792],[-1.6576,35.1787],[-1.6576,35.1786],[-1.6573,35.1784],[-1.6576,35.178],[-1.6584,35.1783],[-1.6584,35.1782],[-1.6579,35.178],[-1.658,35.1779],[-1.6583,35.178],[-1.6583,35.1779],[-1.6585,35.1781],[-1.6586,35.178],[-1.6589,35.1781],[-1.659,35.178],[-1.6578,35.1774],[-1.6581,35.1762],[-1.6603,35.1766],[-1.6615,35.176],[-1.6649,35.1774],[-1.6696,35.178],[-1.6696,35.1786],[-1.673,35.1786],[-1.673,35.1794],[-1.6768,35.1789],[-1.6768,35.1794],[-1.6793,35.1797],[-1.6793,35.1794],[-1.6786,35.1794],[-1.6786,35.1792],[-1.6824,35.1792],[-1.6824,35.1797],[-1.6833,35.18],[-1.6833,35.1805],[-1.6843,35.1804],[-1.6855,35.1813],[-1.6858,35.1823],[-1.6864,35.182],[-1.688,35.1822],[-1.6908,35.1811],[-1.6918,35.1793],[-1.6933,35.1791],[-1.6934,35.1786],[-1.6981,35.1785],[-1.6992,35.1779],[-1.6999,35.1781],[-1.6999,35.1776],[-1.7006,35.1776],[-1.7006,35.1771],[-1.7018,35.1766],[-1.7028,35.1743],[-1.7047,35.1735],[-1.7047,35.1728],[-1.7057,35.1725],[-1.7074,35.1697],[-1.7063,35.1692],[-1.7063,35.1684],[-1.7073,35.1682],[-1.707,35.1689],[-1.7095,35.1696],[-1.7114,35.1682],[-1.7114,35.1677],[-1.712,35.1677],[-1.714,35.1621],[-1.7171,35.1622],[-1.7215,35.1604],[-1.7236,35.1578],[-1.7236,35.1568],[-1.7217,35.156],[-1.7219,35.1552],[-1.7228,35.1555],[-1.7228,35.155],[-1.7235,35.155],[-1.7235,35.1542],[-1.7225,35.1542],[-1.7229,35.1532],[-1.7222,35.1534],[-1.7226,35.1514],[-1.7251,35.1519],[-1.7247,35.1535],[-1.7276,35.1519],[-1.7277,35.1517],[-1.7279,35.1512],[-1.7298,35.1509],[-1.7311,35.1492],[-1.7317,35.1492],[-1.7317,35.1484],[-1.7309,35.1481],[-1.7319,35.1466],[-1.7314,35.1451],[-1.7321,35.1451],[-1.7321,35.1445],[-1.7332,35.1444],[-1.7336,35.1446],[-1.7334,35.1442],[-1.7346,35.143],[-1.7358,35.1428],[-1.7359,35.142],[-1.7365,35.142],[-1.7365,35.1415],[-1.7387,35.141],[-1.7387,35.1405],[-1.7396,35.1403],[-1.7397,35.1387],[-1.7412,35.138],[-1.7413,35.1362],[-1.7444,35.1358],[-1.746,35.1349],[-1.7468,35.1336],[-1.7466,35.1331],[-1.7479,35.1331],[-1.7482,35.1324],[-1.7488,35.1324],[-1.7495,35.1311],[-1.7501,35.1311],[-1.7504,35.1298],[-1.752,35.1296],[-1.7517,35.1306],[-1.7523,35.1304],[-1.7523,35.1309],[-1.7598,35.1281],[-1.7615,35.1253],[-1.7624,35.1256],[-1.7627,35.1243],[-1.7646,35.1241],[-1.7646,35.1236],[-1.7681,35.1232],[-1.769,35.1226],[-1.769,35.1221],[-1.7684,35.122],[-1.7684,35.1218],[-1.7693,35.1214],[-1.7706,35.1216],[-1.7719,35.1195],[-1.7777,35.1185],[-1.7784,35.1184],[-1.7804,35.1185],[-1.7825,35.1189],[-1.7828,35.1235],[-1.784,35.123],[-1.7853,35.1196],[-1.7866,35.1194],[-1.7866,35.1202],[-1.7851,35.1209],[-1.7853,35.1214],[-1.7875,35.1206],[-1.7916,35.1204],[-1.7972,35.1208],[-1.7975,35.1221],[-1.7981,35.122],[-1.799,35.1224],[-1.7993,35.1231],[-1.8003,35.1233],[-1.8027,35.1252],[-1.8038,35.1273],[-1.8043,35.1314],[-1.8045,35.1329],[-1.8058,35.1332],[-1.8058,35.1327],[-1.806,35.1327],[-1.8067,35.1327],[-1.8066,35.1304],[-1.8075,35.1296],[-1.808,35.1273],[-1.8093,35.1267],[-1.8118,35.1267],[-1.8134,35.126],[-1.8146,35.1261],[-1.8144,35.1271],[-1.8154,35.1279],[-1.8152,35.1292],[-1.8174,35.1295],[-1.8166,35.1284],[-1.8165,35.1272],[-1.8171,35.1272],[-1.8168,35.1246],[-1.8181,35.1246],[-1.8186,35.122],[-1.8197,35.1197],[-1.8207,35.1195],[-1.8219,35.118],[-1.8225,35.1182],[-1.8251,35.1157],[-1.8292,35.1139],[-1.8301,35.1119],[-1.8325,35.1109],[-1.8349,35.11],[-1.8389,35.1103],[-1.8405,35.1076],[-1.843,35.1077],[-1.8471,35.1066],[-1.8481,35.1054],[-1.8499,35.1059],[-1.8499,35.1064],[-1.8509,35.1064],[-1.8507,35.1069],[-1.8518,35.1082],[-1.8543,35.108],[-1.8546,35.1072],[-1.8552,35.1072],[-1.8552,35.1065],[-1.8568,35.1061],[-1.8615,35.1066],[-1.8626,35.1061],[-1.8629,35.1063],[-1.8646,35.1056],[-1.8706,35.1056],[-1.8706,35.1051],[-1.8646,35.1051],[-1.8629,35.1059],[-1.8628,35.1058],[-1.859,35.1053],[-1.8574,35.1054],[-1.8578,35.1042],[-1.8587,35.1039],[-1.8591,35.1021],[-1.8597,35.1021],[-1.8597,35.1029],[-1.8609,35.1027],[-1.8609,35.1014],[-1.8619,35.1016],[-1.8618,35.1042],[-1.8622,35.1042],[-1.8624,35.1045],[-1.8625,35.1045],[-1.8625,35.1014],[-1.8647,35.1011],[-1.865,35.1035],[-1.866,35.1034],[-1.8661,35.1037],[-1.8662,35.1036],[-1.8663,35.1035],[-1.8658,35.1022],[-1.8664,35.1007],[-1.8666,35.1001],[-1.8671,35.1001],[-1.869,35.0997],[-1.8711,35.1004],[-1.8727,35.1008],[-1.8737,35.0997],[-1.874,35.0983],[-1.875,35.0976],[-1.8758,35.0969],[-1.8762,35.0958],[-1.8776,35.0957],[-1.8783,35.0964],[-1.88,35.096],[-1.8803,35.0959],[-1.882,35.0954],[-1.8826,35.0947],[-1.8831,35.0949],[-1.8836,35.0916],[-1.8869,35.0905],[-1.888,35.0909],[-1.8889,35.0908],[-1.8909,35.0914],[-1.8915,35.0922],[-1.8926,35.0928],[-1.8941,35.0923],[-1.8967,35.0927],[-1.8975,35.0923],[-1.8997,35.0913],[-1.9015,35.0908],[-1.9026,35.089],[-1.9031,35.0876],[-1.9037,35.0866],[-1.9044,35.0854],[-1.906,35.0852],[-1.9078,35.0843],[-1.9085,35.084],[-1.9091,35.084],[-1.9094,35.0847],[-1.9101,35.0844],[-1.9111,35.0845],[-1.9118,35.0852],[-1.9117,35.0859],[-1.9116,35.0867],[-1.9124,35.0877],[-1.9127,35.0877],[-1.9127,35.0864],[-1.9132,35.0859],[-1.9137,35.0872],[-1.914,35.0872],[-1.9139,35.0866],[-1.9145,35.0865],[-1.9137,35.0854],[-1.9129,35.0854],[-1.914,35.0848],[-1.9152,35.0844],[-1.9163,35.0849],[-1.9171,35.0848],[-1.9177,35.0853],[-1.919,35.0852],[-1.9198,35.0849],[-1.9206,35.0844],[-1.921,35.0839],[-1.9218,35.0836],[-1.9235,35.0844],[-1.926,35.0837],[-1.9276,35.0834],[-1.9291,35.0842],[-1.9311,35.0841],[-1.9326,35.0839],[-1.934,35.0839],[-1.9362,35.0842],[-1.9384,35.0839],[-1.9403,35.0793],[-1.9419,35.0786],[-1.9454,35.0772],[-1.9507,35.0751],[-1.952,35.0743],[-1.9576,35.0738],[-1.9585,35.0735],[-1.9582,35.074],[-1.9595,35.0737],[-1.9595,35.0732],[-1.962,35.0725],[-1.962,35.073],[-1.9626,35.073],[-1.9626,35.0725],[-1.9692,35.0722],[-1.9711,35.0722],[-1.9751,35.0724],[-1.9767,35.0734],[-1.9767,35.0739],[-1.9785,35.0741],[-1.9788,35.0749],[-1.9801,35.0744],[-1.9807,35.0731],[-1.9864,35.0741],[-1.994,35.0735],[-1.996,35.0738],[-1.9986,35.0738],[-2.0003,35.0733],[-2.0038,35.072],[-2.005,35.0718],[-2.0068,35.0709],[-2.0092,35.0707],[-2.0104,35.0709],[-2.0126,35.0712],[-2.0149,35.0717],[-2.0159,35.0721],[-2.0165,35.0741],[-2.017,35.0745],[-2.0174,35.0754],[-2.0181,35.0761],[-2.0195,35.0764],[-2.021,35.0789],[-2.0222,35.0794],[-2.0237,35.0788],[-2.0244,35.0775],[-2.0253,35.0776],[-2.0257,35.0771],[-2.026,35.0762],[-2.0266,35.0761],[-2.0279,35.0762],[-2.0295,35.0755],[-2.0314,35.0746],[-2.0323,35.0734],[-2.0333,35.0731],[-2.0338,35.0729],[-2.0344,35.0726],[-2.0355,35.0724],[-2.0367,35.0722],[-2.037,35.0722],[-2.038,35.0725],[-2.0388,35.0725],[-2.0397,35.0727],[-2.0437,35.0734],[-2.044,35.0737],[-2.0438,35.0741],[-2.0445,35.0737],[-2.0459,35.0734],[-2.0475,35.0733],[-2.049,35.0721],[-2.0505,35.0715],[-2.0517,35.0711],[-2.0531,35.0712],[-2.0546,35.0707],[-2.0555,35.0707],[-2.056,35.0708],[-2.0574,35.0707],[-2.0591,35.0707],[-2.0608,35.0709],[-2.0623,35.071],[-2.0639,35.0714],[-2.0648,35.0721],[-2.0656,35.0722],[-2.0677,35.0714],[-2.0691,35.0713],[-2.0702,35.0714],[-2.0708,35.0715],[-2.0717,35.0714],[-2.0726,35.0716],[-2.0733,35.0717],[-2.0739,35.0721],[-2.0751,35.0724],[-2.0761,35.0723],[-2.0825,35.0735],[-2.083,35.0736],[-2.0839,35.0736],[-2.0854,35.0736],[-2.0901,35.0746],[-2.0917,35.075],[-2.0929,35.0754],[-2.0957,35.0761],[-2.0962,35.0764],[-2.0975,35.0769],[-2.098,35.077],[-2.0986,35.0771],[-2.0996,35.0775],[-2.1042,35.0792],[-2.1051,35.0803],[-2.1085,35.0804],[-2.1094,35.0809],[-2.111,35.0816],[-2.1109,35.0823],[-2.1119,35.0826],[-2.1125,35.0832],[-2.113,35.0834],[-2.1131,35.0845],[-2.1128,35.0853],[-2.113,35.0858],[-2.1135,35.086],[-2.1141,35.0855],[-2.1141,35.086],[-2.115,35.0859],[-2.1152,35.0863],[-2.1154,35.0872],[-2.118,35.0881],[-2.1184,35.0896],[-2.1192,35.0895],[-2.1195,35.0899],[-2.1195,35.0904],[-2.1176,35.0918],[-2.1182,35.0922],[-2.1176,35.0927],[-2.117,35.0938],[-2.118,35.0948],[-2.1184,35.0948],[-2.119,35.0932],[-2.1196,35.094],[-2.1205,35.0941],[-2.1212,35.0935],[-2.1209,35.0923],[-2.1218,35.0922],[-2.1229,35.0924],[-2.1233,35.092],[-2.1227,35.0917],[-2.1228,35.0912],[-2.1246,35.0915],[-2.1267,35.0914],[-2.1278,35.0916],[-2.1297,35.0914],[-2.1303,35.091],[-2.1321,35.0908],[-2.1326,35.0908],[-2.1332,35.091],[-2.1342,35.0909],[-2.1352,35.0914],[-2.1357,35.0932],[-2.139,35.0927],[-2.1406,35.0929],[-2.143,35.0935],[-2.1437,35.0932],[-2.145,35.0934],[-2.145,35.0937],[-2.1457,35.0938],[-2.146,35.0945],[-2.1456,35.0952],[-2.1456,35.0955],[-2.146,35.0956],[-2.1465,35.0963],[-2.1462,35.0969],[-2.1463,35.0973],[-2.1466,35.0975],[-2.1471,35.0975],[-2.1472,35.0979],[-2.1488,35.099],[-2.1496,35.0991],[-2.1498,35.099],[-2.1497,35.0987],[-2.1499,35.0986],[-2.1503,35.098],[-2.1512,35.0981],[-2.1512,35.0989],[-2.1515,35.0994],[-2.1524,35.0992],[-2.1525,35.0996],[-2.1531,35.0998],[-2.1537,35.0999],[-2.1532,35.1004],[-2.1536,35.1009],[-2.1541,35.1018],[-2.1544,35.1025],[-2.1541,35.1028],[-2.1545,35.103],[-2.1547,35.1033],[-2.1546,35.1028],[-2.1549,35.1022],[-2.1548,35.102],[-2.1553,35.1016],[-2.1555,35.1016],[-2.1558,35.1014],[-2.1557,35.1013],[-2.1558,35.1012],[-2.1562,35.101],[-2.1561,35.1008],[-2.1568,35.1007],[-2.157,35.1005],[-2.1574,35.1003],[-2.1577,35.1004],[-2.1578,35.1006],[-2.1576,35.1008],[-2.1577,35.1008],[-2.1577,35.1009],[-2.1577,35.101],[-2.1575,35.101],[-2.1576,35.1011],[-2.1574,35.1012],[-2.1577,35.1015],[-2.1582,35.1014],[-2.1587,35.1013],[-2.159,35.101],[-2.1603,35.1005],[-2.1609,35.1004],[-2.1612,35.0999],[-2.1614,35.0998],[-2.1616,35.1],[-2.1618,35.1],[-2.1619,35.0999],[-2.162,35.0998],[-2.162,35.0996],[-2.1619,35.0995],[-2.1619,35.0994],[-2.1619,35.0992],[-2.1618,35.0991],[-2.1619,35.099],[-2.162,35.0986],[-2.1618,35.0985],[-2.1616,35.0986],[-2.1614,35.0985],[-2.1618,35.0983],[-2.1618,35.0982],[-2.1615,35.0982],[-2.1615,35.0981],[-2.1617,35.0981],[-2.162,35.098],[-2.1621,35.0979],[-2.1619,35.0979],[-2.162,35.0978],[-2.1619,35.0977],[-2.1621,35.0977],[-2.1622,35.0976],[-2.1623,35.0977],[-2.1622,35.0974],[-2.1626,35.0976],[-2.1626,35.0976],[-2.1627,35.0974],[-2.1629,35.0975],[-2.1631,35.0975],[-2.1635,35.0974],[-2.1639,35.0973],[-2.1642,35.097],[-2.1648,35.097],[-2.1651,35.0971],[-2.1651,35.097],[-2.1651,35.0969],[-2.1654,35.0968],[-2.1659,35.0969],[-2.1659,35.0972],[-2.1662,35.0974],[-2.1663,35.0972],[-2.1662,35.097],[-2.1667,35.0971],[-2.1668,35.0972],[-2.1669,35.0973],[-2.1668,35.0974],[-2.1669,35.0975],[-2.1669,35.0974],[-2.167,35.0976],[-2.1667,35.0978],[-2.1667,35.0978],[-2.1669,35.0978],[-2.167,35.0978],[-2.1671,35.0978],[-2.1671,35.0979],[-2.1673,35.0979],[-2.1672,35.0979],[-2.1671,35.098],[-2.167,35.0981],[-2.167,35.0982],[-2.1671,35.0982],[-2.1668,35.0983],[-2.1666,35.0984],[-2.1665,35.0986],[-2.1668,35.0985],[-2.167,35.0984],[-2.1672,35.0983],[-2.1672,35.0984],[-2.1673,35.0984],[-2.1674,35.0982],[-2.1676,35.098],[-2.1681,35.0977],[-2.1682,35.0977],[-2.1686,35.0976],[-2.1687,35.0977],[-2.1689,35.0977],[-2.169,35.0978],[-2.1691,35.0979],[-2.1692,35.0979],[-2.1693,35.0978],[-2.1693,35.0977],[-2.1692,35.0977],[-2.1691,35.0977],[-2.1692,35.0976],[-2.1693,35.0977],[-2.1694,35.0976],[-2.1695,35.0976],[-2.1698,35.0976],[-2.1698,35.0978],[-2.1696,35.0983],[-2.1695,35.0983],[-2.1695,35.0983],[-2.1694,35.0985],[-2.1694,35.0985],[-2.1693,35.0986],[-2.1693,35.0986],[-2.1695,35.0987],[-2.1697,35.0987],[-2.1698,35.0987],[-2.1698,35.0988],[-2.1697,35.099],[-2.1697,35.0991],[-2.1695,35.0992],[-2.1695,35.0993],[-2.1697,35.0993],[-2.1697,35.0993],[-2.1699,35.0991],[-2.1698,35.0991],[-2.1699,35.099],[-2.17,35.0989],[-2.1702,35.0987],[-2.1703,35.0987],[-2.1703,35.0986],[-2.1703,35.0986],[-2.1702,35.0986],[-2.1701,35.0984],[-2.1701,35.0982],[-2.1701,35.0981],[-2.1701,35.098],[-2.1701,35.0978],[-2.1701,35.0976],[-2.1698,35.0975],[-2.1697,35.0975],[-2.1696,35.0973],[-2.1694,35.0971],[-2.1694,35.0969],[-2.1693,35.0967],[-2.1691,35.0967],[-2.1691,35.0965],[-2.1689,35.0965],[-2.1689,35.0963],[-2.169,35.0961],[-2.1692,35.0958],[-2.1694,35.0956],[-2.1696,35.0956],[-2.1699,35.0956],[-2.17,35.0954],[-2.1704,35.0952],[-2.1707,35.0953],[-2.1708,35.095],[-2.1705,35.0946],[-2.1705,35.0945],[-2.171,35.0942],[-2.1711,35.0941],[-2.1712,35.0941],[-2.1712,35.0938],[-2.1713,35.0938],[-2.1712,35.0937],[-2.1713,35.0935],[-2.1715,35.0936],[-2.1718,35.0936],[-2.1721,35.0935],[-2.1724,35.0934],[-2.1725,35.0932],[-2.1726,35.0932],[-2.1729,35.093],[-2.1729,35.0929],[-2.1729,35.0928],[-2.173,35.0928],[-2.1732,35.0926],[-2.173,35.0924],[-2.1732,35.0924],[-2.1733,35.0922],[-2.1738,35.0922],[-2.1734,35.0921],[-2.1736,35.0919],[-2.1738,35.0918],[-2.1739,35.0918],[-2.1741,35.0917],[-2.1744,35.0914],[-2.1743,35.091],[-2.1745,35.0909],[-2.1747,35.0908],[-2.1749,35.091],[-2.175,35.0909],[-2.175,35.0905],[-2.1751,35.0904],[-2.1753,35.0902],[-2.1755,35.0901],[-2.1754,35.09],[-2.1757,35.0899],[-2.1758,35.0899],[-2.1759,35.0899],[-2.176,35.0898],[-2.176,35.0899],[-2.1759,35.0901],[-2.1759,35.0901],[-2.1759,35.0903],[-2.176,35.0903],[-2.1763,35.0902],[-2.1763,35.0901],[-2.1766,35.09],[-2.1768,35.0901],[-2.1769,35.0901],[-2.1772,35.0899],[-2.1775,35.0899],[-2.1776,35.09],[-2.1778,35.09],[-2.1779,35.0901],[-2.1776,35.0904],[-2.1775,35.0907],[-2.1778,35.0908],[-2.1782,35.0904],[-2.1784,35.0902],[-2.1782,35.09],[-2.1781,35.0898],[-2.1781,35.0898],[-2.1781,35.0897],[-2.1782,35.0897],[-2.1782,35.0896],[-2.1782,35.0895],[-2.1785,35.0892],[-2.1788,35.0891],[-2.179,35.0892],[-2.1791,35.089],[-2.1793,35.0889],[-2.1795,35.0892],[-2.1796,35.0891],[-2.1796,35.089],[-2.1797,35.089],[-2.1797,35.0891],[-2.1798,35.0892],[-2.1799,35.0892],[-2.1801,35.0891],[-2.1802,35.0892],[-2.1801,35.0894],[-2.1803,35.0896],[-2.1806,35.0896],[-2.1809,35.0897],[-2.1812,35.0899],[-2.1814,35.0898],[-2.182,35.0892],[-2.1822,35.0889],[-2.1822,35.0885],[-2.1819,35.0886],[-2.182,35.0884],[-2.182,35.0883],[-2.1825,35.088],[-2.1824,35.0878],[-2.1822,35.0877],[-2.1821,35.0878],[-2.182,35.0877],[-2.1822,35.0874],[-2.1826,35.0873],[-2.1828,35.087],[-2.1829,35.0868],[-2.1826,35.0867],[-2.1827,35.0865],[-2.183,35.0863],[-2.1835,35.0862],[-2.1841,35.086],[-2.1845,35.086],[-2.185,35.086],[-2.1856,35.0861],[-2.186,35.0862],[-2.1868,35.0865],[-2.187,35.0868],[-2.1871,35.087],[-2.1868,35.0872],[-2.1867,35.0875],[-2.1866,35.0875],[-2.1866,35.0875],[-2.1863,35.0876],[-2.1864,35.0877],[-2.1865,35.0878],[-2.1867,35.0879],[-2.1868,35.0879],[-2.187,35.0879],[-2.1869,35.0877],[-2.1871,35.0878],[-2.1872,35.0878],[-2.1872,35.0878],[-2.1872,35.0877],[-2.1874,35.0877],[-2.1875,35.0878],[-2.1876,35.0877],[-2.1876,35.0877],[-2.1874,35.0876],[-2.1875,35.0875],[-2.1877,35.0875],[-2.1878,35.0875],[-2.188,35.0874],[-2.1881,35.0874],[-2.1881,35.0872],[-2.1881,35.0872],[-2.1883,35.0872],[-2.1884,35.0872],[-2.1885,35.0872],[-2.1884,35.0871],[-2.1882,35.087],[-2.188,35.0869],[-2.188,35.0868],[-2.188,35.0867],[-2.1881,35.0866],[-2.1887,35.0863],[-2.1891,35.0862],[-2.19,35.0862],[-2.1904,35.0862],[-2.191,35.0866],[-2.1912,35.0869],[-2.191,35.0869],[-2.1906,35.0872],[-2.1907,35.0874],[-2.1909,35.0874],[-2.191,35.0874],[-2.1909,35.0875],[-2.1909,35.0876],[-2.191,35.0877],[-2.1911,35.0877],[-2.1912,35.0878],[-2.1913,35.0878],[-2.1912,35.0878],[-2.1915,35.0879],[-2.1918,35.0879],[-2.1915,35.0881],[-2.1915,35.0882],[-2.1915,35.0884],[-2.1919,35.0885],[-2.1922,35.0884],[-2.1924,35.0883],[-2.1926,35.0883],[-2.1927,35.0883],[-2.1928,35.0883],[-2.193,35.0882],[-2.1933,35.0881],[-2.1934,35.0879],[-2.1935,35.0879],[-2.1936,35.0879],[-2.1936,35.0879],[-2.1939,35.0879],[-2.194,35.0879],[-2.194,35.0879],[-2.1941,35.0878],[-2.194,35.0877],[-2.1941,35.0876],[-2.1943,35.0876],[-2.1943,35.0873],[-2.1943,35.0872],[-2.1944,35.0872],[-2.1945,35.0868],[-2.1947,35.0867],[-2.1949,35.0864],[-2.1949,35.0863],[-2.1951,35.0863],[-2.1952,35.0863],[-2.1955,35.0866],[-2.196,35.087],[-2.1963,35.0872],[-2.1964,35.0872],[-2.1965,35.0871],[-2.1966,35.0871],[-2.1964,35.087],[-2.1963,35.087],[-2.1961,35.0868],[-2.1961,35.0867],[-2.1956,35.0862],[-2.1957,35.0861],[-2.1958,35.0861],[-2.1959,35.086],[-2.196,35.0858],[-2.1961,35.0857],[-2.1961,35.0857],[-2.1962,35.0857],[-2.1962,35.0857],[-2.1962,35.0856],[-2.1963,35.0855],[-2.1964,35.0854],[-2.1966,35.0854],[-2.1967,35.0854],[-2.1967,35.0854],[-2.1968,35.0855],[-2.1968,35.0855],[-2.1969,35.0854],[-2.1969,35.0853],[-2.1972,35.0859],[-2.197,35.086],[-2.197,35.0861],[-2.1974,35.0859],[-2.1973,35.0852],[-2.1977,35.0852],[-2.1978,35.0859],[-2.1979,35.0858],[-2.1978,35.0851],[-2.1981,35.0851],[-2.1983,35.0866],[-2.1979,35.0873],[-2.1956,35.0879],[-2.1956,35.0878],[-2.1953,35.0879],[-2.1954,35.0882],[-2.1981,35.0875],[-2.1987,35.0866],[-2.1987,35.0866],[-2.1984,35.0848],[-2.1987,35.0847],[-2.199,35.0845],[-2.1993,35.0844],[-2.1993,35.0844],[-2.2001,35.0842],[-2.2009,35.084],[-2.2023,35.0841],[-2.204,35.084],[-2.2048,35.084],[-2.2059,35.0841],[-2.2065,35.0842],[-2.2072,35.0843],[-2.2079,35.0844],[-2.2083,35.0845],[-2.2093,35.0846],[-2.2097,35.0846],[-2.2124,35.0797],[-2.2138,35.0736],[-2.2155,35.066],[-2.2155,35.066],[-2.215,35.0645],[-2.213,35.0586],[-2.2114,35.0563],[-2.2083,35.0518],[-2.1877,35.0393],[-2.1771,35.0231],[-2.1704,35.0189],[-2.1682,35.0175],[-2.163,35.0165],[-2.1578,35.0155],[-2.1548,35.015],[-2.1548,35.0149],[-2.1453,35.0067],[-2.1334,35.001],[-2.1252,34.997],[-2.1193,34.9895],[-2.1152,34.9843],[-2.1152,34.9843],[-2.1093,34.9804],[-2.0916,34.9687],[-2.0886,34.9653],[-2.0791,34.955],[-2.0791,34.955],[-2.0516,34.9391],[-2.0406,34.9351],[-2.0333,34.9325],[-2.0204,34.9332],[-2.0166,34.9334],[-2.0094,34.932],[-2.0093,34.932],[-1.9868,34.9366],[-1.9857,34.9364],[-1.9832,34.936],[-1.9819,34.9348],[-1.9811,34.934],[-1.9797,34.9234],[-1.976,34.8953],[-1.9759,34.8945],[-1.9744,34.8907],[-1.9708,34.882],[-1.963,34.8748],[-1.9075,34.8509],[-1.9038,34.8505],[-1.9025,34.8494],[-1.8992,34.8465],[-1.8929,34.8296],[-1.8897,34.821],[-1.8828,34.8122],[-1.8751,34.8098],[-1.8702,34.8083],[-1.8686,34.8086],[-1.8665,34.8091],[-1.8534,34.8066],[-1.8403,34.797],[-1.8263,34.7918],[-1.8213,34.7899],[-1.8152,34.7836],[-1.8152,34.7836],[-1.8131,34.7824],[-1.8093,34.7802],[-1.809,34.7801],[-1.7649,34.7624],[-1.7464,34.755],[-1.7458,34.754],[-1.7454,34.7532],[-1.7454,34.7532],[-1.7475,34.7479],[-1.7605,34.743],[-1.7698,34.7368],[-1.7759,34.7328],[-1.7759,34.7328],[-1.7761,34.7248],[-1.7765,34.7087],[-1.8103,34.669],[-1.8472,34.6255],[-1.8472,34.6255],[-1.8466,34.6213],[-1.837,34.6222],[-1.8239,34.6163],[-1.7738,34.5497],[-1.7738,34.5497],[-1.7732,34.5491],[-1.7644,34.5404],[-1.7603,34.5379],[-1.757,34.5359],[-1.7528,34.5292],[-1.7494,34.5238],[-1.7494,34.5238],[-1.733,34.5139],[-1.733,34.5139],[-1.727,34.5122],[-1.6953,34.503],[-1.6914,34.5003],[-1.6914,34.5003],[-1.6918,34.4976],[-1.6921,34.4972],[-1.7743,34.4045],[-1.7807,34.3973],[-1.7816,34.3951],[-1.7819,34.3943],[-1.7795,34.384],[-1.7795,34.384],[-1.7789,34.3834],[-1.7617,34.3655],[-1.7617,34.3655],[-1.7537,34.3508],[-1.7537,34.3508],[-1.7045,34.3101],[-1.7049,34.3033],[-1.7104,34.2907],[-1.7074,34.2718],[-1.7122,34.2572],[-1.7127,34.2536],[-1.7134,34.2487],[-1.7124,34.238],[-1.7083,34.227],[-1.6652,34.1445],[-1.6453,34.1065],[-1.6458,34.1038],[-1.6785,33.9508],[-1.6973,33.8705],[-1.6683,33.7728],[-1.7278,33.7344],[-1.7333,33.7136],[-1.737,33.6998],[-1.7098,33.688],[-1.7064,33.6835],[-1.7057,33.6786],[-1.7022,33.6764],[-1.6948,33.6748],[-1.6781,33.675],[-1.66,33.6811],[-1.6587,33.6815],[-1.6504,33.68],[-1.6466,33.6777],[-1.6435,33.6744],[-1.6432,33.6704],[-1.6431,33.6688],[-1.6377,33.6535],[-1.6324,33.6382],[-1.6275,33.628],[-1.6234,33.6242],[-1.6127,33.62],[-1.6029,33.6195],[-1.5991,33.6171],[-1.5969,33.6157],[-1.594,33.6084],[-1.5933,33.6055],[-1.5949,33.5972],[-1.5976,33.5934],[-1.5986,33.592],[-1.5981,33.5912],[-1.5955,33.5877],[-1.5977,33.5807],[-1.5986,33.5777],[-1.5954,33.5753],[-1.5947,33.5755],[-1.5917,33.5764],[-1.5884,33.5743],[-1.5935,33.5669],[-1.5942,33.5628],[-1.5945,33.5579],[-1.6019,33.5569],[-1.6013,33.5549],[-1.5992,33.5472],[-1.594,33.5392],[-1.5936,33.5392],[-1.5925,33.5392],[-1.5872,33.5327],[-1.5866,33.5291],[-1.5939,33.5212],[-1.599,33.5123],[-1.6012,33.5051],[-1.6195,33.4874],[-1.6196,33.4873],[-1.6193,33.4768],[-1.6181,33.4761],[-1.6161,33.4748],[-1.6164,33.4712],[-1.6183,33.4678],[-1.6194,33.4659],[-1.6234,33.4602],[-1.6225,33.4592],[-1.6196,33.4561],[-1.62,33.4471],[-1.6269,33.4378],[-1.6264,33.4315],[-1.6326,33.4272],[-1.6425,33.4235],[-1.6433,33.4227],[-1.6453,33.4207],[-1.6456,33.4181],[-1.647,33.4069],[-1.6536,33.3986],[-1.6592,33.3808],[-1.6618,33.3773],[-1.6619,33.366],[-1.662,33.35],[-1.6568,33.3372],[-1.66,33.3195],[-1.6586,33.3133],[-1.6582,33.3117],[-1.6579,33.3074],[-1.658,33.3004],[-1.6638,33.2942],[-1.6641,33.2871],[-1.6689,33.2817],[-1.6646,33.2699],[-1.6645,33.2698],[-1.6644,33.2696],[-1.6637,33.2689],[-1.661,33.2658],[-1.6556,33.2552],[-1.6439,33.249],[-1.6418,33.2469],[-1.6403,33.2455],[-1.6396,33.2434],[-1.6374,33.2368],[-1.6262,33.2201],[-1.6227,33.2177],[-1.6146,33.2165],[-1.6045,33.2101],[-1.5988,33.2038],[-1.5971,33.202],[-1.5972,33.2009],[-1.5978,33.1943],[-1.5893,33.1859],[-1.5884,33.1851],[-1.5822,33.1741],[-1.5809,33.1699],[-1.5777,33.1596],[-1.5744,33.1498],[-1.5727,33.146],[-1.5651,33.1409],[-1.5558,33.1302],[-1.5418,33.12],[-1.5353,33.1153],[-1.5354,33.1136],[-1.5356,33.1109],[-1.5341,33.108],[-1.5163,33.0984],[-1.5132,33.0946],[-1.5067,33.0925],[-1.4987,33.0921],[-1.484,33.0816],[-1.4824,33.081],[-1.4758,33.0784],[-1.4612,33.0437],[-1.4638,33.0361],[-1.4696,33.0315],[-1.4741,33.0212],[-1.4734,33.006],[-1.4734,33.0058],[-1.4705,33.0038],[-1.4722,33.0002],[-1.481,32.9785],[-1.4882,32.9724],[-1.4931,32.9661],[-1.5085,32.9691],[-1.5298,32.961],[-1.5361,32.9598],[-1.5431,32.9585],[-1.5401,32.9544],[-1.5134,32.9186],[-1.479,32.8726],[-1.3815,32.7421],[-1.3651,32.7353],[-1.3351,32.7227],[-1.2888,32.7032],[-1.2688,32.6949],[-1.1061,32.5885],[-1.0285,32.5378],[-1.0019,32.5208],[-1.0015,32.5206],[-0.9989,32.5189],[-0.9978,32.5152],[-1.0014,32.5063],[-1.0165,32.4968],[-1.0264,32.4871],[-1.033,32.4827],[-1.0401,32.4787],[-1.0457,32.4741],[-1.0464,32.4655],[-1.0591,32.4593],[-1.0615,32.452],[-1.0735,32.4463],[-1.0955,32.4354],[-1.0982,32.4264],[-1.1092,32.426],[-1.1176,32.4232],[-1.1208,32.4209],[-1.122,32.4156],[-1.1319,32.4118],[-1.1373,32.4145],[-1.1402,32.4159],[-1.1455,32.4167],[-1.1591,32.4161],[-1.1759,32.4116],[-1.1775,32.4095],[-1.189,32.4063],[-1.1939,32.4026],[-1.1997,32.3977],[-1.2054,32.3927],[-1.2054,32.3908],[-1.2048,32.3903],[-1.2014,32.3876],[-1.2061,32.3807],[-1.2075,32.3691],[-1.2122,32.3636],[-1.2212,32.3418],[-1.2221,32.3409],[-1.2288,32.3365],[-1.238,32.3333],[-1.2462,32.3294],[-1.2483,32.3257],[-1.249,32.3245],[-1.2477,32.3178],[-1.2448,32.3152],[-1.2368,32.3127],[-1.2357,32.3104],[-1.2351,32.3092],[-1.2345,32.2965],[-1.2347,32.2892],[-1.2423,32.2692],[-1.2423,32.2574],[-1.2469,32.253],[-1.2475,32.2433],[-1.245,32.2331],[-1.2433,32.2261],[-1.2422,32.2086],[-1.2404,32.2048],[-1.2566,32.1998],[-1.2667,32.189],[-1.2721,32.1871],[-1.2797,32.1791],[-1.2898,32.1739],[-1.2957,32.1726],[-1.3001,32.1659],[-1.2953,32.1611],[-1.2849,32.1592],[-1.2723,32.1636],[-1.2654,32.1617],[-1.2557,32.1657],[-1.2473,32.1651],[-1.2368,32.1676],[-1.2338,32.1686],[-1.2303,32.1726],[-1.2244,32.1749],[-1.2151,32.1752],[-1.1955,32.1703],[-1.1929,32.1694],[-1.1833,32.1659],[-1.1804,32.163],[-1.177,32.1571],[-1.1688,32.1344],[-1.1535,32.1283],[-1.1562,32.1221],[-1.1562,32.1181],[-1.1531,32.1108],[-1.1619,32.1102],[-1.1676,32.1064],[-1.1817,32.103],[-1.1932,32.0952],[-1.2014,32.0858],[-1.2319,32.0794],[-1.2418,32.0755],[-1.2591,32.0757],[-1.2707,32.0855],[-1.2776,32.0836],[-1.2936,32.0841],[-1.3177,32.0812],[-1.3355,32.082],[-1.3474,32.0887],[-1.3729,32.0884],[-1.3774,32.0844],[-1.3833,32.086],[-1.396,32.0855],[-1.4154,32.0871],[-1.422,32.0897],[-1.4305,32.0887],[-1.4361,32.0929],[-1.4499,32.0921],[-1.4581,32.094],[-1.4785,32.0953],[-1.5797,32.0924],[-1.599,32.0948],[-1.6158,32.1009],[-1.6452,32.1088],[-1.6601,32.1088],[-1.6885,32.116],[-1.6996,32.1157],[-1.7071,32.1139],[-1.7158,32.1152],[-1.7235,32.121],[-1.7376,32.1229],[-1.75,32.1218],[-1.7577,32.124],[-1.7686,32.1309],[-1.7763,32.1309],[-1.7827,32.1358],[-1.7845,32.1372],[-1.7936,32.1372],[-1.7991,32.1372],[-1.8003,32.1381],[-1.8026,32.1399],[-1.8241,32.1476],[-1.8363,32.147],[-1.8477,32.1486],[-1.8701,32.1474],[-1.8716,32.1473],[-1.8717,32.1474],[-1.8772,32.151],[-1.8873,32.1534],[-1.8928,32.1608],[-1.9101,32.1646],[-1.9199,32.1627],[-1.9226,32.155],[-1.9292,32.1508],[-1.9382,32.1575],[-1.9387,32.1579],[-1.9748,32.1593],[-1.9839,32.1715],[-1.9892,32.1749],[-1.9998,32.1768],[-2.0162,32.1757],[-2.043,32.1635],[-2.0706,32.1587],[-2.0797,32.1571],[-2.0903,32.15],[-2.1367,32.1388],[-2.1492,32.1404],[-2.1596,32.1396],[-2.1909,32.1439],[-2.2339,32.1571],[-2.2463,32.1582],[-2.2546,32.1563],[-2.2631,32.1582],[-2.2684,32.1622],[-2.2777,32.1606],[-2.2827,32.1558],[-2.3013,32.1534],[-2.3281,32.1555],[-2.3628,32.1582],[-2.3973,32.1577],[-2.4478,32.1601],[-2.474,32.1529],[-2.4878,32.1515],[-2.5157,32.1486],[-2.5346,32.1481],[-2.5388,32.146],[-2.556,32.1298],[-2.5566,32.1293],[-2.5728,32.1242],[-2.5937,32.1115],[-2.6318,32.1173],[-2.6426,32.1189],[-2.6866,32.1147],[-2.74,32.1139],[-2.757,32.1173],[-2.7829,32.1145],[-2.7838,32.1144],[-2.7851,32.1146],[-2.8071,32.1181],[-2.8333,32.1143],[-2.836,32.1139],[-2.8404,32.114],[-2.857,32.1144],[-2.865,32.1168],[-2.8724,32.1147],[-2.8825,32.1149],[-2.892,32.1192],[-2.903,32.1191],[-2.9051,32.1116],[-2.9089,32.1049],[-2.9165,32.0977],[-2.9178,32.0937],[-2.9171,32.0832],[-2.9211,32.0771],[-2.9226,32.0628],[-2.9231,32.0609],[-2.928,32.0409],[-2.928,32.0282],[-2.9173,32.017],[-2.9113,32.0013],[-2.9064,31.9966],[-2.8977,31.9762],[-2.8831,31.9626],[-2.8815,31.9555],[-2.8818,31.9461],[-2.8777,31.9353],[-2.8713,31.9234],[-2.8563,31.9052],[-2.8518,31.8939],[-2.8434,31.8839],[-2.8386,31.8609],[-2.8419,31.8364],[-2.842,31.8359],[-2.8382,31.8286],[-2.8315,31.8262],[-2.8229,31.8138],[-2.8223,31.8008],[-2.8246,31.8004],[-3.1364,31.7388],[-3.1611,31.7339],[-3.6665,31.634],[-3.6683,31.4078],[-3.6685,31.3828],[-3.6686,31.3807],[-3.6689,31.376],[-3.6733,31.3707],[-3.6802,31.3662],[-3.6869,31.3653],[-3.6923,31.3607],[-3.7042,31.3607],[-3.7084,31.3572],[-3.71,31.3461],[-3.7215,31.3382],[-3.7332,31.3374],[-3.7384,31.3441],[-3.7399,31.3532],[-3.7474,31.358],[-3.7544,31.3441],[-3.7494,31.3363],[-3.753,31.3324],[-3.7594,31.3344],[-3.7628,31.333],[-3.7627,31.3299],[-3.7582,31.3288],[-3.7581,31.3158],[-3.762,31.3063],[-3.7766,31.2994],[-3.7839,31.2929],[-3.7849,31.2897],[-3.7825,31.2858],[-3.7788,31.2858],[-3.7762,31.2925],[-3.7712,31.2951],[-3.7684,31.2897],[-3.7733,31.2842],[-3.7732,31.2818],[-3.7718,31.2784],[-3.7694,31.277],[-3.7626,31.2768],[-3.7573,31.283],[-3.7526,31.2824],[-3.752,31.2782],[-3.7546,31.2642],[-3.7571,31.2601],[-3.7632,31.256],[-3.7732,31.2543],[-3.7741,31.2508],[-3.7724,31.2433],[-3.7741,31.2404],[-3.7779,31.2382],[-3.7822,31.2385],[-3.785,31.2368],[-3.7857,31.2329],[-3.7846,31.2288],[-3.7812,31.2266],[-3.7703,31.2279],[-3.7682,31.227],[-3.7666,31.2226],[-3.7676,31.2145],[-3.7628,31.2001],[-3.7603,31.1828],[-3.7542,31.1799],[-3.7617,31.164],[-3.7709,31.1517],[-3.7726,31.1425],[-3.7722,31.1302],[-3.7707,31.1229],[-3.7676,31.1217],[-3.757,31.1259],[-3.7503,31.1257],[-3.7444,31.1255],[-3.7378,31.1234],[-3.7334,31.1152],[-3.7294,31.1217],[-3.7298,31.1279],[-3.7282,31.1355],[-3.7278,31.1375],[-3.7376,31.1413],[-3.7396,31.1451],[-3.7363,31.1471],[-3.7236,31.1451],[-3.7215,31.1503],[-3.7115,31.1582],[-3.7136,31.1615],[-3.7129,31.1701],[-3.7058,31.1759],[-3.6985,31.1757],[-3.6996,31.1674],[-3.6967,31.1659],[-3.6937,31.1697],[-3.6879,31.1695],[-3.6764,31.1634],[-3.6687,31.1532],[-3.6706,31.1279],[-3.667,31.1206],[-3.6714,31.1094],[-3.6708,31.1052],[-3.6741,31.0929],[-3.67,31.0889],[-3.6583,31.0906],[-3.6422,31.0902],[-3.637,31.1004],[-3.6437,31.1075],[-3.6474,31.1161],[-3.6485,31.1284],[-3.6472,31.1401],[-3.6401,31.1486],[-3.6347,31.14],[-3.6372,31.1261],[-3.6358,31.1169],[-3.6295,31.106],[-3.6193,31.1186],[-3.6149,31.1217],[-3.6141,31.1096],[-3.6109,31.1033],[-3.6068,31.1021],[-3.6043,31.0987],[-3.6072,31.094],[-3.6014,31.0764],[-3.5943,31.0798],[-3.5909,31.0756],[-3.5913,31.0558],[-3.5875,31.0569],[-3.5778,31.0493],[-3.573,31.0497],[-3.5594,31.0562],[-3.5596,31.0608],[-3.555,31.0664],[-3.5494,31.0664],[-3.5473,31.0614],[-3.5492,31.0508],[-3.5477,31.0439],[-3.5398,31.0378],[-3.54,31.0278],[-3.5336,31.0136],[-3.535,31.0036],[-3.5377,31.0001],[-3.5372,30.9937],[-3.5347,30.9901],[-3.5351,30.9839],[-3.5394,30.9839],[-3.5415,30.9779],[-3.5355,30.9749],[-3.537,30.9704],[-3.547,30.969],[-3.5473,30.9689],[-3.5472,30.9686],[-3.5458,30.9649],[-3.5417,30.9604],[-3.5372,30.9612],[-3.5377,30.955],[-3.5447,30.9546],[-3.543,30.9488],[-3.5488,30.942],[-3.5466,30.938],[-3.5494,30.9345],[-3.5558,30.9343],[-3.5547,30.9288],[-3.5571,30.9262],[-3.5626,30.9256],[-3.5648,30.9275],[-3.5639,30.9297],[-3.5649,30.9305],[-3.5661,30.9317],[-3.5722,30.9301],[-3.5738,30.9286],[-3.5736,30.9246],[-3.5757,30.9197],[-3.5814,30.9162],[-3.5833,30.9126],[-3.5838,30.9085],[-3.5848,30.8998],[-3.5888,30.893],[-3.5986,30.8892],[-3.6012,30.8865],[-3.6047,30.8789],[-3.6142,30.8657],[-3.6203,30.8632],[-3.6306,30.8642],[-3.6331,30.8627],[-3.6393,30.8527],[-3.6481,30.8495],[-3.6506,30.844],[-3.6502,30.836],[-3.6508,30.8259],[-3.6512,30.8198],[-3.6483,30.8081],[-3.6549,30.8011],[-3.657,30.7936],[-3.6589,30.7844],[-3.6573,30.7734],[-3.6538,30.7693],[-3.6489,30.768],[-3.6472,30.7707],[-3.6429,30.7729],[-3.6361,30.7716],[-3.6231,30.7639],[-3.621,30.7578],[-3.6203,30.7422],[-3.617,30.7319],[-3.6258,30.7262],[-3.6292,30.7222],[-3.6374,30.699],[-3.694,30.6792],[-3.841,30.6276],[-3.9834,30.5959],[-4.1484,30.5846],[-4.3229,30.5282],[-4.5997,30.2887],[-4.9352,30.1403],[-5.103,30.0231],[-5.131,30.0036],[-5.1466,29.9927],[-5.2498,29.9206],[-5.2552,29.9117],[-5.2775,29.902],[-5.3011,29.8758],[-5.303,29.8728],[-5.3042,29.865],[-5.3133,29.8526],[-5.3288,29.8385],[-5.3295,29.8341],[-5.3234,29.8221],[-5.3226,29.8098],[-5.3189,29.7958],[-5.3196,29.7861],[-5.3219,29.78],[-5.5025,29.5603],[-5.5549,29.4966],[-5.5674,29.4863],[-5.611,29.4906],[-5.6421,29.4992],[-5.6769,29.5314],[-5.6803,29.5369],[-5.6861,29.5391],[-5.6904,29.5362],[-5.6997,29.5251],[-5.7093,29.5182],[-5.7128,29.5172],[-5.7258,29.5199],[-5.7301,29.5193],[-5.7372,29.5136],[-5.7414,29.513],[-5.7458,29.5144],[-5.7479,29.5162],[-5.7497,29.5222],[-5.7482,29.535],[-5.7216,29.5735],[-5.7193,29.5821],[-5.7211,29.5882],[-5.7912,29.6137],[-5.8042,29.6141],[-5.8364,29.6071],[-5.8671,29.6035],[-5.8809,29.5862],[-5.884,29.5941],[-5.9226,29.5953],[-5.9608,29.587],[-5.9969,29.5766],[-6.0019,29.5804],[-6.012,29.5797],[-6.0201,29.5731],[-6.0302,29.5754],[-6.0634,29.5627],[-6.1021,29.5681],[-6.1566,29.5808],[-6.1968,29.5843],[-6.2397,29.5681],[-6.2584,29.5684],[-6.2892,29.5688],[-6.2989,29.5654],[-6.317,29.57],[-6.3437,29.5665],[-6.3704,29.5696],[-6.3901,29.5569],[-6.4001,29.5611],[-6.4233,29.5638],[-6.4628,29.5634],[-6.4682,29.5572],[-6.484,29.553],[-6.5231,29.5197],[-6.5517,29.524],[-6.5691,29.5209],[-6.6,29.5267],[-6.6136,29.5275],[-6.6255,29.5213],[-6.6491,29.5197],[-6.6639,29.5151],[-6.688,29.5146],[-6.7014,29.5115],[-6.709,29.5083],[-6.7217,29.5001],[-6.7351,29.4851],[-6.7467,29.4748],[-6.7608,29.4668],[-6.7755,29.4621],[-6.7991,29.4614],[-6.828,29.4666],[-6.8354,29.4662],[-6.8499,29.4744],[-6.8598,29.4834],[-6.885,29.4826],[-6.9065,29.5002],[-6.9306,29.4956],[-6.9671,29.4957],[-6.9711,29.4962],[-6.9745,29.4998],[-6.9811,29.5035],[-6.9904,29.5043],[-6.9993,29.503],[-7.0235,29.493],[-7.0288,29.5005],[-7.0357,29.4968],[-7.0448,29.5002],[-7.0602,29.5012],[-7.1017,29.5232],[-7.1202,29.5257],[-7.1205,29.5197],[-7.132,29.5194],[-7.1398,29.5211],[-7.1509,29.5203],[-7.1915,29.5013],[-7.2283,29.4862],[-7.2542,29.4719],[-7.2893,29.4437],[-7.314,29.4166],[-7.3392,29.3964],[-7.3449,29.3928],[-7.3813,29.3802],[-7.392,29.3785],[-7.4113,29.38],[-7.4675,29.3657],[-7.4844,29.363],[-7.5318,29.3628],[-7.5838,29.3752],[-7.5948,29.3748],[-7.6144,29.3674],[-7.6226,29.3605],[-7.6249,29.3569],[-7.6289,29.3299],[-7.6323,29.3219],[-7.6391,29.3127],[-7.6492,29.3042],[-7.6612,29.3004],[-7.6804,29.2967],[-7.6981,29.288],[-7.7103,29.2851],[-7.718,29.2796],[-7.727,29.2786],[-7.773,29.2588],[-7.7867,29.2506],[-7.8227,29.2224],[-7.8602,29.2014],[-7.8814,29.1928],[-7.8855,29.1894],[-7.8904,29.1894],[-7.9557,29.1402],[-7.9597,29.1296],[-7.9972,29.1071],[-8.0866,29.0604],[-8.1049,29.0482],[-8.1263,29.0373],[-8.1457,29.0238],[-8.1712,29.0022],[-8.2002,28.9982],[-8.2233,28.9897],[-8.2321,28.9828],[-8.2544,28.9605],[-8.2835,28.9443],[-8.3215,28.9156],[-8.3476,28.8959],[-8.3722,28.8751],[-8.4344,28.814],[-8.4518,28.8017],[-8.4637,28.7956],[-8.551,28.7604],[-8.585,28.7437],[-8.652,28.7165],[-8.6666,28.7135],[-8.6666,28.3086],[-8.6666,27.662],[-8.6667,27.3127],[-7.8554,26.8322],[-7.6667,26.7204],[-6.75,26.1701],[-5.75,25.5621],[-5.6823,25.5204],[-4.8472,25.0061],[-4.8333,24.9976],[-4.8317,24.9966],[-4.3424,24.6828],[-3.8333,24.364],[-2.9167,23.7827],[-2.25,23.3563],[-1.6667,22.9804],[-1,22.5475],[-0.25,22.0563],[-0.0162,21.9019],[-0.0107,21.8983],[0.5,21.5609],[1.1172,21.1499],[1.1557,21.1242],[1.1616,21.1083],[1.1638,21.0869],[1.167,21.0802],[1.1706,21.0469],[1.1774,21.034],[1.1825,21.0236],[1.1903,20.9919],[1.1909,20.9871],[1.1932,20.9715],[1.1926,20.9635],[1.1907,20.9602],[1.1877,20.9549],[1.19,20.9512],[1.1911,20.9495],[1.1932,20.942],[1.1932,20.9362],[1.1879,20.9031],[1.1866,20.8672],[1.1695,20.8019],[1.1645,20.7903],[1.165,20.7497],[1.165,20.7448],[1.1667,20.7344],[1.1685,20.7308],[1.1744,20.7257],[1.179,20.724],[1.2131,20.7221],[1.2304,20.7226],[1.2363,20.724],[1.2387,20.727],[1.2394,20.7281],[1.2475,20.731],[1.2517,20.7326],[1.2601,20.7332],[1.2791,20.7328],[1.2891,20.7261],[1.292,20.726],[1.2961,20.7278],[1.3,20.7295],[1.3139,20.7315],[1.3213,20.7287],[1.3286,20.7234],[1.3403,20.7054],[1.3407,20.6977],[1.3444,20.696],[1.3508,20.693],[1.3551,20.6807],[1.3545,20.677],[1.3538,20.6731],[1.3548,20.6694],[1.363,20.6665],[1.3654,20.6679],[1.3707,20.6655],[1.3714,20.6649],[1.3871,20.6511],[1.4003,20.6568],[1.4035,20.657],[1.414,20.6537],[1.417,20.6488],[1.4549,20.6429],[1.4599,20.6385],[1.493,20.6241],[1.4961,20.6204],[1.5254,20.6139],[1.5343,20.6159],[1.5382,20.6131],[1.5479,20.6085],[1.5581,20.6092],[1.5591,20.6056],[1.5647,20.6051],[1.5695,20.607],[1.5711,20.6059],[1.577,20.5988],[1.5824,20.5978],[1.5878,20.5979],[1.5944,20.5968],[1.6023,20.5928],[1.6062,20.589],[1.6063,20.5793],[1.6114,20.573],[1.6175,20.5711],[1.6263,20.5717],[1.6294,20.5704],[1.6332,20.5641],[1.6392,20.5622],[1.6488,20.5496],[1.651,20.544],[1.6555,20.542],[1.6622,20.539],[1.6669,20.5306],[1.668,20.5255],[1.66,20.5144],[1.6596,20.5139],[1.6601,20.5132],[1.6614,20.5114],[1.6669,20.5113],[1.6669,20.5065],[1.662,20.4998],[1.6598,20.4969],[1.6606,20.4944],[1.6625,20.4948],[1.6655,20.4954],[1.6769,20.4855],[1.6761,20.4774],[1.6711,20.4737],[1.6708,20.462],[1.6676,20.4565],[1.6668,20.4535],[1.6662,20.451],[1.6674,20.4485],[1.6701,20.4425],[1.6771,20.4361],[1.6736,20.4245],[1.6693,20.4214],[1.6681,20.4205],[1.6663,20.4167],[1.6706,20.4083],[1.6694,20.3998],[1.6715,20.3981],[1.6802,20.3937],[1.6859,20.3944],[1.6911,20.3877],[1.6986,20.3858],[1.6971,20.3815],[1.6985,20.3791],[1.7089,20.3758],[1.7189,20.3642],[1.7341,20.3587],[1.7366,20.3509],[1.7391,20.3497],[1.7545,20.3511],[1.7556,20.3512],[1.7558,20.3503],[1.7583,20.3391],[1.7705,20.3331],[1.7762,20.3331],[1.776,20.3271],[1.7733,20.3182],[1.7765,20.3144],[1.7836,20.3097],[1.7864,20.3028],[1.7916,20.3006],[1.7947,20.2933],[1.7997,20.2901],[1.8139,20.2858],[1.826,20.2845],[1.8404,20.2883],[1.8461,20.2925],[1.8553,20.2919],[1.8606,20.2895],[1.8691,20.2918],[1.8706,20.2884],[1.8731,20.2868],[1.8767,20.2868],[1.8805,20.2898],[1.8841,20.2885],[1.8841,20.2885],[1.8841,20.2884],[1.8837,20.2821],[1.8863,20.2782],[1.8917,20.2742],[1.8931,20.2719],[1.8924,20.267],[1.8967,20.261],[1.8936,20.2525],[1.9002,20.2501],[1.8958,20.2434],[1.9001,20.237],[1.9079,20.2285],[1.9177,20.2252],[1.923,20.2179],[1.9394,20.2338],[1.9434,20.2392],[1.9488,20.2538],[1.9514,20.2551],[1.9539,20.2559],[1.9587,20.2528],[1.9706,20.2544],[1.9763,20.2499],[1.9817,20.25],[1.9844,20.2485],[1.9902,20.2428],[2.0007,20.2362],[2.0156,20.2334],[2.0231,20.2379],[2.0193,20.2442],[2.0206,20.248],[2.0296,20.2507],[2.0297,20.2521],[2.0298,20.2547],[2.0413,20.2605],[2.0421,20.2644],[2.053,20.2595],[2.0614,20.2515],[2.0625,20.2486],[2.0714,20.2429],[2.0739,20.242],[2.0778,20.2452],[2.082,20.239],[2.0851,20.2372],[2.0893,20.2372],[2.0987,20.2417],[2.1177,20.2324],[2.1223,20.2321],[2.1279,20.234],[2.1322,20.2354],[2.1342,20.2431],[2.1345,20.2446],[2.1404,20.2534],[2.1409,20.2537],[2.1423,20.2543],[2.1462,20.2525],[2.1589,20.2538],[2.1665,20.2529],[2.1724,20.254],[2.1763,20.2571],[2.1744,20.2617],[2.1762,20.2638],[2.1844,20.2657],[2.1913,20.2712],[2.1929,20.2859],[2.1921,20.2907],[2.1912,20.2961],[2.1966,20.3089],[2.2097,20.3116],[2.2182,20.3075],[2.2289,20.2992],[2.2332,20.2974],[2.2424,20.2955],[2.2464,20.2924],[2.26,20.2921],[2.2672,20.2803],[2.2788,20.2716],[2.2899,20.2705],[2.3051,20.2756],[2.3046,20.27],[2.3062,20.2659],[2.3083,20.2618],[2.308,20.2525],[2.3042,20.2505],[2.303,20.2473],[2.3073,20.2361],[2.3041,20.227],[2.3072,20.2227],[2.3138,20.2226],[2.3192,20.2136],[2.3176,20.209],[2.3176,20.2085],[2.3187,20.2011],[2.3277,20.193],[2.3328,20.1786],[2.3364,20.1772],[2.3423,20.1779],[2.3439,20.1781],[2.3458,20.1761],[2.3451,20.1737],[2.3531,20.1661],[2.3601,20.1572],[2.3588,20.152],[2.3587,20.1515],[2.3595,20.1507],[2.3649,20.1454],[2.3711,20.1434],[2.379,20.1454],[2.3885,20.1447],[2.397,20.1308],[2.4035,20.1169],[2.3983,20.1123],[2.3957,20.1054],[2.3891,20.0992],[2.3844,20.0981],[2.3808,20.0972],[2.3786,20.0951],[2.3766,20.0855],[2.3733,20.0808],[2.3756,20.0666],[2.3787,20.0606],[2.3821,20.054],[2.3843,20.0523],[2.3809,20.0453],[2.3758,20.0404],[2.3793,20.0214],[2.3841,20.0213],[2.3924,20.0263],[2.3951,20.0362],[2.3969,20.0371],[2.4036,20.0292],[2.4126,20.0381],[2.4171,20.0388],[2.4227,20.044],[2.4276,20.0487],[2.4453,20.0567],[2.4461,20.0578],[2.4454,20.06],[2.4439,20.0657],[2.4404,20.0704],[2.4402,20.0767],[2.4447,20.0831],[2.4508,20.0858],[2.4587,20.0927],[2.4588,20.0929],[2.4621,20.0957],[2.4656,20.109],[2.4723,20.1079],[2.4827,20.101],[2.4863,20.0894],[2.4897,20.0857],[2.5084,20.0871],[2.5174,20.0917],[2.5224,20.0857],[2.5242,20.0763],[2.5324,20.0769],[2.533,20.0649],[2.5376,20.0597],[2.5438,20.0584],[2.5518,20.0531],[2.5565,20.038],[2.5611,20.0353],[2.5915,20.0367],[2.6111,20.0449],[2.6221,20.0521],[2.6307,20.0458],[2.6365,20.0471],[2.6328,20.0379],[2.6628,20.0531],[2.6713,20.0777],[2.6754,20.0829],[2.6932,20.0748],[2.6974,20.0709],[2.6988,20.0625],[2.7059,20.0545],[2.7095,20.0426],[2.7081,20.0365],[2.7135,20.0328],[2.7156,20.0297],[2.7131,20.028],[2.712,20.0243],[2.713,20.02],[2.7199,20.0174],[2.7203,20.0101],[2.7242,20.0012],[2.7315,19.9993],[2.7319,19.9982],[2.7346,19.9906],[2.7372,19.9899],[2.75,19.9947],[2.7545,19.9948],[2.7571,19.9948],[2.7611,19.9903],[2.7627,19.9884],[2.7647,19.9878],[2.7699,19.9861],[2.7694,19.9855],[2.7664,19.9811],[2.7689,19.9778],[2.7742,19.9745],[2.7828,19.9711],[2.7868,19.973],[2.7896,19.9771],[2.7902,19.977],[2.8061,19.9739],[2.8078,19.9714],[2.8107,19.9674],[2.8204,19.9626],[2.8316,19.9592],[2.8407,19.9607],[2.8452,19.9676],[2.8461,19.969],[2.8575,19.9695],[2.8603,19.9677],[2.8607,19.9656],[2.8617,19.9609],[2.8675,19.9627],[2.8753,19.9576],[2.8764,19.953],[2.8803,19.9557],[2.8827,19.9619],[2.8827,19.962],[2.8929,19.9643],[2.8958,19.9599],[2.9064,19.9619],[2.9127,19.9576],[2.9224,19.9509],[2.9287,19.9533],[2.9361,19.9494],[2.94,19.9501],[2.9427,19.9529],[2.9497,19.9525],[2.9553,19.9521],[2.9555,19.9516],[2.9567,19.9489],[2.9593,19.9473],[2.9705,19.9487],[2.9752,19.9492],[2.9786,19.948],[2.9889,19.9429],[2.9897,19.9422],[2.9931,19.9391],[3.0032,19.9346],[3.0057,19.9335],[3.015,19.9292],[3.0211,19.9208],[3.0276,19.9168],[3.0319,19.9114],[3.0343,19.9083],[3.0374,19.9064],[3.0417,19.9061],[3.0433,19.906],[3.0493,19.909],[3.0615,19.9056],[3.0684,19.9074],[3.0717,19.9068],[3.0785,19.9032],[3.089,19.8947],[3.0917,19.8918],[3.0941,19.8875],[3.1035,19.8867],[3.1116,19.8774],[3.1228,19.8721],[3.1337,19.8719],[3.1391,19.8682],[3.1437,19.8562],[3.1519,19.8548],[3.156,19.8576],[3.1681,19.8522],[3.1745,19.8475],[3.1854,19.8434],[3.1913,19.8446],[3.1989,19.8389],[3.2294,19.8403],[3.2398,19.837],[3.2432,19.8383],[3.2546,19.8319],[3.2595,19.815],[3.2557,19.8061],[3.2517,19.802],[3.2506,19.7957],[3.2428,19.778],[3.2424,19.7731],[3.2484,19.7554],[3.2481,19.7421],[3.2432,19.7363],[3.2318,19.7136],[3.2288,19.7105],[3.2325,19.698],[3.2304,19.6848],[3.2321,19.6737],[3.2415,19.6588],[3.2399,19.6542],[3.2486,19.6496],[3.2511,19.64],[3.2502,19.629],[3.2419,19.6156],[3.234,19.607],[3.2313,19.5839],[3.2325,19.578],[3.2383,19.5652],[3.2353,19.559],[3.2387,19.5549],[3.2449,19.5544],[3.2465,19.5307],[3.253,19.5237],[3.2622,19.5217],[3.2641,19.5185],[3.2576,19.507],[3.2468,19.4936],[3.2497,19.4823],[3.256,19.4735],[3.2553,19.4693],[3.2572,19.463],[3.2652,19.4517],[3.2646,19.4482],[3.2601,19.4398],[3.2598,19.4397],[3.2452,19.4348],[3.2329,19.436],[3.2259,19.4331],[3.2089,19.4304],[3.1982,19.4116],[3.1992,19.3904],[3.1763,19.3558],[3.1805,19.3506],[3.1833,19.333],[3.1852,19.3295],[3.1922,19.3203],[3.1975,19.3148],[3.1979,19.3143],[3.2048,19.3035],[3.2027,19.2851],[3.1987,19.28],[3.1985,19.2735],[3.1964,19.2698],[3.1903,19.2658],[3.18,19.2591],[3.178,19.2533],[3.1763,19.2485],[3.1742,19.2461],[3.1642,19.2351],[3.1638,19.2328],[3.1611,19.2169],[3.1553,19.2082],[3.1477,19.2044],[3.1452,19.1999],[3.1234,19.1809],[3.1228,19.1639],[3.1171,19.1577],[3.1163,19.1432],[3.1219,19.1389],[3.1217,19.1323],[3.1216,19.1292],[3.1252,19.1236],[3.1409,19.1186],[3.1552,19.1087],[3.1613,19.1076],[3.1649,19.1086],[3.1801,19.0926],[3.1896,19.0896],[3.2037,19.0794],[3.2091,19.0734],[3.222,19.066],[3.2381,19.0608],[3.2441,19.0517],[3.254,19.041],[3.2772,19.0298],[3.2882,19.0166],[3.2974,19.0025],[3.2993,18.9971],[3.3079,18.9946],[3.3208,18.9939],[3.328,18.9956],[3.3376,18.9878],[3.351,18.9674],[3.3558,18.9647],[3.3583,18.9633],[3.3935,18.972],[3.4167,18.9777],[3.4662,18.986],[3.5,18.9916],[3.7259,19.0364],[4.243,19.1389],[4.2667,19.1436],[4.5273,19.1943],[4.6333,19.2149],[4.8313,19.2535],[5.1045,19.3066],[5.813,19.4413],[5.8193,19.4467],[6.0238,19.6226],[6.1069,19.6941],[6.8616,20.3376],[7.4594,20.8413],[7.7852,21.0406],[7.7927,21.0452],[8.7199,21.606],[10.2053,22.4843],[10.2571,22.5149],[10.9727,22.9275],[11.3631,23.1526],[11.9985,23.5127],[11.9985,23.515],[11.998,23.516],[11.6098,24.2603],[11.6066,24.2617],[11.5916,24.2524],[11.5616,24.2518],[11.5058,24.2234],[11.4679,24.215],[11.4301,24.1998],[11.4258,24.1981],[11.271,24.3034],[11.2112,24.3419],[11.132,24.3929],[11.1026,24.4071],[11.0446,24.435],[11.0298,24.4603],[11.0077,24.4719],[10.9717,24.4732],[10.9669,24.4733],[10.9406,24.4825],[10.8325,24.5203],[10.7153,24.5672],[10.7076,24.5643],[10.48,24.4781],[10.4222,24.4781],[10.2627,24.598],[10.2522,24.6058],[10.2506,24.6194],[10.2461,24.6331],[10.2439,24.6469],[10.2183,24.7511],[10.2065,24.7574],[10.0544,24.8381],[10.0498,24.8704],[10.041,24.9314],[10.0369,24.9595],[10.0313,25.1547],[10.0262,25.3348],[9.7185,25.7586],[9.7091,25.7716],[9.6876,25.8012],[9.4008,26.1964],[9.3965,26.2022],[9.4369,26.2389],[9.4474,26.2484],[9.4496,26.2524],[9.4573,26.2661],[9.4677,26.2936],[9.4739,26.2993],[9.4814,26.3096],[9.4838,26.3128],[9.4999,26.3383],[9.5188,26.373],[9.5246,26.3836],[9.8656,26.5219],[9.918,26.6485],[9.9026,26.7445],[9.9274,26.8565],[9.9288,26.8631],[9.9281,26.8623],[9.9245,26.8641],[9.9176,26.87],[9.914,26.8715],[9.9116,26.8725],[9.8994,26.8859],[9.897,26.8898],[9.8903,26.9009],[9.8899,26.901],[9.8844,26.9036],[9.8799,26.9076],[9.8783,26.9121],[9.8768,26.9271],[9.8765,26.9301],[9.8645,26.9543],[9.8598,26.9753],[9.8451,27.0243],[9.8439,27.0353],[9.8468,27.0644],[9.8432,27.0795],[9.8433,27.086],[9.8396,27.0948],[9.8379,27.1062],[9.8313,27.1178],[9.833,27.129],[9.8301,27.1419],[9.8298,27.1515],[9.8147,27.1887],[9.8084,27.2208],[9.7938,27.248],[9.789,27.2648],[9.7816,27.2751],[9.7814,27.2754],[9.7892,27.3246],[9.7908,27.3465],[9.7922,27.3489],[9.7808,27.3495],[9.7823,27.3557],[9.7908,27.3687],[9.7895,27.3767],[9.7976,27.3966],[9.801,27.4028],[9.8085,27.4104],[9.8087,27.4346],[9.8126,27.4416],[9.8178,27.4454],[9.8151,27.4505],[9.8142,27.4577],[9.8166,27.4626],[9.8247,27.47],[9.8264,27.4782],[9.8308,27.4833],[9.8308,27.4834],[9.8402,27.4898],[9.8421,27.4905],[9.8513,27.494],[9.8577,27.4993],[9.8606,27.5056],[9.8623,27.528],[9.8692,27.5465],[9.8773,27.5604],[9.8695,27.5606],[9.8522,27.5612],[9.8368,27.5616],[9.8312,27.5635],[9.8299,27.5671],[9.8305,27.5718],[9.8337,27.5753],[9.8636,27.5848],[9.867,27.5917],[9.8789,27.5997],[9.8827,27.6042],[9.8894,27.6122],[9.9106,27.6545],[9.9166,27.6663],[9.9216,27.682],[9.9248,27.6977],[9.9332,27.7141],[9.9417,27.7376],[9.9403,27.7687],[9.9434,27.7887],[9.9433,27.813],[9.9432,27.8175],[9.946,27.8441],[9.946,27.8442],[9.9495,27.8501],[9.9506,27.8508],[9.9625,27.8584],[9.9634,27.8659],[9.9628,27.8807],[9.9617,27.8844],[9.9586,27.8943],[9.8371,28.2864],[9.8761,28.5562],[9.8885,28.6415],[9.906,28.7629],[9.8778,29.0048],[9.8754,29.0259],[9.7828,29.4268],[9.5372,29.905],[9.419,30.0425],[9.39,30.1657],[9.396,30.1685],[9.4419,30.1904],[9.5267,30.2308],[9.5372,30.2344],[9.5516,30.2464],[9.4701,30.5612],[9.0754,32.0865],[9.0713,32.0889],[8.3575,32.5009],[8.3565,32.5096],[8.356,32.5145],[8.3264,32.7929],[8.3244,32.8122],[8.3233,32.8223],[8.2979,32.8487],[8.1047,33.0491],[8.1078,33.0657],[8.1316,33.0772],[8.1439,33.0831],[8.1211,33.0916],[8.1008,33.0992],[7.9042,33.1724],[7.8941,33.1761],[7.8844,33.1797],[7.8541,33.1764],[7.8409,33.1936],[7.8286,33.2003],[7.8085,33.2067],[7.8105,33.2135],[7.7895,33.2593],[7.7435,33.4241],[7.7435,33.4243],[7.7314,33.4399],[7.6283,33.5729],[7.6223,33.5854],[7.603,33.6263],[7.6011,33.6304],[7.5926,33.6483],[7.5976,33.6892],[7.5648,33.7262],[7.5767,33.746],[7.5783,33.7465],[7.5891,33.7497],[7.581,33.7577],[7.5625,33.7758],[7.56,33.7782],[7.5388,33.7892],[7.5248,33.7965],[7.544,33.8311],[7.5465,33.8356],[7.5445,33.842],[7.5361,33.8692],[7.5224,33.9048],[7.528,33.9145],[7.5296,33.9174],[7.5413,33.9378],[7.5403,33.9749],[7.554,34.0179],[7.5445,34.0344],[7.5281,34.0626],[7.5365,34.0707],[7.5377,34.0718],[7.545,34.074],[7.5491,34.075],[7.5533,34.0788],[7.56,34.0791],[7.5785,34.0897],[7.5777,34.095],[7.5717,34.0918],[7.5682,34.0932],[7.5688,34.0954],[7.5745,34.0972],[7.5849,34.1018],[7.5916,34.106],[7.6007,34.1101],[7.6051,34.1095],[7.6129,34.136],[7.6137,34.1373],[7.6543,34.1971],[7.7231,34.1656],[7.7459,34.1782],[7.7776,34.2001],[7.7917,34.2046],[7.7969,34.2082],[7.7986,34.2125],[7.7998,34.2154],[7.8043,34.2184],[7.804,34.2272],[7.8047,34.229],[7.8102,34.2443],[7.8134,34.2533],[7.8213,34.2719],[7.828,34.2877],[7.8443,34.3262],[7.8508,34.349],[7.8534,34.3551],[7.8513,34.3621],[7.8513,34.3674],[7.8545,34.3716],[7.858,34.3783],[7.8576,34.3815],[7.8552,34.3806],[7.8542,34.3817],[7.8523,34.3906],[7.8542,34.3935],[7.8546,34.4005],[7.8555,34.4048],[7.8597,34.4044],[7.8651,34.404],[7.8717,34.4064],[7.8759,34.4059],[7.8824,34.41],[7.8861,34.4125],[7.8911,34.4158],[7.8965,34.4145],[7.9024,34.413],[7.907,34.4156],[7.9132,34.4141],[7.9185,34.4149],[7.9224,34.4147],[7.9366,34.4215],[7.9322,34.423],[7.9337,34.4281],[7.9354,34.4317],[7.9405,34.4374],[7.9414,34.4384],[7.9415,34.4383],[7.9437,34.4372],[7.9516,34.4394],[7.953,34.4463],[7.9585,34.4477],[7.9739,34.4466],[7.9875,34.453],[8.003,34.4566],[8.0057,34.4556],[8.0103,34.4567],[8.018,34.4713],[8.0421,34.4919],[8.0428,34.4925],[8.0454,34.4929],[8.0493,34.4935],[8.0723,34.496],[8.0711,34.5025],[8.0808,34.5099],[8.0825,34.5151],[8.0927,34.5129],[8.0985,34.5107],[8.1015,34.512],[8.1042,34.5129],[8.1048,34.513],[8.1055,34.5129],[8.1152,34.5116],[8.1154,34.5116],[8.1144,34.5141],[8.1204,34.5232],[8.1256,34.5272],[8.1354,34.5312],[8.1486,34.5329],[8.1474,34.5385],[8.1482,34.5399],[8.1522,34.5463],[8.1586,34.5511],[8.1634,34.5514],[8.166,34.5516],[8.1663,34.5539],[8.165,34.5556],[8.1605,34.5616],[8.1601,34.5664],[8.1614,34.5685],[8.1687,34.5651],[8.1716,34.5636],[8.1712,34.5701],[8.1708,34.5706],[8.1693,34.5729],[8.1704,34.5747],[8.1741,34.5748],[8.1765,34.5748],[8.1859,34.5704],[8.1964,34.5728],[8.2124,34.5756],[8.2224,34.5768],[8.2229,34.5799],[8.2174,34.5811],[8.2134,34.5833],[8.2043,34.5884],[8.2093,34.591],[8.2095,34.5956],[8.2109,34.6022],[8.2134,34.6039],[8.2162,34.6043],[8.2206,34.6048],[8.2259,34.6091],[8.2264,34.6095],[8.2272,34.6128],[8.2317,34.6147],[8.2378,34.6125],[8.2483,34.6134],[8.2506,34.6135],[8.2505,34.6136],[8.244,34.619],[8.2413,34.6307],[8.2462,34.6351],[8.2497,34.6367],[8.2664,34.6447],[8.2666,34.6431],[8.2735,34.6433],[8.2804,34.6525],[8.2806,34.6561],[8.2768,34.6593],[8.2634,34.659],[8.2595,34.659],[8.2498,34.6629],[8.2412,34.6684],[8.237,34.6748],[8.2363,34.6797],[8.239,34.686],[8.2423,34.689],[8.2485,34.6901],[8.2547,34.6912],[8.2644,34.6911],[8.2893,34.7194],[8.2925,34.7219],[8.2938,34.7268],[8.293,34.7285],[8.2932,34.7287],[8.2953,34.7305],[8.2975,34.7308],[8.3001,34.7311],[8.3069,34.7292],[8.3125,34.7275],[8.3184,34.7294],[8.3209,34.7318],[8.3136,34.7348],[8.3021,34.7396],[8.2946,34.7443],[8.2938,34.7448],[8.2896,34.7589],[8.282,34.7679],[8.2826,34.788],[8.2854,34.8022],[8.2844,34.8068],[8.2805,34.8121],[8.2816,34.8204],[8.2776,34.8355],[8.273,34.8389],[8.2755,34.8436],[8.2703,34.8506],[8.2713,34.8549],[8.2704,34.8626],[8.2657,34.8687],[8.2617,34.8738],[8.2603,34.8784],[8.2597,34.8831],[8.2614,34.8898],[8.2562,34.908],[8.2511,34.9114],[8.2532,34.9132],[8.2524,34.9151],[8.2459,34.9193],[8.2537,34.9258],[8.2657,34.932],[8.2698,34.9314],[8.276,34.939],[8.2847,34.9439],[8.2917,34.9449],[8.2985,34.946],[8.3074,34.9463],[8.3152,34.9467],[8.3156,34.9489],[8.3111,34.9533],[8.3116,34.9571],[8.3162,34.9879],[8.3166,34.9907],[8.3179,34.9991],[8.3169,35.0028],[8.3156,35.0082],[8.3188,35.0154],[8.3271,35.0336],[8.3364,35.054],[8.3411,35.0644],[8.3423,35.0687],[8.3429,35.0708],[8.3433,35.0713],[8.348,35.0759],[8.3524,35.0883],[8.3537,35.0882],[8.3555,35.0908],[8.3572,35.0977],[8.3579,35.0987],[8.3594,35.1007],[8.3754,35.1085],[8.379,35.1112],[8.4014,35.1279],[8.4036,35.1311],[8.4165,35.1505],[8.4191,35.1654],[8.4192,35.1701],[8.4217,35.1748],[8.4224,35.1775],[8.4281,35.1826],[8.4321,35.1896],[8.4482,35.2083],[8.4484,35.2087],[8.454,35.2189],[8.4765,35.239],[8.4725,35.2395],[8.4701,35.2389],[8.4547,35.2354],[8.4422,35.2378],[8.4398,35.2369],[8.4317,35.2396],[8.4297,35.2413],[8.4271,35.2434],[8.4217,35.2455],[8.4133,35.2453],[8.4065,35.2452],[8.4055,35.2478],[8.3969,35.2512],[8.3954,35.2532],[8.3927,35.2566],[8.3787,35.2656],[8.371,35.2678],[8.3651,35.2696],[8.3635,35.2711],[8.3591,35.2753],[8.3477,35.2778],[8.3466,35.2781],[8.3347,35.2787],[8.3256,35.2883],[8.3242,35.2909],[8.3241,35.2912],[8.3237,35.2983],[8.3228,35.2994],[8.3115,35.3142],[8.3117,35.3238],[8.317,35.3249],[8.3166,35.3316],[8.3165,35.334],[8.3175,35.341],[8.3149,35.3573],[8.3152,35.3653],[8.3128,35.3701],[8.3142,35.376],[8.3179,35.3845],[8.3202,35.3862],[8.3203,35.3863],[8.3281,35.3989],[8.33,35.405],[8.3251,35.4124],[8.3244,35.4124],[8.315,35.4131],[8.3213,35.4158],[8.3228,35.4164],[8.3278,35.42],[8.3303,35.4218],[8.3392,35.4441],[8.3393,35.4443],[8.3393,35.4444],[8.3499,35.4532],[8.3518,35.4585],[8.353,35.4617],[8.3636,35.4635],[8.3653,35.4642],[8.3727,35.467],[8.3837,35.466],[8.3849,35.4726],[8.3855,35.476],[8.3858,35.4773],[8.3852,35.4777],[8.3845,35.4781],[8.3847,35.4801],[8.3852,35.4868],[8.3814,35.489],[8.3745,35.4932],[8.3725,35.4975],[8.364,35.5158],[8.3599,35.5249],[8.3624,35.5323],[8.363,35.534],[8.3613,35.5457],[8.3612,35.5461],[8.3597,35.5561],[8.3544,35.5806],[8.3533,35.5812],[8.3523,35.5985],[8.3532,35.6016],[8.3506,35.6103],[8.3522,35.6127],[8.3568,35.6198],[8.3575,35.6242],[8.3601,35.6408],[8.3601,35.6468],[8.3592,35.6481],[8.356,35.6534],[8.3579,35.6568],[8.3557,35.6641],[8.3558,35.6653],[8.3562,35.6693],[8.3496,35.6737],[8.3382,35.6814],[8.3359,35.6829],[8.3344,35.6834],[8.3315,35.6843],[8.3186,35.6844],[8.3108,35.6913],[8.3079,35.6907],[8.3016,35.7008],[8.2804,35.7214],[8.2645,35.7296],[8.2652,35.7323],[8.2663,35.7366],[8.2652,35.7406],[8.2619,35.7445],[8.2615,35.7481],[8.26,35.7599],[8.2585,35.7621],[8.2602,35.7703],[8.2655,35.7811],[8.2646,35.7843],[8.2645,35.7878],[8.2644,35.7946],[8.27,35.8087],[8.271,35.8116],[8.272,35.8148],[8.2729,35.8179],[8.2724,35.8218],[8.2683,35.8579],[8.2671,35.8685],[8.267,35.8696],[8.2676,35.8721],[8.2681,35.8738],[8.2706,35.8775],[8.2699,35.879],[8.2688,35.8794],[8.2532,35.8851],[8.2679,35.8971],[8.2707,35.9016],[8.2693,35.9032],[8.2717,35.9069],[8.2556,35.9074],[8.2564,35.913],[8.2633,35.9178],[8.2623,35.9208],[8.2615,35.9244],[8.2622,35.9324],[8.2633,35.9374],[8.2682,35.9413],[8.2778,35.9487],[8.2895,35.9519],[8.2882,35.9545],[8.2907,35.9562],[8.2913,35.96],[8.2926,35.9668],[8.2934,35.9718],[8.3005,36.0111],[8.2986,36.0202],[8.2959,36.0331],[8.2977,36.0406],[8.3026,36.0439],[8.3139,36.062],[8.3118,36.0683],[8.3142,36.0715],[8.3196,36.0761],[8.3234,36.0878],[8.3245,36.0882],[8.3374,36.0937],[8.3439,36.0998],[8.3452,36.1026],[8.3453,36.1028],[8.3452,36.1032],[8.3431,36.1112],[8.3388,36.1156],[8.3395,36.124],[8.3398,36.1312],[8.3388,36.1367],[8.3318,36.1418],[8.3248,36.1469],[8.3114,36.158],[8.3089,36.161],[8.3066,36.173],[8.3121,36.1785],[8.3198,36.181],[8.3199,36.1811],[8.3249,36.1848],[8.3273,36.1871],[8.3314,36.1923],[8.3316,36.1927],[8.335,36.2011],[8.3401,36.214],[8.3476,36.2198],[8.3515,36.2259],[8.3544,36.2304],[8.3525,36.2396],[8.3551,36.25],[8.3495,36.2615],[8.348,36.2619],[8.3425,36.2637],[8.3393,36.2628],[8.338,36.2643],[8.3398,36.2663],[8.3456,36.2731],[8.3465,36.2741],[8.3526,36.2815],[8.354,36.284],[8.3557,36.2869],[8.3711,36.2971],[8.3723,36.297],[8.3811,36.2963],[8.3822,36.3],[8.3826,36.3015],[8.3872,36.3027],[8.3915,36.3039],[8.3895,36.3059],[8.3879,36.3075],[8.3799,36.3109],[8.3772,36.3171],[8.3762,36.3223],[8.377,36.3229],[8.3822,36.3271],[8.3831,36.3278],[8.3853,36.3327],[8.385,36.3357],[8.3796,36.3409],[8.3772,36.3458],[8.3762,36.3479],[8.3777,36.3526],[8.3815,36.354],[8.3825,36.3549],[8.3929,36.3635],[8.3949,36.3652],[8.3992,36.3721],[8.4021,36.3774],[8.4004,36.385],[8.3966,36.3901],[8.3944,36.3908],[8.3939,36.3931],[8.3962,36.3981],[8.3987,36.4016],[8.4032,36.4036],[8.4097,36.4109],[8.4081,36.4166],[8.4064,36.4222],[8.3841,36.4243],[8.3718,36.4275],[8.3691,36.4314],[8.3675,36.4349],[8.3659,36.4386],[8.3542,36.4452],[8.35,36.4425],[8.3497,36.4419],[8.3485,36.4389],[8.3427,36.4337],[8.3376,36.433],[8.328,36.4315],[8.327,36.4323],[8.3282,36.433],[8.3279,36.4341],[8.3275,36.4353],[8.3154,36.4373],[8.3121,36.4358],[8.3066,36.4334],[8.3031,36.4416],[8.2984,36.4428],[8.2903,36.4419],[8.2846,36.4451],[8.2655,36.4393],[8.2581,36.4412],[8.2499,36.4456],[8.2454,36.4462],[8.2398,36.4446],[8.2345,36.4449],[8.2306,36.4469],[8.214,36.4457],[8.2093,36.4468],[8.2003,36.4519],[8.1997,36.4567],[8.1996,36.4576],[8.1974,36.4591],[8.1969,36.4591],[8.1768,36.4586],[8.1697,36.4625],[8.1671,36.4664],[8.1583,36.4797],[8.1597,36.4853],[8.1603,36.4876],[8.1597,36.4919],[8.157,36.4928],[8.1553,36.4934],[8.1538,36.4962],[8.1553,36.4982],[8.1555,36.4984],[8.1618,36.4977],[8.1697,36.5016],[8.173,36.5033],[8.1771,36.5125],[8.182,36.5133],[8.1955,36.5064],[8.1991,36.509],[8.2077,36.5127],[8.2215,36.5143],[8.2314,36.5198],[8.2439,36.5269],[8.2501,36.5325],[8.2547,36.5352],[8.2566,36.5363],[8.2568,36.5363],[8.2658,36.5342],[8.2749,36.5372],[8.2763,36.5372],[8.2857,36.5368],[8.2919,36.539],[8.2994,36.545],[8.3018,36.5469],[8.3044,36.5469],[8.3073,36.5469],[8.3105,36.5486],[8.3199,36.5563],[8.3226,36.5606],[8.3222,36.5618],[8.3217,36.5637],[8.3228,36.5673],[8.3265,36.5733],[8.3449,36.5798],[8.3476,36.5807],[8.353,36.5833],[8.3588,36.5862],[8.3601,36.5894],[8.3775,36.5947],[8.3873,36.5933],[8.3949,36.5973],[8.3979,36.6058],[8.3978,36.608],[8.3977,36.6097],[8.3994,36.6114],[8.4043,36.6162],[8.4114,36.6169],[8.4177,36.6216],[8.432,36.6178],[8.4475,36.6183],[8.4482,36.6192],[8.4468,36.6226],[8.4477,36.6252],[8.4494,36.6305],[8.4519,36.6381],[8.4553,36.6411],[8.4598,36.657],[8.459,36.6598],[8.4589,36.6601],[8.4588,36.6601],[8.4527,36.66],[8.4514,36.6613],[8.459,36.6627],[8.4614,36.6632],[8.4696,36.6686],[8.472,36.6715],[8.4737,36.6735],[8.4797,36.6793],[8.4805,36.6802],[8.4839,36.6813],[8.4847,36.6845],[8.4874,36.6964],[8.4839,36.6974],[8.4832,36.6976],[8.4792,36.7019],[8.477,36.7062],[8.4773,36.7084],[8.4695,36.7175],[8.4652,36.725],[8.464,36.7347],[8.4662,36.7376],[8.4668,36.7385],[8.4702,36.7405],[8.4667,36.7443],[8.4644,36.7468],[8.4633,36.748],[8.4598,36.7504],[8.4565,36.7504],[8.4554,36.7499],[8.4547,36.7495],[8.4493,36.7472],[8.4448,36.7452],[8.4394,36.7451],[8.4371,36.7457],[8.4304,36.7484],[8.4296,36.7495],[8.4296,36.7584],[8.437,36.7601],[8.4375,36.7602],[8.4436,36.7616],[8.454,36.7672],[8.4587,36.7697],[8.4687,36.7718],[8.4708,36.7723],[8.4803,36.7766],[8.4845,36.7784],[8.5042,36.7778],[8.5178,36.7774],[8.5221,36.7807],[8.5251,36.7813],[8.5274,36.7817],[8.533,36.776],[8.5316,36.7743],[8.5324,36.7736],[8.5426,36.7723],[8.5505,36.7742],[8.5589,36.7744],[8.565,36.7728],[8.5724,36.7723],[8.5768,36.7761],[8.5783,36.7801],[8.5794,36.7802],[8.5797,36.7806],[8.58,36.7809],[8.5917,36.7926],[8.5939,36.794],[8.6003,36.7981],[8.6058,36.7961],[8.606,36.7937],[8.6117,36.7904],[8.6187,36.793],[8.6221,36.8003],[8.6307,36.8002],[8.6495,36.8087],[8.6552,36.8087],[8.6595,36.8106],[8.6647,36.8154],[8.6695,36.8166],[8.6737,36.8247],[8.6782,36.8287],[8.6812,36.838],[8.6747,36.8408],[8.6683,36.8434],[8.6632,36.8504],[8.6626,36.8511],[8.662,36.8507],[8.6582,36.8479],[8.6543,36.8475],[8.6445,36.8525],[8.6388,36.8526],[8.6312,36.8551],[8.6251,36.8529],[8.6257,36.8573],[8.6257,36.8574],[8.6258,36.8575],[8.6294,36.8596],[8.628,36.8671],[8.6313,36.8721],[8.6301,36.8759],[8.631,36.8814],[8.6299,36.8835],[8.6285,36.8857],[8.6303,36.8886],[8.6324,36.8918],[8.631,36.8954],[8.6307,36.8962],[8.6311,36.8971],[8.6364,36.9081],[8.6538,36.915],[8.6483,36.9241],[8.6482,36.9243],[8.6468,36.9253],[8.6429,36.9283],[8.6421,36.9389],[8.6421,36.9412],[8.642,36.9411],[8.6408,36.9408],[8.6408,36.9416],[8.6401,36.9416],[8.6401,36.9421],[8.6395,36.9421],[8.6395,36.9416],[8.6382,36.9413],[8.6379,36.9388],[8.6385,36.9388],[8.6382,36.9375],[8.6364,36.9372],[8.635,36.937],[8.6344,36.9359],[8.6338,36.9359],[8.6338,36.9364],[8.6325,36.9364],[8.6325,36.9369],[8.6306,36.9371],[8.6294,36.9378],[8.6296,36.9381],[8.6289,36.9385],[8.6292,36.9381],[8.6289,36.9378],[8.6293,36.9374],[8.6245,36.9365],[8.6238,36.936],[8.621,36.936],[8.6165,36.9342],[8.6158,36.9346],[8.6158,36.9351],[8.6149,36.9353],[8.6149,36.9359],[8.6136,36.9361],[8.6131,36.9374],[8.6133,36.9379],[8.6126,36.9379],[8.6132,36.9428],[8.6129,36.9428],[8.6129,36.942],[8.6123,36.942],[8.6123,36.9415],[8.611,36.9416],[8.6094,36.9411],[8.6091,36.9415],[8.6084,36.9415],[8.6084,36.9412],[8.6091,36.941],[8.6078,36.9407],[8.6075,36.9384],[8.6062,36.9385],[8.6053,36.9381],[8.6046,36.9366],[8.6037,36.9363],[8.6034,36.9353],[8.604,36.9353],[8.604,36.9351],[8.6024,36.9345],[8.6024,36.934],[8.6008,36.9335],[8.6005,36.9327],[8.5995,36.9334],[8.5957,36.9331],[8.5941,36.9324],[8.5941,36.933],[8.5928,36.933],[8.5931,36.9319],[8.5915,36.9319],[8.5915,36.9314],[8.5922,36.9314],[8.5915,36.9296],[8.5909,36.9296],[8.5909,36.9288],[8.59,36.9288],[8.5903,36.9296],[8.5896,36.9296],[8.589,36.9306],[8.5874,36.9299],[8.5874,36.9293],[8.5791,36.9309],[8.5791,36.9303],[8.5775,36.9307],[8.5727,36.9292],[8.5704,36.9303],[8.5698,36.929],[8.5691,36.929],[8.5692,36.9285],[8.5685,36.9288],[8.5685,36.9293],[8.5669,36.9293],[8.5669,36.9282],[8.5653,36.9273],[8.564,36.9271],[8.5631,36.9272],[8.5628,36.928],[8.5615,36.928],[8.5612,36.9267],[8.5596,36.9267],[8.5592,36.9274],[8.5589,36.9274],[8.5589,36.9269],[8.5576,36.9265],[8.557,36.9271],[8.5564,36.9269],[8.5557,36.9256],[8.5541,36.9256],[8.5545,36.9249],[8.5535,36.9251],[8.5535,36.9246],[8.5541,36.9246],[8.5535,36.9238],[8.5529,36.9238],[8.5525,36.9231],[8.5519,36.923],[8.5519,36.9215],[8.5503,36.9211],[8.5478,36.9215],[8.5471,36.9197],[8.5458,36.9201],[8.5436,36.9197],[8.543,36.9186],[8.5414,36.9186],[8.5411,36.9179],[8.5401,36.9179],[8.5401,36.9186],[8.5369,36.9185],[8.5356,36.9189],[8.5356,36.9176],[8.5337,36.9176],[8.5331,36.9163],[8.5327,36.9163],[8.5327,36.9168],[8.5324,36.9168],[8.5321,36.916],[8.5305,36.9165],[8.5305,36.9153],[8.5292,36.915],[8.5292,36.9155],[8.5276,36.9155],[8.5276,36.9147],[8.5264,36.9145],[8.5264,36.914],[8.5254,36.9137],[8.5254,36.9132],[8.5225,36.9134],[8.5222,36.9108],[8.5222,36.9106],[8.5193,36.9106],[8.5187,36.9098],[8.5181,36.9098],[8.5182,36.9097],[8.5183,36.9096],[8.5181,36.9091],[8.5173,36.9088],[8.5169,36.909],[8.5166,36.9091],[8.5167,36.9088],[8.5165,36.9088],[8.5165,36.9087],[8.516,36.9088],[8.5163,36.9086],[8.5163,36.9082],[8.516,36.9077],[8.5153,36.9071],[8.5139,36.9072],[8.5139,36.9077],[8.5126,36.908],[8.512,36.909],[8.5107,36.909],[8.511,36.9075],[8.5085,36.9077],[8.5082,36.9069],[8.5072,36.9072],[8.5072,36.9064],[8.5059,36.9067],[8.5059,36.9059],[8.505,36.9057],[8.505,36.9051],[8.5021,36.904],[8.5008,36.9041],[8.5008,36.9046],[8.5005,36.9046],[8.5005,36.9041],[8.4986,36.9041],[8.4986,36.9046],[8.497,36.9038],[8.497,36.9043],[8.4957,36.9046],[8.4957,36.9054],[8.4944,36.9056],[8.4944,36.9051],[8.4938,36.9051],[8.4938,36.9064],[8.4931,36.9064],[8.4931,36.9069],[8.4925,36.9069],[8.4925,36.9074],[8.4918,36.9074],[8.492,36.9066],[8.4917,36.9053],[8.4909,36.904],[8.49,36.9039],[8.4874,36.9043],[8.4874,36.9053],[8.4867,36.9053],[8.4867,36.9048],[8.4858,36.9051],[8.4858,36.9043],[8.4845,36.9039],[8.4839,36.904],[8.4842,36.9027],[8.4839,36.9029],[8.482,36.9023],[8.4804,36.9027],[8.48,36.9035],[8.4788,36.9037],[8.4788,36.9032],[8.4781,36.9032],[8.4775,36.9014],[8.4765,36.9014],[8.4765,36.9009],[8.474,36.9005],[8.4724,36.901],[8.4714,36.9009],[8.4714,36.9004],[8.4701,36.9006],[8.4701,36.8996],[8.4679,36.8993],[8.4678,36.898],[8.4681,36.8978],[8.4679,36.8973],[8.465,36.8983],[8.465,36.8988],[8.4574,36.8995],[8.457,36.8988],[8.4532,36.8994],[8.4526,36.8993],[8.4532,36.8977],[8.4526,36.8977],[8.4523,36.8969],[8.4516,36.8969],[8.4516,36.8977],[8.4513,36.8977],[8.4513,36.8972],[8.4503,36.8972],[8.4503,36.8982],[8.45,36.8982],[8.45,36.8977],[8.4487,36.8976],[8.4478,36.8983],[8.4471,36.8981],[8.4455,36.8987],[8.4455,36.8992],[8.4436,36.899],[8.4436,36.8995],[8.4423,36.8995],[8.4423,36.9],[8.4414,36.9],[8.4414,36.8995],[8.4401,36.9],[8.4407,36.8989],[8.4452,36.8986],[8.4455,36.8979],[8.4449,36.8981],[8.4446,36.8978],[8.4433,36.8979],[8.443,36.8972],[8.442,36.8971],[8.4417,36.8982],[8.4401,36.8988],[8.4385,36.8989],[8.4388,36.9002],[8.4385,36.9002],[8.4382,36.8987],[8.4372,36.8987],[8.4372,36.8979],[8.4359,36.8981],[8.4356,36.8994],[8.4346,36.8994],[8.4343,36.8987],[8.435,36.8987],[8.4347,36.8971],[8.4337,36.8969],[8.4337,36.8963],[8.4305,36.8952],[8.4254,36.8954],[8.4238,36.8963],[8.4241,36.8981],[8.4235,36.8981],[8.4231,36.8989],[8.4222,36.8989],[8.4222,36.8994],[8.4206,36.8999],[8.4202,36.9019],[8.4193,36.9019],[8.4193,36.9024],[8.418,36.9023],[8.4151,36.9034],[8.4148,36.905],[8.4141,36.905],[8.4128,36.907],[8.4119,36.9073],[8.4119,36.9075],[8.4125,36.9075],[8.4125,36.9081],[8.4112,36.9077],[8.409,36.908],[8.4067,36.9114],[8.4026,36.9124],[8.4025,36.9144],[8.3981,36.9145],[8.3974,36.9149],[8.3974,36.9144],[8.3942,36.9141],[8.3939,36.9134],[8.3888,36.914],[8.3878,36.9147],[8.3865,36.9149],[8.3862,36.9138],[8.383,36.9138],[8.3833,36.9143],[8.3821,36.9146],[8.3808,36.9169],[8.3801,36.9169],[8.3804,36.9182],[8.3795,36.9178],[8.3756,36.9179],[8.375,36.9189],[8.3734,36.918],[8.3721,36.9181],[8.3721,36.9189],[8.3711,36.9184],[8.3708,36.9166],[8.3686,36.9173],[8.3676,36.9191],[8.3667,36.9191],[8.3667,36.9196],[8.3651,36.9191],[8.3647,36.9199],[8.3635,36.9196],[8.3631,36.9204],[8.3619,36.9206],[8.3618,36.9214],[8.3606,36.9219],[8.3602,36.9229],[8.359,36.9227],[8.3593,36.9217],[8.3574,36.9215],[8.3567,36.9219],[8.3567,36.9209],[8.3548,36.9209],[8.3548,36.9203],[8.3539,36.9201],[8.3535,36.9209],[8.3526,36.9208],[8.3526,36.9198],[8.351,36.9198],[8.351,36.9185],[8.3484,36.919],[8.3484,36.9198],[8.3481,36.9198],[8.3479,36.9188],[8.3491,36.9183],[8.3488,36.9177],[8.3478,36.9177],[8.3478,36.9183],[8.3465,36.9189],[8.3427,36.9191],[8.342,36.9186],[8.3411,36.9187],[8.3411,36.9182],[8.3395,36.9179],[8.3395,36.9174],[8.3403,36.9172],[8.3401,36.9162],[8.3379,36.9159],[8.3376,36.9167],[8.3363,36.9169],[8.3364,36.9179],[8.3356,36.919],[8.3324,36.9189],[8.3321,36.9197],[8.3289,36.9197],[8.3286,36.9205],[8.3276,36.9205],[8.3279,36.9192],[8.3257,36.9192],[8.3254,36.9204],[8.3238,36.9204],[8.3238,36.9199],[8.3231,36.9199],[8.3246,36.9186],[8.3244,36.9181],[8.3238,36.9181],[8.3235,36.9189],[8.3206,36.9182],[8.32,36.9186],[8.3206,36.9173],[8.3187,36.9164],[8.3136,36.9159],[8.3129,36.9163],[8.3129,36.9178],[8.312,36.9178],[8.3116,36.9186],[8.3113,36.9186],[8.3107,36.9175],[8.3104,36.9175],[8.31,36.9183],[8.3072,36.9178],[8.3072,36.9183],[8.3056,36.918],[8.306,36.9175],[8.3059,36.9165],[8.304,36.9172],[8.304,36.9167],[8.3027,36.917],[8.3024,36.9159],[8.2854,36.9147],[8.2771,36.9155],[8.2765,36.9166],[8.2752,36.9159],[8.2707,36.9165],[8.2707,36.917],[8.2662,36.9183],[8.2654,36.9196],[8.2663,36.9211],[8.2663,36.9242],[8.2652,36.9259],[8.264,36.9275],[8.2642,36.9283],[8.2641,36.9283],[8.2623,36.9291],[8.2619,36.9301],[8.2606,36.9303],[8.26,36.9319],[8.2597,36.9319],[8.2594,36.9308],[8.2542,36.9318],[8.2542,36.9323],[8.2526,36.9326],[8.2526,36.9331],[8.2443,36.9334],[8.2414,36.9346],[8.2406,36.9359],[8.2416,36.9415],[8.2424,36.9456],[8.2414,36.9466],[8.2413,36.9487],[8.2395,36.9492],[8.2348,36.9506],[8.2317,36.949],[8.2304,36.9494],[8.2297,36.9509],[8.2284,36.9509],[8.2281,36.952],[8.2256,36.9514],[8.2252,36.9507],[8.2236,36.9501],[8.2237,36.9494],[8.2214,36.9488],[8.2214,36.9493],[8.2208,36.9491],[8.2224,36.9483],[8.2226,36.9476],[8.2214,36.9463],[8.2202,36.9461],[8.2198,36.9464],[8.2125,36.9454],[8.2125,36.9449],[8.2115,36.9447],[8.2112,36.9436],[8.2083,36.9436],[8.2081,36.9413],[8.2074,36.9413],[8.2071,36.9385],[8.2055,36.9376],[8.202,36.9386],[8.2004,36.9387],[8.2004,36.9389],[8.2014,36.9389],[8.201,36.9397],[8.2004,36.9397],[8.2004,36.9402],[8.1994,36.9402],[8.1994,36.9389],[8.1988,36.9389],[8.1988,36.9394],[8.1966,36.9389],[8.1962,36.9381],[8.1956,36.9381],[8.1963,36.9368],[8.1956,36.9368],[8.195,36.9353],[8.1937,36.935],[8.1937,36.9343],[8.1909,36.9336],[8.18,36.9285],[8.1797,36.9277],[8.1641,36.922],[8.1641,36.9215],[8.1635,36.9217],[8.1631,36.9209],[8.1571,36.9188],[8.1565,36.9178],[8.1536,36.9166],[8.153,36.9168],[8.1526,36.916],[8.1507,36.9151],[8.1479,36.9145],[8.1469,36.9138],[8.1431,36.9131],[8.1434,36.9126],[8.1418,36.9123],[8.1418,36.9118],[8.141,36.9118],[8.1409,36.9118],[8.1409,36.9113],[8.1364,36.9096],[8.1348,36.9097],[8.1345,36.9105],[8.1341,36.9105],[8.1343,36.9092],[8.1339,36.9084],[8.131,36.9079],[8.131,36.9084],[8.1287,36.9079],[8.1292,36.9071],[8.1284,36.9058],[8.1275,36.9062],[8.1256,36.9055],[8.1256,36.905],[8.1214,36.9055],[8.1208,36.9037],[8.1176,36.9033],[8.1163,36.9035],[8.1039,36.8984],[8.1039,36.8979],[8.0994,36.8966],[8.0991,36.8958],[8.0915,36.8934],[8.0912,36.8924],[8.0899,36.8921],[8.0899,36.8916],[8.0877,36.8916],[8.0877,36.8911],[8.0864,36.8911],[8.0864,36.8906],[8.0854,36.8903],[8.0845,36.8883],[8.081,36.8877],[8.081,36.8882],[8.08,36.8878],[8.0794,36.888],[8.0794,36.8885],[8.0775,36.8885],[8.078,36.8879],[8.0778,36.8874],[8.0768,36.8872],[8.0768,36.8867],[8.073,36.886],[8.0721,36.8862],[8.0708,36.8856],[8.0708,36.8843],[8.0667,36.8834],[8.065,36.8842],[8.0652,36.8835],[8.0644,36.8822],[8.0596,36.8807],[8.0565,36.8797],[8.0485,36.8763],[8.0377,36.8729],[8.0358,36.8721],[7.995,36.8597],[7.9937,36.8589],[7.9555,36.8498],[7.952,36.8493],[7.9511,36.8492],[7.9481,36.8488],[7.9457,36.8485],[7.9427,36.8481],[7.9287,36.8462],[7.9134,36.8438],[7.9075,36.8435],[7.9051,36.8434],[7.8854,36.8423],[7.8846,36.8421],[7.8828,36.8422],[7.8817,36.842],[7.8797,36.8422],[7.8774,36.842],[7.8763,36.8418],[7.8751,36.842],[7.8741,36.8418],[7.8719,36.8418],[7.8708,36.8417],[7.8692,36.8418],[7.868,36.8418],[7.8672,36.8417],[7.8662,36.8419],[7.8641,36.8416],[7.8623,36.8418],[7.8616,36.8419],[7.861,36.8421],[7.8603,36.8421],[7.8597,36.8419],[7.8591,36.8418],[7.8583,36.8418],[7.8575,36.842],[7.8564,36.8421],[7.8552,36.8419],[7.8545,36.8419],[7.8539,36.8421],[7.853,36.8423],[7.852,36.8422],[7.8512,36.8422],[7.8503,36.8425],[7.8491,36.8426],[7.8482,36.8424],[7.847,36.8427],[7.845,36.8429],[7.8437,36.8431],[7.8433,36.8431],[7.8426,36.8431],[7.8422,36.8432],[7.8418,36.8435],[7.8407,36.8436],[7.8391,36.844],[7.8378,36.8439],[7.8374,36.8441],[7.8358,36.8444],[7.8333,36.8448],[7.8303,36.8455],[7.8281,36.8461],[7.8259,36.8464],[7.8227,36.8467],[7.8205,36.8473],[7.8197,36.8475],[7.8174,36.8481],[7.8156,36.8488],[7.8152,36.849],[7.8124,36.8497],[7.8107,36.85],[7.8077,36.851],[7.8053,36.8519],[7.8029,36.8528],[7.7998,36.8538],[7.7973,36.8548],[7.7953,36.8556],[7.7905,36.858],[7.7876,36.8593],[7.7827,36.8619],[7.7798,36.8635],[7.7782,36.8645],[7.7766,36.8654],[7.7749,36.8667],[7.7743,36.8674],[7.7734,36.8668],[7.7729,36.8664],[7.7725,36.8662],[7.7724,36.8659],[7.7723,36.8657],[7.7718,36.8655],[7.771,36.8649],[7.7705,36.8643],[7.7702,36.8641],[7.77,36.8639],[7.7692,36.8633],[7.7683,36.8625],[7.768,36.8628],[7.7677,36.8629],[7.7687,36.8646],[7.7697,36.866],[7.7703,36.8666],[7.7706,36.8668],[7.7713,36.8671],[7.7718,36.8672],[7.7718,36.8673],[7.772,36.8673],[7.7726,36.8674],[7.7726,36.8673],[7.7727,36.8672],[7.7731,36.8672],[7.7735,36.8675],[7.7736,36.8678],[7.7733,36.8682],[7.7725,36.8687],[7.7714,36.8696],[7.7704,36.8705],[7.7688,36.8718],[7.7679,36.8726],[7.7656,36.8749],[7.7656,36.8762],[7.7653,36.8767],[7.7678,36.8778],[7.7677,36.8779],[7.7641,36.8764],[7.7639,36.8768],[7.7675,36.8783],[7.7673,36.8784],[7.7648,36.8773],[7.7645,36.8774],[7.7642,36.8777],[7.7638,36.8781],[7.7631,36.8789],[7.763,36.8793],[7.763,36.8796],[7.7642,36.8801],[7.7641,36.8802],[7.7629,36.8797],[7.7615,36.8817],[7.7615,36.8822],[7.7616,36.8826],[7.7631,36.8829],[7.763,36.8831],[7.762,36.8829],[7.7616,36.8832],[7.7612,36.8841],[7.7637,36.8862],[7.7639,36.8864],[7.764,36.8867],[7.7639,36.8871],[7.7635,36.8879],[7.7672,36.891],[7.7685,36.892],[7.7689,36.8923],[7.7738,36.8962],[7.7766,36.8984],[7.777,36.8987],[7.7771,36.8991],[7.7771,36.9001],[7.7768,36.9001],[7.7768,36.8992],[7.7762,36.8991],[7.7757,36.9001],[7.7789,36.9018],[7.7796,36.902],[7.7795,36.9022],[7.7789,36.902],[7.7779,36.9029],[7.7756,36.9012],[7.7748,36.9005],[7.7732,36.8992],[7.7712,36.8977],[7.7693,36.8965],[7.7673,36.8947],[7.7608,36.8946],[7.7608,36.8967],[7.7646,36.8968],[7.7645,36.8962],[7.7659,36.8962],[7.7658,36.8977],[7.7668,36.8985],[7.7684,36.8999],[7.7715,36.903],[7.7732,36.9039],[7.7741,36.9031],[7.7745,36.9034],[7.774,36.904],[7.7745,36.9044],[7.775,36.905],[7.7756,36.9057],[7.7758,36.9064],[7.7767,36.9072],[7.7763,36.9076],[7.777,36.9081],[7.7786,36.9086],[7.7803,36.9072],[7.781,36.9067],[7.7815,36.906],[7.7819,36.9052],[7.7818,36.9032],[7.7822,36.9032],[7.7823,36.9051],[7.7817,36.9064],[7.7805,36.9074],[7.7804,36.9075],[7.7787,36.9089],[7.7768,36.9083],[7.7763,36.9078],[7.7758,36.9076],[7.7752,36.9079],[7.7756,36.9084],[7.7743,36.9091],[7.7731,36.9088],[7.7726,36.9093],[7.7717,36.9101],[7.7717,36.9119],[7.7719,36.9128],[7.7713,36.9136],[7.7714,36.9152],[7.7712,36.9157],[7.7706,36.9159],[7.7699,36.9158],[7.7689,36.9161],[7.7682,36.9169],[7.7672,36.9177],[7.7646,36.9203],[7.7639,36.9212],[7.7636,36.9218],[7.7636,36.9221],[7.7638,36.9223],[7.7641,36.9227],[7.7638,36.9231],[7.763,36.9248],[7.7623,36.9253],[7.7622,36.9255],[7.7615,36.9268],[7.7605,36.9293],[7.7605,36.9295],[7.7605,36.9296],[7.7606,36.9297],[7.761,36.9299],[7.7612,36.93],[7.7613,36.9302],[7.7613,36.9305],[7.7615,36.9309],[7.7621,36.9319],[7.7624,36.9321],[7.7626,36.9324],[7.7627,36.9327],[7.7626,36.9329],[7.7632,36.9336],[7.7644,36.9341],[7.7644,36.9341],[7.7649,36.9341],[7.7658,36.9342],[7.7663,36.9337],[7.7667,36.9335],[7.7668,36.9336],[7.7669,36.9339],[7.7669,36.9342],[7.7666,36.9344],[7.7662,36.9344],[7.7668,36.9348],[7.7668,36.9351],[7.7665,36.9351],[7.7666,36.9353],[7.7669,36.9353],[7.7672,36.9355],[7.7674,36.9358],[7.7675,36.9368],[7.7671,36.937],[7.7667,36.9372],[7.7667,36.9376],[7.7671,36.9377],[7.7677,36.938],[7.7673,36.9384],[7.7675,36.9386],[7.7673,36.939],[7.7671,36.9392],[7.7676,36.9397],[7.7674,36.9399],[7.767,36.9403],[7.7673,36.9406],[7.7676,36.9407],[7.7676,36.9409],[7.7679,36.9413],[7.7682,36.9414],[7.7681,36.9415],[7.7677,36.9415],[7.7675,36.9418],[7.7675,36.9425],[7.7677,36.9437],[7.7683,36.9445],[7.7682,36.9448],[7.7683,36.9451],[7.7686,36.9453],[7.7694,36.9452],[7.7698,36.9454],[7.7699,36.9457],[7.7699,36.946],[7.7702,36.9462],[7.7706,36.9466],[7.7713,36.9469],[7.7716,36.947],[7.7719,36.9468],[7.7723,36.9468],[7.7727,36.9468],[7.7734,36.9466],[7.774,36.9464],[7.7743,36.9466],[7.7747,36.9468],[7.7749,36.9471],[7.7751,36.9471],[7.7749,36.9473],[7.7751,36.9475],[7.7749,36.9477],[7.775,36.9479],[7.7753,36.9479],[7.7752,36.9481],[7.7751,36.9483],[7.7754,36.9489],[7.7763,36.9493],[7.7766,36.9493],[7.7765,36.9494],[7.7771,36.9497],[7.7778,36.9497],[7.7782,36.9497],[7.7788,36.9494],[7.7796,36.9497],[7.7801,36.9497],[7.7803,36.9498],[7.7806,36.9498],[7.7809,36.9503],[7.7812,36.9504],[7.7812,36.9509],[7.7816,36.9511],[7.782,36.951],[7.7824,36.9513],[7.7822,36.9517],[7.7824,36.9518],[7.7825,36.9521],[7.7823,36.9522],[7.7824,36.9525],[7.7823,36.9526],[7.7825,36.9529],[7.7826,36.9532],[7.7824,36.9533],[7.7822,36.9532],[7.7814,36.9536],[7.7811,36.954],[7.781,36.9544],[7.7808,36.9548],[7.7808,36.9552],[7.7813,36.9553],[7.7816,36.9554],[7.7813,36.9556],[7.7809,36.9559],[7.7809,36.9559],[7.7805,36.9559],[7.7802,36.957],[7.7803,36.9578],[7.7804,36.9583],[7.7811,36.9586],[7.7816,36.9587],[7.7816,36.9587],[7.7817,36.9591],[7.7817,36.9591],[7.7814,36.9597],[7.7817,36.9601],[7.782,36.9603],[7.7821,36.9603],[7.7825,36.9605],[7.7829,36.9605],[7.7834,36.9605],[7.7835,36.961],[7.7837,36.9616],[7.7839,36.9619],[7.7844,36.9619],[7.7849,36.9622],[7.7852,36.9621],[7.7854,36.9624],[7.7856,36.9624],[7.7858,36.9624],[7.7863,36.9623],[7.7868,36.9625],[7.787,36.9628],[7.7872,36.9634],[7.787,36.9638],[7.787,36.9644],[7.7877,36.9646],[7.788,36.9645],[7.7882,36.9646],[7.788,36.9648],[7.7884,36.965],[7.7886,36.9649],[7.7889,36.965],[7.7891,36.9649],[7.7892,36.965],[7.7895,36.9648],[7.7897,36.9646],[7.79,36.9647],[7.7901,36.965],[7.7903,36.9653],[7.7911,36.9654],[7.7916,36.9654],[7.7919,36.9656],[7.7923,36.966],[7.7922,36.9663],[7.792,36.9665],[7.792,36.9667],[7.7921,36.9669],[7.7924,36.9669],[7.7925,36.9667],[7.7929,36.9665],[7.7932,36.9667],[7.7935,36.9665],[7.7937,36.9665],[7.7934,36.9671],[7.7933,36.967],[7.7932,36.9669],[7.793,36.9671],[7.7926,36.9672],[7.7924,36.9671],[7.7921,36.9672],[7.792,36.9675],[7.7917,36.9676],[7.7916,36.9674],[7.7914,36.9673],[7.7911,36.9673],[7.7912,36.9676],[7.791,36.9677],[7.7914,36.9679],[7.7916,36.9682],[7.7919,36.9685],[7.7924,36.9685],[7.7927,36.9688],[7.7927,36.9691],[7.7926,36.9694],[7.7923,36.9694],[7.792,36.9691],[7.7917,36.9693],[7.7912,36.9691],[7.7912,36.9689],[7.7914,36.9686],[7.7912,36.9686],[7.791,36.9686],[7.7907,36.9689],[7.7905,36.9692],[7.7902,36.9691],[7.79,36.9688],[7.7903,36.9685],[7.7903,36.9683],[7.7901,36.9682],[7.7901,36.968],[7.7901,36.9678],[7.7902,36.9678],[7.7901,36.9677],[7.79,36.9677],[7.7897,36.9678],[7.7896,36.9681],[7.7893,36.9681],[7.7894,36.9678],[7.7897,36.9675],[7.7897,36.9675],[7.7906,36.9674],[7.7905,36.9672],[7.7903,36.9669],[7.7898,36.9667],[7.7891,36.9669],[7.789,36.9669],[7.7885,36.9674],[7.7877,36.9678],[7.7874,36.9683],[7.787,36.9687],[7.7861,36.9694],[7.7859,36.9694],[7.7853,36.9692],[7.785,36.9687],[7.7848,36.9682],[7.7846,36.9679],[7.784,36.9682],[7.7834,36.969],[7.7832,36.9693],[7.7828,36.9695],[7.7819,36.9697],[7.7822,36.9689],[7.7819,36.9689],[7.7826,36.9675],[7.782,36.9675],[7.782,36.9666],[7.7814,36.9663],[7.7805,36.9662],[7.7803,36.9665],[7.7796,36.9667],[7.7794,36.9665],[7.7789,36.9667],[7.7783,36.9665],[7.7774,36.9667],[7.7771,36.9673],[7.7766,36.9671],[7.7762,36.967],[7.7761,36.9666],[7.7762,36.9663],[7.776,36.9659],[7.7757,36.966],[7.7759,36.9657],[7.7761,36.9655],[7.7765,36.9652],[7.7762,36.9648],[7.7763,36.9645],[7.7763,36.9641],[7.776,36.9633],[7.7759,36.9626],[7.7754,36.9622],[7.7746,36.962],[7.7741,36.9621],[7.7737,36.9624],[7.7732,36.9623],[7.7726,36.9622],[7.7726,36.9618],[7.7726,36.9612],[7.7719,36.9611],[7.7715,36.9604],[7.7715,36.9599],[7.7712,36.9599],[7.7712,36.9604],[7.7706,36.9604],[7.7702,36.9595],[7.769,36.9589],[7.7685,36.96],[7.768,36.9598],[7.7679,36.9582],[7.765,36.9584],[7.7645,36.9592],[7.7637,36.9591],[7.7629,36.9586],[7.7626,36.9587],[7.7621,36.9589],[7.7616,36.9591],[7.7616,36.9585],[7.7603,36.9587],[7.7597,36.9583],[7.7597,36.9588],[7.7571,36.9582],[7.7581,36.9567],[7.7546,36.9569],[7.7546,36.9574],[7.7533,36.957],[7.7514,36.9572],[7.7514,36.9579],[7.7495,36.9578],[7.7488,36.9573],[7.7475,36.9578],[7.746,36.9576],[7.7453,36.9563],[7.7431,36.9568],[7.7427,36.9578],[7.7395,36.9579],[7.7373,36.9574],[7.7357,36.9567],[7.7357,36.9562],[7.7341,36.9562],[7.7332,36.9544],[7.7303,36.9538],[7.7297,36.9556],[7.7287,36.9551],[7.7287,36.9546],[7.7277,36.955],[7.7265,36.9546],[7.7265,36.9551],[7.7239,36.9554],[7.721,36.9553],[7.7201,36.953],[7.7188,36.953],[7.7181,36.9524],[7.7181,36.9523],[7.7177,36.9522],[7.7176,36.9525],[7.7166,36.9526],[7.7162,36.9524],[7.7154,36.9526],[7.7151,36.9525],[7.7145,36.9524],[7.7152,36.952],[7.7146,36.9518],[7.7148,36.9516],[7.7145,36.9514],[7.7144,36.9514],[7.7143,36.9514],[7.7141,36.9513],[7.714,36.9513],[7.7136,36.9516],[7.7132,36.9513],[7.7135,36.9512],[7.7127,36.951],[7.7124,36.9508],[7.7125,36.9506],[7.7128,36.9506],[7.7128,36.9503],[7.7127,36.9501],[7.7127,36.9499],[7.7127,36.9497],[7.7124,36.9496],[7.7122,36.9495],[7.7119,36.9495],[7.7118,36.9496],[7.7117,36.9498],[7.7114,36.9497],[7.7113,36.9498],[7.7111,36.9496],[7.7109,36.9495],[7.7105,36.9497],[7.7101,36.9496],[7.7098,36.9495],[7.7097,36.9494],[7.7097,36.9493],[7.7095,36.9491],[7.7092,36.949],[7.709,36.9489],[7.7084,36.9489],[7.7079,36.9488],[7.7074,36.9489],[7.7069,36.949],[7.706,36.9492],[7.7053,36.9495],[7.7049,36.9497],[7.7044,36.9499],[7.7036,36.9505],[7.7026,36.9508],[7.7021,36.951],[7.7018,36.9513],[7.7015,36.9516],[7.7013,36.9519],[7.7012,36.9522],[7.7011,36.9524],[7.7012,36.9525],[7.7014,36.9528],[7.7016,36.953],[7.7016,36.9532],[7.7025,36.9534],[7.7025,36.9536],[7.7014,36.954],[7.7013,36.9545],[7.7017,36.9545],[7.7017,36.9548],[7.7013,36.955],[7.7015,36.9558],[7.7024,36.9568],[7.7025,36.9569],[7.7026,36.9579],[7.702,36.9594],[7.7031,36.9594],[7.7035,36.9603],[7.7036,36.9615],[7.7026,36.9622],[7.7023,36.9636],[7.7017,36.9636],[7.7012,36.9625],[7.7004,36.9607],[7.6995,36.9608],[7.699,36.9613],[7.6981,36.961],[7.698,36.96],[7.697,36.9604],[7.6967,36.962],[7.6958,36.9617],[7.695,36.9614],[7.695,36.961],[7.6937,36.9599],[7.6935,36.9593],[7.692,36.9593],[7.6916,36.9599],[7.6918,36.9607],[7.6912,36.9609],[7.6908,36.9606],[7.6906,36.9615],[7.69,36.9615],[7.6895,36.962],[7.6898,36.963],[7.6895,36.9636],[7.6886,36.9638],[7.688,36.9632],[7.6868,36.9631],[7.686,36.9636],[7.6853,36.9654],[7.6844,36.9652],[7.6827,36.9682],[7.6817,36.9686],[7.6801,36.9685],[7.6816,36.9703],[7.681,36.9718],[7.6798,36.9719],[7.6782,36.9716],[7.6776,36.9713],[7.6772,36.9715],[7.6774,36.9712],[7.6769,36.9697],[7.6766,36.9697],[7.6766,36.9702],[7.6759,36.9702],[7.6759,36.9695],[7.6753,36.9694],[7.6753,36.9692],[7.6766,36.9694],[7.6763,36.9684],[7.6757,36.9684],[7.6767,36.9666],[7.6731,36.9663],[7.6731,36.9671],[7.6725,36.9671],[7.6725,36.9676],[7.6715,36.9677],[7.672,36.9663],[7.6707,36.966],[7.6674,36.9664],[7.6668,36.9652],[7.6648,36.9652],[7.6651,36.9662],[7.6632,36.9665],[7.6632,36.967],[7.661,36.9672],[7.6611,36.968],[7.6603,36.9685],[7.6597,36.9682],[7.6592,36.9689],[7.6595,36.9698],[7.6599,36.9716],[7.6606,36.9716],[7.6605,36.9726],[7.6615,36.9726],[7.6615,36.9729],[7.6602,36.9734],[7.6595,36.9746],[7.6602,36.9747],[7.6602,36.9749],[7.6595,36.9749],[7.6595,36.9782],[7.6595,36.9785],[7.6592,36.9785],[7.6582,36.9785],[7.6579,36.9772],[7.6566,36.9774],[7.6576,36.9782],[7.6566,36.9785],[7.6565,36.9778],[7.6556,36.9779],[7.656,36.9767],[7.6574,36.9764],[7.6579,36.9746],[7.656,36.9743],[7.6557,36.9751],[7.6547,36.9754],[7.6547,36.9748],[7.6538,36.9748],[7.654,36.9739],[7.6531,36.9743],[7.6525,36.9733],[7.6535,36.9728],[7.6519,36.9728],[7.6526,36.9697],[7.6513,36.9703],[7.6503,36.9702],[7.651,36.9674],[7.6491,36.9678],[7.6494,36.9671],[7.6472,36.9671],[7.6472,36.9676],[7.6459,36.9676],[7.6462,36.9668],[7.645,36.9665],[7.6453,36.9655],[7.645,36.9655],[7.6443,36.9663],[7.6429,36.9665],[7.6432,36.965],[7.6429,36.9647],[7.6434,36.9629],[7.6415,36.9631],[7.6415,36.9642],[7.6404,36.964],[7.6403,36.963],[7.6396,36.9634],[7.6396,36.964],[7.639,36.9641],[7.6393,36.9631],[7.6386,36.9631],[7.6381,36.9644],[7.6377,36.9641],[7.6378,36.9629],[7.6364,36.9629],[7.6356,36.9635],[7.6344,36.9636],[7.634,36.9644],[7.633,36.9653],[7.6325,36.9646],[7.6318,36.9649],[7.6316,36.9638],[7.6307,36.9639],[7.6309,36.9655],[7.6303,36.9654],[7.6299,36.966],[7.6295,36.9658],[7.6294,36.9652],[7.6284,36.9654],[7.6288,36.964],[7.628,36.9635],[7.6267,36.9634],[7.626,36.9628],[7.6252,36.9626],[7.6245,36.9625],[7.6235,36.9619],[7.6224,36.9615],[7.6213,36.9614],[7.6203,36.9621],[7.6189,36.9627],[7.6181,36.9643],[7.6169,36.9647],[7.6156,36.9642],[7.6146,36.9643],[7.6133,36.9642],[7.6117,36.965],[7.6101,36.9672],[7.6088,36.9682],[7.6081,36.9688],[7.6071,36.9692],[7.6062,36.9688],[7.6055,36.9684],[7.6043,36.9676],[7.6034,36.9675],[7.6008,36.9681],[7.6004,36.9688],[7.5995,36.9691],[7.5988,36.9698],[7.5978,36.97],[7.5927,36.9723],[7.592,36.9734],[7.5914,36.9733],[7.5907,36.9759],[7.59,36.9759],[7.5897,36.9769],[7.5881,36.9769],[7.5873,36.9774],[7.5868,36.978],[7.5849,36.9778],[7.582,36.9791],[7.5811,36.9799],[7.5797,36.98],[7.5787,36.9809],[7.5787,36.9814],[7.5768,36.9822],[7.5768,36.9827],[7.5742,36.9832],[7.5742,36.9837],[7.5726,36.9837],[7.5718,36.9844],[7.5679,36.9851],[7.567,36.986],[7.5663,36.9874],[7.565,36.9872],[7.5629,36.9884],[7.5631,36.9889],[7.5613,36.9915],[7.56,36.9912],[7.5596,36.9922],[7.559,36.9922],[7.559,36.9917],[7.5575,36.9932],[7.5581,36.9958],[7.5563,37.0001],[7.5548,37.004],[7.553,37.006],[7.5525,37.0059],[7.5514,37.0056],[7.5504,37.0061],[7.5466,37.0067],[7.5469,37.0072],[7.5436,37.009],[7.5436,37.0095],[7.542,37.0103],[7.5417,37.011],[7.5416,37.011],[7.541,37.011],[7.5407,37.0116],[7.5404,37.0123],[7.5391,37.0125],[7.5391,37.0133],[7.5375,37.0135],[7.5374,37.014],[7.5358,37.014],[7.5358,37.0145],[7.5294,37.0165],[7.5294,37.017],[7.5281,37.0173],[7.5281,37.018],[7.5265,37.0185],[7.525,37.0201],[7.5236,37.0247],[7.521,37.0282],[7.5196,37.0326],[7.5199,37.0328],[7.519,37.0354],[7.5181,37.038],[7.5174,37.0379],[7.5168,37.0397],[7.5135,37.0419],[7.5123,37.0424],[7.5122,37.0424],[7.5103,37.0422],[7.51,37.0422],[7.5068,37.0419],[7.5068,37.0414],[7.5055,37.0418],[7.5052,37.0415],[7.5033,37.0416],[7.5029,37.0424],[7.5023,37.0424],[7.5023,37.0419],[7.4991,37.0416],[7.4991,37.0421],[7.4981,37.0421],[7.4975,37.0408],[7.4873,37.0412],[7.4876,37.0417],[7.4843,37.0427],[7.4843,37.0432],[7.4827,37.0432],[7.4827,37.0437],[7.4798,37.0438],[7.4795,37.044],[7.4785,37.0437],[7.476,37.0441],[7.476,37.0446],[7.4753,37.0446],[7.4753,37.0451],[7.4747,37.0451],[7.4747,37.0456],[7.4715,37.0456],[7.4715,37.0451],[7.4679,37.045],[7.467,37.0466],[7.4647,37.0456],[7.4612,37.0458],[7.458,37.0446],[7.458,37.0452],[7.4561,37.045],[7.4548,37.044],[7.4526,37.0444],[7.4481,37.044],[7.4481,37.0445],[7.4459,37.0437],[7.4456,37.0427],[7.4436,37.0423],[7.443,37.0428],[7.4414,37.0426],[7.4411,37.0436],[7.4407,37.0436],[7.4408,37.0429],[7.4401,37.0429],[7.4398,37.0421],[7.4369,37.0423],[7.4369,37.0418],[7.4356,37.0417],[7.4331,37.0405],[7.4331,37.0412],[7.4324,37.0415],[7.4328,37.0405],[7.4312,37.0403],[7.4305,37.0406],[7.4296,37.0402],[7.4296,37.0394],[7.4293,37.0394],[7.4286,37.0404],[7.4283,37.0404],[7.4283,37.0399],[7.4261,37.0397],[7.4238,37.0401],[7.4232,37.039],[7.413,37.0385],[7.4123,37.039],[7.4078,37.0399],[7.4065,37.0414],[7.4052,37.0419],[7.4045,37.0439],[7.4052,37.0439],[7.4051,37.0457],[7.3984,37.0463],[7.3965,37.0461],[7.3963,37.0466],[7.3954,37.0489],[7.3941,37.0494],[7.3941,37.05],[7.3948,37.05],[7.3941,37.0515],[7.3928,37.0517],[7.3928,37.0512],[7.3925,37.0512],[7.3925,37.0525],[7.3912,37.0525],[7.3912,37.0533],[7.3899,37.0538],[7.39,37.0542],[7.391,37.0545],[7.3911,37.0551],[7.3899,37.055],[7.3898,37.0544],[7.3867,37.0547],[7.3866,37.0573],[7.385,37.0578],[7.3838,37.0593],[7.384,37.0601],[7.3833,37.0601],[7.3828,37.0611],[7.3825,37.062],[7.383,37.0621],[7.3825,37.0624],[7.3823,37.0623],[7.3816,37.0628],[7.3812,37.0634],[7.3811,37.0645],[7.3813,37.0656],[7.3819,37.0665],[7.3828,37.0673],[7.3836,37.0674],[7.3836,37.0669],[7.3838,37.0669],[7.3838,37.0668],[7.3843,37.0666],[7.3843,37.0667],[7.3839,37.0668],[7.3839,37.0673],[7.3839,37.0673],[7.3839,37.0676],[7.3842,37.0675],[7.3842,37.0678],[7.3843,37.0678],[7.3842,37.0675],[7.3844,37.0675],[7.385,37.0676],[7.3851,37.0672],[7.3854,37.0672],[7.3854,37.0675],[7.3866,37.0675],[7.3864,37.0671],[7.3861,37.0665],[7.3855,37.0664],[7.3853,37.0664],[7.3851,37.0664],[7.3851,37.0662],[7.3853,37.0661],[7.3858,37.0662],[7.3862,37.0663],[7.3867,37.0673],[7.3873,37.0678],[7.3882,37.0678],[7.3887,37.068],[7.3891,37.069],[7.3906,37.0698],[7.3903,37.0702],[7.3911,37.0706],[7.3919,37.0733],[7.3914,37.0741],[7.392,37.0741],[7.392,37.0746],[7.3933,37.0746],[7.3933,37.0767],[7.3942,37.0767],[7.3948,37.0776],[7.3961,37.078],[7.3959,37.0788],[7.3962,37.0793],[7.3954,37.0805],[7.3941,37.0808],[7.3938,37.0814],[7.3938,37.0815],[7.3925,37.081],[7.3932,37.0802],[7.3938,37.0795],[7.3929,37.0795],[7.3929,37.079],[7.3935,37.079],[7.3932,37.0779],[7.3923,37.0784],[7.3919,37.0786],[7.3907,37.0783],[7.3891,37.0779],[7.389,37.0784],[7.3884,37.0781],[7.3884,37.0787],[7.3871,37.0789],[7.3871,37.0802],[7.3864,37.0802],[7.3872,37.0821],[7.3882,37.0825],[7.3883,37.0835],[7.3869,37.0823],[7.3861,37.0822],[7.3857,37.0835],[7.3848,37.0825],[7.3838,37.0824],[7.3838,37.0819],[7.3826,37.0822],[7.3825,37.0832],[7.3809,37.0832],[7.3809,37.0847],[7.3806,37.0847],[7.3806,37.0839],[7.3793,37.0839],[7.3793,37.0832],[7.38,37.0832],[7.3797,37.0826],[7.3784,37.0826],[7.3791,37.0811],[7.3781,37.0813],[7.3781,37.0806],[7.3765,37.0808],[7.3765,37.0818],[7.3758,37.0818],[7.3758,37.0823],[7.3742,37.0821],[7.3742,37.0826],[7.372,37.0825],[7.3714,37.0814],[7.3714,37.0812],[7.3698,37.0812],[7.3692,37.0792],[7.3695,37.079],[7.3703,37.0787],[7.3705,37.0776],[7.3721,37.0774],[7.3724,37.0766],[7.3718,37.0766],[7.3723,37.0748],[7.3734,37.0733],[7.3728,37.0736],[7.3735,37.0715],[7.3696,37.0711],[7.3684,37.0714],[7.3684,37.0709],[7.3677,37.0712],[7.3677,37.0701],[7.3655,37.0704],[7.3652,37.0693],[7.3604,37.0693],[7.3604,37.0688],[7.3594,37.0687],[7.3597,37.07],[7.3581,37.0703],[7.3581,37.0716],[7.3578,37.0716],[7.3578,37.0708],[7.3565,37.0711],[7.3546,37.071],[7.3546,37.0702],[7.3559,37.0695],[7.3553,37.0695],[7.3553,37.0689],[7.3527,37.069],[7.352,37.0695],[7.3511,37.0694],[7.3519,37.0671],[7.3515,37.0663],[7.3508,37.0664],[7.346,37.0654],[7.3428,37.0662],[7.3425,37.0654],[7.3381,37.0645],[7.3291,37.0655],[7.3291,37.065],[7.3275,37.0655],[7.3265,37.0673],[7.3255,37.0672],[7.3251,37.0683],[7.3248,37.0683],[7.3245,37.0672],[7.3213,37.0667],[7.3213,37.0672],[7.3181,37.0682],[7.3178,37.0689],[7.3165,37.0688],[7.3149,37.0697],[7.3145,37.0707],[7.3116,37.0709],[7.3116,37.0704],[7.3094,37.0711],[7.3094,37.0716],[7.3071,37.0716],[7.3071,37.0721],[7.3062,37.0721],[7.3066,37.0726],[7.3057,37.0757],[7.3051,37.0757],[7.3051,37.0762],[7.3016,37.0769],[7.3016,37.0764],[7.2996,37.0766],[7.2999,37.0782],[7.2993,37.0782],[7.2989,37.0789],[7.2967,37.0789],[7.2965,37.0797],[7.297,37.0802],[7.2932,37.0799],[7.2928,37.0807],[7.2912,37.0799],[7.2912,37.0804],[7.2909,37.0804],[7.2909,37.0788],[7.2897,37.0784],[7.2874,37.0785],[7.2871,37.0775],[7.2842,37.0767],[7.2843,37.0764],[7.2859,37.0767],[7.2859,37.0762],[7.2875,37.076],[7.2876,37.0758],[7.2878,37.0753],[7.2888,37.0752],[7.289,37.0737],[7.2879,37.0711],[7.2869,37.0708],[7.287,37.07],[7.2855,37.0692],[7.2854,37.0691],[7.2831,37.0687],[7.2832,37.0682],[7.2819,37.0684],[7.2819,37.0679],[7.2736,37.0659],[7.2717,37.0662],[7.2716,37.067],[7.27,37.0672],[7.27,37.0677],[7.2668,37.0679],[7.2668,37.0685],[7.2652,37.0682],[7.2647,37.0697],[7.2648,37.0702],[7.2642,37.0702],[7.2639,37.071],[7.2626,37.0712],[7.2612,37.074],[7.2619,37.074],[7.2615,37.0745],[7.2606,37.0744],[7.2593,37.0748],[7.2593,37.0743],[7.2583,37.0745],[7.2589,37.0758],[7.258,37.0754],[7.2557,37.076],[7.2554,37.0778],[7.256,37.0778],[7.256,37.0786],[7.255,37.0782],[7.2537,37.0785],[7.2538,37.078],[7.2531,37.0783],[7.2533,37.079],[7.2528,37.0796],[7.2521,37.0793],[7.2521,37.0798],[7.2515,37.0798],[7.2515,37.0803],[7.2499,37.0798],[7.2495,37.0808],[7.2482,37.0808],[7.2483,37.0803],[7.2473,37.0806],[7.2451,37.0802],[7.245,37.0805],[7.2457,37.0805],[7.245,37.0818],[7.2441,37.0811],[7.2418,37.0817],[7.2418,37.0822],[7.2405,37.0825],[7.2402,37.0832],[7.2382,37.0835],[7.2386,37.0827],[7.237,37.0829],[7.237,37.0834],[7.2354,37.0834],[7.2353,37.0842],[7.2337,37.0849],[7.2331,37.0859],[7.2324,37.0859],[7.2324,37.0864],[7.2314,37.0864],[7.2315,37.0859],[7.2289,37.0859],[7.2289,37.0864],[7.2237,37.0867],[7.2193,37.0852],[7.2189,37.0862],[7.2177,37.0866],[7.2161,37.0862],[7.2161,37.0857],[7.2151,37.0862],[7.2157,37.087],[7.2141,37.0869],[7.2142,37.0885]]],[[[-1.913,35.0882],[-1.9133,35.0882],[-1.9133,35.088],[-1.913,35.088],[-1.913,35.0882]]],[[[-2.1321,35.093],[-2.1321,35.0935],[-2.1327,35.0932],[-2.1328,35.0926],[-2.1321,35.093]]],[[[-1.8715,35.1027],[-1.8715,35.1028],[-1.8716,35.1029],[-1.8717,35.1028],[-1.8717,35.1028],[-1.8717,35.1027],[-1.8715,35.1027]]],[[[-1.8715,35.1032],[-1.8718,35.1032],[-1.8718,35.1031],[-1.8718,35.103],[-1.8715,35.1029],[-1.8715,35.1032]]],[[[-1.6445,35.2009],[-1.6451,35.2009],[-1.6454,35.2009],[-1.6454,35.2007],[-1.6453,35.2006],[-1.6445,35.2006],[-1.6445,35.2009]]],[[[-1.6371,35.213],[-1.6378,35.2132],[-1.638,35.213],[-1.6379,35.2129],[-1.6377,35.2126],[-1.6379,35.2126],[-1.638,35.2127],[-1.6381,35.2128],[-1.6381,35.2125],[-1.6385,35.2125],[-1.6384,35.2124],[-1.6381,35.2124],[-1.6379,35.2124],[-1.6378,35.2121],[-1.6376,35.212],[-1.6375,35.212],[-1.6367,35.2115],[-1.6366,35.2115],[-1.6367,35.2116],[-1.6368,35.212],[-1.6369,35.2122],[-1.6368,35.2124],[-1.6371,35.213]]],[[[-1.6304,35.219],[-1.6338,35.2185],[-1.6339,35.2183],[-1.6323,35.2181],[-1.6307,35.2185],[-1.6307,35.2187],[-1.6304,35.2187],[-1.6304,35.219]]],[[[-1.6081,35.2306],[-1.6091,35.231],[-1.6093,35.2311],[-1.6095,35.2307],[-1.6089,35.2306],[-1.6082,35.2304],[-1.6081,35.2306]]],[[[-1.4806,35.2988],[-1.4807,35.2988],[-1.4807,35.2987],[-1.4806,35.2984],[-1.4805,35.2984],[-1.4804,35.2984],[-1.4803,35.2984],[-1.4804,35.2985],[-1.4805,35.2985],[-1.4804,35.2987],[-1.4805,35.2988],[-1.4805,35.2987],[-1.4806,35.2988]]],[[[-1.4811,35.3013],[-1.4812,35.3015],[-1.4811,35.3017],[-1.481,35.3018],[-1.4809,35.3019],[-1.481,35.3021],[-1.481,35.3021],[-1.481,35.3023],[-1.481,35.3023],[-1.4812,35.3023],[-1.4812,35.3022],[-1.4813,35.3021],[-1.4815,35.3019],[-1.4817,35.3018],[-1.4818,35.3016],[-1.4818,35.3015],[-1.4817,35.3015],[-1.4816,35.3013],[-1.4817,35.3013],[-1.4816,35.3012],[-1.4816,35.3011],[-1.4817,35.3011],[-1.4818,35.301],[-1.4819,35.3009],[-1.482,35.3008],[-1.482,35.3007],[-1.4816,35.3008],[-1.4814,35.3009],[-1.4812,35.3011],[-1.4811,35.3013]]],[[[-1.3738,35.313],[-1.3738,35.3131],[-1.3739,35.3131],[-1.3738,35.3136],[-1.3741,35.3134],[-1.3741,35.3132],[-1.3743,35.3129],[-1.3743,35.3125],[-1.3738,35.313]]],[[[-1.3667,35.3146],[-1.3673,35.3146],[-1.3673,35.3144],[-1.3667,35.3144],[-1.3667,35.3146]]],[[[-1.4795,35.3183],[-1.4796,35.3183],[-1.4797,35.3183],[-1.4796,35.3183],[-1.4795,35.3181],[-1.4795,35.3181],[-1.4795,35.3181],[-1.4797,35.3182],[-1.4797,35.3182],[-1.4797,35.3182],[-1.4797,35.3181],[-1.4797,35.3181],[-1.4798,35.3182],[-1.4798,35.3183],[-1.4799,35.3183],[-1.48,35.3183],[-1.4799,35.3182],[-1.4799,35.3181],[-1.4798,35.3181],[-1.4798,35.3181],[-1.4798,35.318],[-1.4796,35.318],[-1.4795,35.318],[-1.4794,35.3179],[-1.4793,35.3179],[-1.4793,35.3181],[-1.4794,35.3181],[-1.4794,35.3182],[-1.4795,35.3183],[-1.4795,35.3183]]],[[[-1.4762,35.3183],[-1.4762,35.3184],[-1.4762,35.3185],[-1.4763,35.3185],[-1.4763,35.3184],[-1.4763,35.3184],[-1.4763,35.3183],[-1.4763,35.3183],[-1.4764,35.3183],[-1.4765,35.3184],[-1.4765,35.3183],[-1.4766,35.3183],[-1.4766,35.3184],[-1.4766,35.3184],[-1.4767,35.3183],[-1.4767,35.3183],[-1.4768,35.3182],[-1.4768,35.3182],[-1.4769,35.3182],[-1.477,35.3182],[-1.477,35.3181],[-1.4768,35.3182],[-1.4769,35.3181],[-1.4769,35.3181],[-1.4769,35.318],[-1.4767,35.3179],[-1.4765,35.3179],[-1.4764,35.318],[-1.4763,35.318],[-1.4762,35.3182],[-1.4762,35.3183]]],[[[-1.4755,35.319],[-1.4755,35.3191],[-1.4756,35.3191],[-1.4757,35.3191],[-1.4757,35.3191],[-1.4758,35.319],[-1.4757,35.319],[-1.4757,35.3189],[-1.4757,35.3189],[-1.4756,35.3189],[-1.4755,35.319]]],[[[-1.4816,35.3196],[-1.4816,35.3196],[-1.4817,35.3197],[-1.4817,35.3197],[-1.4816,35.3197],[-1.4816,35.3198],[-1.4817,35.3198],[-1.4818,35.3199],[-1.4818,35.3196],[-1.4818,35.3196],[-1.4817,35.3196],[-1.4817,35.3195],[-1.4817,35.3195],[-1.4816,35.3196]]],[[[-1.3505,35.3247],[-1.3511,35.3247],[-1.3511,35.3244],[-1.3505,35.3244],[-1.3505,35.3247]]],[[[-1.4809,35.326],[-1.4809,35.3261],[-1.4808,35.3262],[-1.4809,35.3263],[-1.4809,35.3263],[-1.481,35.3262],[-1.4811,35.3262],[-1.4811,35.3261],[-1.4811,35.3261],[-1.4811,35.326],[-1.4812,35.3261],[-1.4812,35.3261],[-1.4813,35.3261],[-1.4813,35.326],[-1.4813,35.3259],[-1.4814,35.3259],[-1.4814,35.3259],[-1.4814,35.326],[-1.4814,35.3261],[-1.4814,35.3262],[-1.4815,35.3263],[-1.4816,35.3263],[-1.4816,35.3262],[-1.4816,35.3261],[-1.4816,35.3261],[-1.4817,35.3261],[-1.4817,35.3261],[-1.4817,35.3262],[-1.4818,35.3263],[-1.4818,35.3262],[-1.4818,35.3262],[-1.4818,35.326],[-1.4818,35.326],[-1.4818,35.3261],[-1.4819,35.3261],[-1.482,35.326],[-1.4819,35.326],[-1.482,35.326],[-1.482,35.326],[-1.4821,35.326],[-1.4821,35.3259],[-1.4823,35.3259],[-1.4823,35.3258],[-1.4823,35.3258],[-1.4823,35.3258],[-1.4822,35.3257],[-1.4822,35.3256],[-1.4821,35.3256],[-1.482,35.3256],[-1.4819,35.3256],[-1.4819,35.3255],[-1.482,35.3255],[-1.482,35.3255],[-1.482,35.3255],[-1.4819,35.3255],[-1.4819,35.3254],[-1.482,35.3254],[-1.482,35.3254],[-1.4822,35.3254],[-1.4822,35.3253],[-1.4823,35.3253],[-1.4823,35.3252],[-1.4823,35.3252],[-1.4824,35.3252],[-1.4825,35.3252],[-1.4824,35.3251],[-1.4825,35.3251],[-1.4826,35.3251],[-1.4826,35.3251],[-1.4826,35.3251],[-1.4827,35.325],[-1.4827,35.325],[-1.4826,35.325],[-1.4826,35.325],[-1.4826,35.3249],[-1.4826,35.3248],[-1.4825,35.3248],[-1.4826,35.3247],[-1.4825,35.3246],[-1.4824,35.3246],[-1.4823,35.3246],[-1.4823,35.3246],[-1.4824,35.3246],[-1.4825,35.3246],[-1.4825,35.3245],[-1.4826,35.3244],[-1.4826,35.3244],[-1.4825,35.3243],[-1.4824,35.3242],[-1.4824,35.3242],[-1.4824,35.3241],[-1.4825,35.3241],[-1.4825,35.3239],[-1.4825,35.3238],[-1.4825,35.3238],[-1.4825,35.3238],[-1.4826,35.3237],[-1.4826,35.3237],[-1.4826,35.3236],[-1.4825,35.3235],[-1.4824,35.3234],[-1.4824,35.3233],[-1.4825,35.3231],[-1.4825,35.323],[-1.4825,35.3229],[-1.4824,35.3229],[-1.4823,35.323],[-1.4822,35.3229],[-1.4821,35.3229],[-1.4821,35.3229],[-1.4822,35.3228],[-1.4822,35.3228],[-1.4822,35.3227],[-1.4821,35.3227],[-1.4821,35.3227],[-1.4821,35.3226],[-1.4821,35.3226],[-1.4821,35.3225],[-1.4822,35.3225],[-1.4822,35.3225],[-1.4824,35.3224],[-1.4824,35.3224],[-1.4823,35.3224],[-1.4823,35.3223],[-1.4824,35.3223],[-1.4825,35.3222],[-1.4826,35.3222],[-1.4827,35.3222],[-1.4826,35.3221],[-1.4826,35.3221],[-1.4826,35.322],[-1.4825,35.3219],[-1.4824,35.322],[-1.4823,35.3219],[-1.4823,35.3219],[-1.4824,35.3219],[-1.4823,35.3218],[-1.4822,35.3218],[-1.4822,35.3217],[-1.4822,35.3217],[-1.4821,35.3217],[-1.4821,35.3217],[-1.4822,35.3216],[-1.4821,35.3216],[-1.482,35.3216],[-1.482,35.3215],[-1.4821,35.3215],[-1.4821,35.3215],[-1.482,35.3214],[-1.482,35.3213],[-1.482,35.3213],[-1.482,35.3213],[-1.482,35.3211],[-1.482,35.3211],[-1.4819,35.3212],[-1.4819,35.3212],[-1.4819,35.3212],[-1.4818,35.3211],[-1.4818,35.3211],[-1.4818,35.3211],[-1.4817,35.3211],[-1.4817,35.321],[-1.4816,35.321],[-1.4816,35.3209],[-1.4815,35.3209],[-1.4816,35.3209],[-1.4817,35.3208],[-1.4817,35.3207],[-1.4816,35.3208],[-1.4815,35.3208],[-1.4815,35.3207],[-1.4815,35.3207],[-1.4816,35.3207],[-1.4815,35.3206],[-1.4815,35.3206],[-1.4814,35.3205],[-1.4814,35.3204],[-1.4814,35.3204],[-1.4814,35.3205],[-1.4813,35.3206],[-1.4813,35.3207],[-1.4813,35.3207],[-1.4812,35.3207],[-1.4811,35.3207],[-1.481,35.3206],[-1.481,35.3205],[-1.4809,35.3205],[-1.4809,35.3204],[-1.4809,35.3203],[-1.481,35.3203],[-1.481,35.3202],[-1.481,35.3202],[-1.481,35.3202],[-1.481,35.3202],[-1.4811,35.3201],[-1.4811,35.3201],[-1.4811,35.3201],[-1.4811,35.32],[-1.4811,35.32],[-1.4811,35.3199],[-1.4811,35.3198],[-1.4811,35.3198],[-1.481,35.3198],[-1.481,35.3198],[-1.481,35.3198],[-1.481,35.3197],[-1.481,35.3196],[-1.481,35.3195],[-1.481,35.3195],[-1.481,35.3194],[-1.481,35.3194],[-1.481,35.3193],[-1.481,35.3193],[-1.4809,35.3192],[-1.4809,35.3192],[-1.4808,35.3191],[-1.4807,35.3191],[-1.4806,35.3191],[-1.4805,35.3191],[-1.4804,35.3191],[-1.4803,35.319],[-1.4802,35.3189],[-1.4801,35.3189],[-1.4801,35.319],[-1.48,35.319],[-1.4798,35.3189],[-1.4797,35.3189],[-1.4797,35.3188],[-1.4796,35.3187],[-1.4796,35.3186],[-1.4796,35.3185],[-1.4795,35.3184],[-1.4794,35.3185],[-1.4794,35.3184],[-1.4793,35.3183],[-1.4793,35.3183],[-1.4793,35.3183],[-1.4792,35.3182],[-1.4792,35.3182],[-1.4791,35.3181],[-1.4789,35.3181],[-1.4788,35.3181],[-1.4787,35.3182],[-1.4786,35.3182],[-1.4786,35.3183],[-1.4786,35.3183],[-1.4785,35.3183],[-1.4784,35.3183],[-1.4782,35.3184],[-1.4781,35.3184],[-1.478,35.3184],[-1.4779,35.3185],[-1.4779,35.3184],[-1.4778,35.3184],[-1.4778,35.3183],[-1.4778,35.3183],[-1.4777,35.3183],[-1.4777,35.3182],[-1.4776,35.3183],[-1.4776,35.3184],[-1.4776,35.3184],[-1.4775,35.3185],[-1.4774,35.3184],[-1.4774,35.3185],[-1.4772,35.3185],[-1.4771,35.3184],[-1.477,35.3184],[-1.4768,35.3184],[-1.4767,35.3185],[-1.4764,35.3185],[-1.4764,35.3185],[-1.4763,35.3185],[-1.4763,35.3186],[-1.4764,35.3187],[-1.4767,35.3186],[-1.4767,35.3187],[-1.4768,35.3189],[-1.4767,35.3191],[-1.4767,35.3192],[-1.4768,35.3192],[-1.4768,35.3193],[-1.4768,35.3193],[-1.4769,35.3194],[-1.4769,35.3195],[-1.4768,35.3196],[-1.4769,35.3196],[-1.4769,35.3197],[-1.4768,35.3197],[-1.4767,35.3197],[-1.4767,35.3197],[-1.4766,35.3199],[-1.4767,35.32],[-1.4766,35.32],[-1.4766,35.3201],[-1.4765,35.3201],[-1.4766,35.3202],[-1.4767,35.3203],[-1.4766,35.3204],[-1.4767,35.3205],[-1.4767,35.3205],[-1.4768,35.3206],[-1.4769,35.3207],[-1.4768,35.3208],[-1.4769,35.321],[-1.477,35.321],[-1.4771,35.321],[-1.4772,35.3211],[-1.477,35.3211],[-1.4771,35.3212],[-1.4773,35.3212],[-1.4776,35.3212],[-1.4778,35.3212],[-1.4781,35.3214],[-1.4782,35.3215],[-1.4783,35.3217],[-1.4784,35.3217],[-1.4784,35.3219],[-1.4784,35.3219],[-1.4784,35.322],[-1.4785,35.3221],[-1.4787,35.322],[-1.4787,35.3221],[-1.4787,35.3222],[-1.4788,35.3223],[-1.4788,35.3224],[-1.4789,35.3225],[-1.4788,35.3225],[-1.4787,35.3226],[-1.4786,35.3228],[-1.4788,35.3228],[-1.4787,35.323],[-1.4787,35.3231],[-1.4788,35.3231],[-1.4787,35.3232],[-1.4787,35.3233],[-1.4786,35.3234],[-1.4784,35.3236],[-1.4782,35.3238],[-1.4781,35.3239],[-1.4781,35.324],[-1.478,35.3241],[-1.478,35.3242],[-1.478,35.3243],[-1.4781,35.3244],[-1.478,35.3245],[-1.478,35.3246],[-1.478,35.3246],[-1.4781,35.3246],[-1.4783,35.3245],[-1.4783,35.3246],[-1.4784,35.3246],[-1.4785,35.3248],[-1.4785,35.3248],[-1.4787,35.3247],[-1.4788,35.3247],[-1.4789,35.3247],[-1.4791,35.3246],[-1.4792,35.3247],[-1.4793,35.3246],[-1.4794,35.3247],[-1.4795,35.3248],[-1.4797,35.3247],[-1.4798,35.3248],[-1.4798,35.3249],[-1.48,35.325],[-1.4801,35.3249],[-1.4803,35.325],[-1.4804,35.3251],[-1.4806,35.3252],[-1.4807,35.3253],[-1.4806,35.3254],[-1.4808,35.3255],[-1.4809,35.3255],[-1.4809,35.3254],[-1.481,35.3255],[-1.4809,35.3256],[-1.481,35.3256],[-1.481,35.3257],[-1.481,35.3257],[-1.481,35.3257],[-1.481,35.3257],[-1.481,35.3258],[-1.4809,35.3258],[-1.481,35.3259],[-1.481,35.3259],[-1.4809,35.326]]],[[[-1.3259,35.349],[-1.3262,35.349],[-1.3262,35.3488],[-1.3259,35.3488],[-1.3259,35.349]]],[[[-1.3102,35.3506],[-1.3105,35.3506],[-1.3105,35.3504],[-1.3102,35.3503],[-1.3102,35.3506]]],[[[-1.2531,35.4099],[-1.2534,35.4099],[-1.2534,35.4097],[-1.2531,35.4097],[-1.2531,35.4099]]],[[[-1.2017,35.5453],[-1.2017,35.5453],[-1.2027,35.5454],[-1.2027,35.5446],[-1.202,35.5445],[-1.2011,35.5443],[-1.2017,35.5453]]],[[[-1.1998,35.5476],[-1.2007,35.5474],[-1.2007,35.5471],[-1.2001,35.547],[-1.1998,35.5476]]],[[[-1.1994,35.5486],[-1.1997,35.5486],[-1.1998,35.5484],[-1.1994,35.5484],[-1.1994,35.5486]]],[[[-1.1978,35.5535],[-1.1991,35.5534],[-1.2006,35.5533],[-1.2,35.5524],[-1.1995,35.5524],[-1.1993,35.5524],[-1.1981,35.5527],[-1.1981,35.5532],[-1.1978,35.5532],[-1.1978,35.5535]]],[[[-1.1974,35.555],[-1.198,35.555],[-1.198,35.5545],[-1.1977,35.5545],[-1.1977,35.5548],[-1.1974,35.5548],[-1.1974,35.555]]],[[[-1.0709,35.6376],[-1.0716,35.6371],[-1.0706,35.6371],[-1.0709,35.6376]]],[[[-1.0718,35.6387],[-1.0725,35.6381],[-1.0715,35.6379],[-1.0718,35.6387]]],[[[-1.069,35.6386],[-1.0696,35.6386],[-1.0696,35.6391],[-1.0703,35.6386],[-1.069,35.6381],[-1.069,35.6386]]],[[[-1.0665,35.6393],[-1.0671,35.6393],[-1.0671,35.6388],[-1.0665,35.6388],[-1.0665,35.6393]]],[[[-1.0702,35.6399],[-1.0709,35.6394],[-1.0702,35.6394],[-1.0702,35.6399]]],[[[-1.071,35.6389],[-1.0715,35.6399],[-1.0721,35.6399],[-1.0721,35.6397],[-1.0718,35.6397],[-1.0715,35.6386],[-1.071,35.6389]]],[[[-1.0586,35.6533],[-1.0586,35.6531],[-1.0574,35.653],[-1.0573,35.6525],[-1.0567,35.6525],[-1.0564,35.6533],[-1.0568,35.6531],[-1.0586,35.6533]]],[[[-1.0465,35.6729],[-1.0463,35.6731],[-1.0461,35.6734],[-1.0467,35.6739],[-1.0469,35.6734],[-1.0472,35.6733],[-1.0471,35.673],[-1.0467,35.6729],[-1.0465,35.6729]]],[[[-1.0207,35.6828],[-1.0213,35.6823],[-1.0207,35.6823],[-1.0207,35.6828]]],[[[-1.0207,35.6836],[-1.0216,35.6836],[-1.0216,35.6831],[-1.0207,35.683],[-1.0207,35.6836]]],[[[-1.1369,35.7219],[-1.1376,35.7219],[-1.1376,35.7216],[-1.1369,35.7216],[-1.1369,35.7219]]],[[[-1.1353,35.7226],[-1.1366,35.7221],[-1.1366,35.7219],[-1.1357,35.7219],[-1.1357,35.7221],[-1.1354,35.7221],[-1.1353,35.7226]]],[[[-1.1255,35.7271],[-1.1264,35.7274],[-1.1264,35.7269],[-1.1277,35.7273],[-1.1305,35.7269],[-1.1305,35.7264],[-1.134,35.7262],[-1.134,35.726],[-1.1331,35.7259],[-1.1328,35.7249],[-1.1321,35.7249],[-1.1328,35.7226],[-1.1331,35.7227],[-1.135,35.7221],[-1.1348,35.7208],[-1.1332,35.7213],[-1.1338,35.7203],[-1.1348,35.7203],[-1.1351,35.719],[-1.1332,35.7189],[-1.1302,35.7208],[-1.1292,35.7228],[-1.1293,35.7236],[-1.1312,35.7233],[-1.1312,35.7239],[-1.1303,35.7238],[-1.1303,35.7244],[-1.1296,35.7245],[-1.1287,35.7259],[-1.1268,35.7258],[-1.1268,35.7264],[-1.1255,35.7263],[-1.1255,35.7266],[-1.1258,35.7266],[-1.1258,35.7269],[-1.1255,35.7269],[-1.1255,35.7271]]],[[[-1.1229,35.7281],[-1.1242,35.7284],[-1.1239,35.7279],[-1.1229,35.7278],[-1.1229,35.7281]]],[[[-1.1204,35.7306],[-1.1188,35.7314],[-1.1188,35.7316],[-1.1213,35.7314],[-1.1213,35.7309],[-1.1238,35.7307],[-1.1235,35.73],[-1.1213,35.7295],[-1.1204,35.7306]]],[[[-0.901,35.7712],[-0.9012,35.772],[-0.9035,35.7712],[-0.9035,35.771],[-0.9031,35.771],[-0.9032,35.7702],[-0.9009,35.7704],[-0.9014,35.7708],[-0.901,35.771],[-0.9003,35.7708],[-0.9001,35.7709],[-0.901,35.7712]]],[[[-0.7887,35.7731],[-0.7887,35.7736],[-0.7899,35.7734],[-0.7899,35.773],[-0.7887,35.7731]]],[[[-0.7959,35.7747],[-0.7953,35.7752],[-0.7954,35.7756],[-0.7973,35.7753],[-0.7963,35.7742],[-0.7953,35.7742],[-0.7949,35.7747],[-0.7957,35.7746],[-0.7959,35.7747]]],[[[-0.2588,35.8267],[-0.2601,35.8266],[-0.2601,35.8264],[-0.2587,35.8265],[-0.2401,35.8209],[-0.2397,35.8204],[-0.2392,35.8205],[-0.2396,35.8211],[-0.2588,35.8267]]],[[[-0.2887,35.8743],[-0.2894,35.8743],[-0.2894,35.8738],[-0.29,35.8738],[-0.2897,35.8734],[-0.2891,35.8734],[-0.2887,35.8738],[-0.2884,35.8738],[-0.2887,35.8743]]],[[[-0.2918,35.8769],[-0.2931,35.8772],[-0.2931,35.8767],[-0.2918,35.8764],[-0.2918,35.8769]]],[[[-0.4717,35.8883],[-0.4723,35.8883],[-0.4723,35.8878],[-0.4726,35.8878],[-0.4726,35.8875],[-0.4717,35.8875],[-0.4717,35.8883]]],[[[1.3162,36.5279],[1.3182,36.5281],[1.3185,36.5282],[1.3185,36.5284],[1.3185,36.5287],[1.3159,36.5282],[1.3142,36.5277],[1.3141,36.5273],[1.3162,36.5279]]],[[[1.5305,36.5402],[1.5305,36.5405],[1.5308,36.5405],[1.5305,36.541],[1.5298,36.541],[1.5299,36.5402],[1.5305,36.5402]]],[[[1.525,36.5451],[1.5237,36.545],[1.5237,36.5448],[1.5256,36.5443],[1.525,36.5451]]],[[[1.3605,36.5542],[1.3596,36.5542],[1.3596,36.5539],[1.3605,36.5537],[1.3605,36.5542]]],[[[1.3659,36.5543],[1.365,36.5543],[1.365,36.554],[1.3663,36.5538],[1.3659,36.5543]]],[[[2.0529,36.5781],[2.0528,36.5781],[2.0527,36.5781],[2.0526,36.5781],[2.0525,36.578],[2.0525,36.578],[2.0527,36.578],[2.0527,36.5779],[2.0525,36.5779],[2.0524,36.5779],[2.0524,36.5779],[2.0523,36.5779],[2.0523,36.5779],[2.0523,36.5778],[2.0524,36.5777],[2.0523,36.5776],[2.0523,36.5776],[2.0523,36.5775],[2.0523,36.5774],[2.0524,36.5774],[2.0525,36.5774],[2.0525,36.5773],[2.0527,36.5773],[2.0527,36.5773],[2.053,36.5774],[2.0532,36.5775],[2.0533,36.5775],[2.0534,36.5775],[2.0533,36.5777],[2.0533,36.5778],[2.0534,36.578],[2.0531,36.578],[2.0529,36.5781]]],[[[2.4597,36.5973],[2.4597,36.5973],[2.4598,36.5973],[2.4597,36.5974],[2.4598,36.5974],[2.4597,36.5974],[2.4597,36.5974],[2.4597,36.5974],[2.4597,36.5974],[2.4597,36.5973],[2.4597,36.5973],[2.4596,36.5973],[2.4596,36.5973],[2.4596,36.5972],[2.4596,36.5972],[2.4596,36.5972],[2.4597,36.5971],[2.4598,36.5971],[2.4599,36.5971],[2.46,36.5971],[2.46,36.5972],[2.4601,36.5972],[2.4602,36.5972],[2.4602,36.5972],[2.4602,36.5972],[2.4603,36.5973],[2.4603,36.5973],[2.4603,36.5973],[2.4602,36.5973],[2.4602,36.5974],[2.4602,36.5974],[2.4601,36.5974],[2.4601,36.5973],[2.4601,36.5974],[2.4601,36.5973],[2.46,36.5974],[2.46,36.5974],[2.4599,36.5974],[2.4599,36.5973],[2.4599,36.5974],[2.4599,36.5973],[2.4598,36.5973],[2.4598,36.5973],[2.4598,36.5973],[2.4597,36.5972],[2.4597,36.5973]]],[[[2.4585,36.5974],[2.4584,36.5974],[2.4583,36.5975],[2.4582,36.5975],[2.4581,36.5975],[2.458,36.5974],[2.4579,36.5974],[2.4579,36.5973],[2.4579,36.5972],[2.4578,36.5973],[2.4577,36.5973],[2.4578,36.5974],[2.4577,36.5974],[2.4576,36.5973],[2.4575,36.5973],[2.4575,36.5972],[2.4575,36.5971],[2.4574,36.597],[2.4573,36.597],[2.4573,36.5969],[2.4573,36.5968],[2.4575,36.5968],[2.4577,36.5968],[2.4578,36.5968],[2.4579,36.5968],[2.458,36.5968],[2.4581,36.5969],[2.4581,36.597],[2.4582,36.5969],[2.4583,36.597],[2.4584,36.597],[2.4585,36.5971],[2.4585,36.5972],[2.4585,36.5973],[2.4586,36.5973],[2.4587,36.5973],[2.4587,36.5973],[2.4586,36.5974],[2.4586,36.5973],[2.4585,36.5974]]],[[[2.59,36.5999],[2.59,36.6],[2.5901,36.6001],[2.5902,36.6002],[2.5903,36.6003],[2.5902,36.6003],[2.5903,36.6004],[2.5902,36.6005],[2.59,36.6004],[2.59,36.6004],[2.5899,36.6003],[2.5899,36.6003],[2.5901,36.6002],[2.59,36.6002],[2.5898,36.6002],[2.5898,36.6001],[2.5897,36.6],[2.5898,36.5999],[2.5899,36.5999],[2.59,36.5999]]],[[[2.408,36.6084],[2.4081,36.6085],[2.4082,36.6085],[2.4082,36.6086],[2.4082,36.6087],[2.4083,36.6087],[2.4082,36.6088],[2.4081,36.6088],[2.408,36.6088],[2.4079,36.6086],[2.4079,36.6085],[2.4079,36.6083],[2.408,36.6084]]],[[[2.2594,36.6272],[2.2593,36.6272],[2.2593,36.6272],[2.2593,36.6272],[2.2593,36.6272],[2.2592,36.6272],[2.2592,36.6271],[2.2592,36.6271],[2.2592,36.6271],[2.2591,36.6272],[2.2591,36.6272],[2.2591,36.6271],[2.2591,36.6271],[2.2591,36.6271],[2.2591,36.6271],[2.259,36.6271],[2.259,36.627],[2.2589,36.627],[2.259,36.627],[2.2589,36.6269],[2.2589,36.6269],[2.2589,36.6268],[2.2589,36.6267],[2.259,36.6267],[2.259,36.6267],[2.2591,36.6267],[2.2591,36.6267],[2.2591,36.6267],[2.2591,36.6267],[2.2592,36.6267],[2.2593,36.6267],[2.2593,36.6266],[2.2594,36.6266],[2.2594,36.6266],[2.2595,36.6266],[2.2595,36.6266],[2.2596,36.6267],[2.2597,36.6267],[2.2597,36.6267],[2.2598,36.6268],[2.2597,36.6268],[2.2597,36.6268],[2.2596,36.6269],[2.2596,36.6269],[2.2596,36.6269],[2.2596,36.6269],[2.2595,36.6269],[2.2595,36.627],[2.2595,36.627],[2.2595,36.627],[2.2595,36.627],[2.2595,36.6271],[2.2595,36.6271],[2.2594,36.6271],[2.2595,36.6272],[2.2595,36.6272],[2.2594,36.6272],[2.2594,36.6271],[2.2594,36.6272]]],[[[2.2615,36.6277],[2.2615,36.6277],[2.2615,36.6278],[2.2614,36.6277],[2.2613,36.6276],[2.2613,36.6276],[2.2612,36.6276],[2.2611,36.6276],[2.2611,36.6275],[2.261,36.6275],[2.261,36.6273],[2.2611,36.6273],[2.2613,36.6273],[2.2614,36.6273],[2.2615,36.6274],[2.2615,36.6276],[2.2615,36.6277]]],[[[2.2613,36.6288],[2.2613,36.6289],[2.2613,36.6289],[2.2612,36.6289],[2.2612,36.6287],[2.2611,36.6288],[2.2611,36.6287],[2.2611,36.6287],[2.2611,36.6287],[2.2611,36.6287],[2.2611,36.6288],[2.261,36.6287],[2.261,36.6287],[2.261,36.6287],[2.261,36.6286],[2.261,36.6286],[2.261,36.6286],[2.261,36.6286],[2.261,36.6285],[2.2609,36.6285],[2.2609,36.6285],[2.2608,36.6285],[2.2608,36.6284],[2.2608,36.6284],[2.2608,36.6284],[2.2608,36.6283],[2.2609,36.6283],[2.2609,36.6283],[2.2609,36.6283],[2.2609,36.6284],[2.2609,36.6284],[2.2609,36.6284],[2.261,36.6284],[2.261,36.6283],[2.2609,36.6283],[2.261,36.6283],[2.261,36.6282],[2.2611,36.6282],[2.2611,36.6282],[2.2612,36.6283],[2.2612,36.6283],[2.2613,36.6282],[2.2613,36.6282],[2.2614,36.6281],[2.2614,36.6282],[2.2615,36.6282],[2.2614,36.6283],[2.2614,36.6283],[2.2613,36.6284],[2.2614,36.6284],[2.2613,36.6284],[2.2613,36.6285],[2.2614,36.6285],[2.2614,36.6285],[2.2614,36.6285],[2.2615,36.6285],[2.2615,36.6285],[2.2614,36.6286],[2.2615,36.6286],[2.2615,36.6286],[2.2616,36.6286],[2.2616,36.6286],[2.2616,36.6286],[2.2616,36.6287],[2.2615,36.6287],[2.2614,36.6287],[2.2614,36.6287],[2.2614,36.6288],[2.2613,36.6287],[2.2613,36.6288]]],[[[2.2738,36.629],[2.2738,36.629],[2.2737,36.629],[2.2737,36.629],[2.2737,36.6289],[2.2736,36.6289],[2.2736,36.6289],[2.2736,36.6288],[2.2736,36.6288],[2.2735,36.6288],[2.2735,36.6288],[2.2735,36.6288],[2.2734,36.6288],[2.2734,36.6288],[2.2734,36.6288],[2.2734,36.6288],[2.2734,36.6288],[2.2734,36.6287],[2.2733,36.6288],[2.2733,36.6287],[2.2733,36.6287],[2.2732,36.6287],[2.2731,36.6287],[2.2731,36.6287],[2.2731,36.6287],[2.273,36.6287],[2.273,36.6287],[2.273,36.6286],[2.2729,36.6286],[2.2729,36.6286],[2.2729,36.6286],[2.2728,36.6286],[2.2728,36.6286],[2.2728,36.6286],[2.2729,36.6285],[2.273,36.6285],[2.273,36.6285],[2.2732,36.6285],[2.2733,36.6286],[2.2736,36.6286],[2.2737,36.6287],[2.2738,36.6287],[2.2738,36.6287],[2.2739,36.6287],[2.2739,36.6287],[2.274,36.6288],[2.2739,36.6288],[2.274,36.6288],[2.2741,36.6289],[2.274,36.629],[2.2739,36.629],[2.2739,36.629],[2.2738,36.629]]],[[[2.3185,36.6405],[2.3185,36.6405],[2.3184,36.6405],[2.3184,36.6405],[2.3184,36.6405],[2.3184,36.6404],[2.3183,36.6405],[2.3183,36.6405],[2.3182,36.6404],[2.3182,36.6404],[2.3182,36.6403],[2.3181,36.6403],[2.318,36.6403],[2.3179,36.6403],[2.3177,36.6403],[2.3177,36.6403],[2.3176,36.6403],[2.3176,36.6403],[2.3175,36.6402],[2.3174,36.6402],[2.3173,36.6401],[2.3173,36.6401],[2.3173,36.6401],[2.3173,36.6401],[2.3172,36.6401],[2.3172,36.6401],[2.3172,36.6401],[2.3171,36.64],[2.3172,36.64],[2.3172,36.6399],[2.3171,36.6399],[2.3171,36.6399],[2.3171,36.6399],[2.3172,36.6399],[2.3173,36.6398],[2.3174,36.6398],[2.3175,36.6397],[2.3175,36.6397],[2.3176,36.6397],[2.3177,36.6397],[2.318,36.6398],[2.3181,36.6399],[2.3183,36.64],[2.3183,36.6401],[2.3183,36.6401],[2.3184,36.6401],[2.3185,36.6401],[2.3186,36.6402],[2.3187,36.6403],[2.3186,36.6403],[2.3186,36.6403],[2.3186,36.6404],[2.3186,36.6404],[2.3186,36.6404],[2.3185,36.6405],[2.3185,36.6405],[2.3185,36.6405]]],[[[2.3447,36.648],[2.3446,36.6481],[2.3446,36.648],[2.3446,36.648],[2.3446,36.648],[2.3445,36.648],[2.3444,36.648],[2.3445,36.6479],[2.3445,36.6478],[2.3445,36.6476],[2.3445,36.6475],[2.3445,36.6474],[2.3445,36.6474],[2.3444,36.6474],[2.3446,36.6473],[2.3446,36.6473],[2.3446,36.6473],[2.3448,36.6473],[2.345,36.6473],[2.345,36.6472],[2.345,36.6472],[2.3451,36.6471],[2.3453,36.6472],[2.3453,36.6473],[2.3453,36.6474],[2.3451,36.6474],[2.3451,36.6474],[2.3452,36.6475],[2.3451,36.6475],[2.3452,36.6475],[2.3452,36.6476],[2.3452,36.6476],[2.3452,36.6476],[2.3452,36.6476],[2.3453,36.6476],[2.3453,36.6476],[2.3452,36.6477],[2.3452,36.6477],[2.3453,36.6477],[2.3453,36.6477],[2.3453,36.6478],[2.3452,36.6478],[2.3452,36.6478],[2.3452,36.6478],[2.3451,36.6478],[2.3451,36.6478],[2.345,36.6478],[2.345,36.6477],[2.345,36.6476],[2.3449,36.6477],[2.345,36.6477],[2.3449,36.6478],[2.3449,36.6478],[2.3449,36.6479],[2.3449,36.6479],[2.3448,36.6479],[2.3448,36.6479],[2.3448,36.6478],[2.3448,36.6478],[2.3448,36.6478],[2.3448,36.6478],[2.3448,36.6477],[2.3447,36.6478],[2.3447,36.6479],[2.3447,36.648]]],[[[2.6919,36.6505],[2.6919,36.6506],[2.6918,36.6506],[2.6906,36.65],[2.6906,36.65],[2.6907,36.6499],[2.6919,36.6505]]],[[[3.0682,36.7736],[3.0687,36.7744],[3.0696,36.7762],[3.0697,36.7771],[3.0696,36.7772],[3.0706,36.7782],[3.0705,36.7783],[3.0693,36.7772],[3.0692,36.7764],[3.069,36.7762],[3.0688,36.7761],[3.0686,36.7759],[3.0674,36.7737],[3.0667,36.7722],[3.0663,36.7714],[3.0667,36.7713],[3.0666,36.7711],[3.0662,36.7711],[3.0666,36.7709],[3.0669,36.7706],[3.069,36.7664],[3.0693,36.7659],[3.0686,36.7656],[3.0688,36.7655],[3.0695,36.7659],[3.0706,36.7659],[3.0732,36.7662],[3.0745,36.7663],[3.0758,36.7664],[3.0761,36.7664],[3.0767,36.7659],[3.0796,36.7638],[3.0806,36.763],[3.0812,36.7628],[3.0819,36.7627],[3.0818,36.7625],[3.0822,36.7625],[3.0823,36.7629],[3.082,36.7631],[3.0807,36.7633],[3.0801,36.7636],[3.0799,36.7639],[3.0795,36.7642],[3.0789,36.7646],[3.0768,36.7661],[3.0763,36.7665],[3.0759,36.7666],[3.0707,36.7661],[3.0694,36.7661],[3.0674,36.7703],[3.0671,36.771],[3.0682,36.7736]]],[[[5.602,36.7785],[5.6017,36.7785],[5.6017,36.778],[5.602,36.778],[5.602,36.7785]]],[[[5.6083,36.7864],[5.6077,36.7864],[5.6077,36.7859],[5.6074,36.7859],[5.6073,36.7856],[5.6077,36.7856],[5.6073,36.7843],[5.6105,36.784],[5.6105,36.7848],[5.6086,36.7853],[5.6083,36.7864]]],[[[5.6536,36.8018],[5.6497,36.8014],[5.6497,36.8008],[5.6491,36.8009],[5.6491,36.8006],[5.6516,36.8005],[5.6516,36.8011],[5.6532,36.8013],[5.6532,36.8015],[5.6536,36.8015],[5.6536,36.8018]]],[[[5.6555,36.8028],[5.6552,36.8028],[5.6552,36.8025],[5.6555,36.8025],[5.6555,36.8028]]],[[[4.976,36.8158],[4.9759,36.8157],[4.9758,36.8157],[4.9759,36.8156],[4.976,36.8156],[4.976,36.8156],[4.9761,36.8156],[4.9761,36.8156],[4.976,36.8158],[4.976,36.8158],[4.976,36.8158]]],[[[4.9789,36.8157],[4.9789,36.8158],[4.9788,36.8158],[4.9787,36.8158],[4.9785,36.8159],[4.9784,36.8159],[4.9783,36.8158],[4.9783,36.8158],[4.9782,36.8157],[4.9782,36.8157],[4.9781,36.8157],[4.978,36.8157],[4.978,36.8157],[4.9779,36.8157],[4.9779,36.8156],[4.9779,36.8156],[4.9778,36.8155],[4.9778,36.8155],[4.9778,36.8154],[4.9779,36.8154],[4.9779,36.8154],[4.9779,36.8153],[4.978,36.8153],[4.978,36.8153],[4.978,36.8153],[4.978,36.8153],[4.9781,36.8153],[4.9781,36.8152],[4.9781,36.8152],[4.9781,36.8152],[4.9782,36.8152],[4.9782,36.8152],[4.9782,36.8151],[4.9782,36.8151],[4.9783,36.8151],[4.9783,36.8151],[4.9783,36.8151],[4.9784,36.8151],[4.9784,36.8151],[4.9785,36.8151],[4.9786,36.8152],[4.9786,36.8152],[4.9786,36.8152],[4.9787,36.8152],[4.9787,36.8152],[4.9787,36.8152],[4.9787,36.8153],[4.9786,36.8153],[4.9785,36.8153],[4.9785,36.8154],[4.9785,36.8154],[4.9785,36.8154],[4.9786,36.8155],[4.9785,36.8155],[4.9786,36.8155],[4.9787,36.8156],[4.9787,36.8156],[4.9787,36.8156],[4.9788,36.8156],[4.9788,36.8156],[4.9788,36.8156],[4.9788,36.8157],[4.9788,36.8157],[4.9789,36.8157],[4.9789,36.8157],[4.979,36.8157],[4.979,36.8157],[4.979,36.8156],[4.9791,36.8156],[4.9791,36.8157],[4.9791,36.8157],[4.9791,36.8157],[4.9791,36.8157],[4.9791,36.8156],[4.9792,36.8156],[4.9792,36.8157],[4.9792,36.8156],[4.9792,36.8156],[4.9792,36.8157],[4.9793,36.8157],[4.9792,36.8158],[4.9792,36.8158],[4.9792,36.8157],[4.9791,36.8158],[4.979,36.8158],[4.979,36.8158],[4.979,36.8158],[4.979,36.8157],[4.979,36.8157],[4.9789,36.8157]]],[[[4.9771,36.816],[4.977,36.8161],[4.9769,36.8161],[4.9768,36.8161],[4.9768,36.816],[4.9768,36.816],[4.9768,36.8159],[4.9769,36.816],[4.9769,36.8159],[4.977,36.816],[4.9771,36.8159],[4.9772,36.8159],[4.9773,36.8159],[4.9773,36.8159],[4.9774,36.8159],[4.9775,36.8158],[4.9775,36.8157],[4.9776,36.8158],[4.9776,36.8158],[4.9776,36.8159],[4.9775,36.8158],[4.9775,36.8159],[4.9775,36.816],[4.9774,36.816],[4.9773,36.8159],[4.9772,36.8159],[4.9772,36.8159],[4.9771,36.816]]],[[[5.6893,36.8184],[5.6887,36.8185],[5.6886,36.8185],[5.6886,36.818],[5.6887,36.8179],[5.6889,36.8179],[5.689,36.8182],[5.6893,36.8182],[5.6893,36.8184]]],[[[5.7284,36.8235],[5.7281,36.8235],[5.7281,36.8227],[5.7284,36.8227],[5.7284,36.8235]]],[[[4.9986,36.8241],[4.9987,36.8241],[4.9986,36.8242],[4.9985,36.8241],[4.9985,36.8241],[4.9985,36.824],[4.9986,36.8241]]],[[[4.9979,36.8241],[4.998,36.8241],[4.998,36.8241],[4.998,36.8242],[4.9978,36.8241],[4.9978,36.8241],[4.9978,36.8241],[4.9979,36.8241]]],[[[4.9974,36.8243],[4.9973,36.8243],[4.9972,36.8242],[4.9971,36.8243],[4.9971,36.8242],[4.997,36.8243],[4.997,36.8243],[4.9969,36.8242],[4.9969,36.8242],[4.9969,36.8241],[4.9969,36.8241],[4.9968,36.8241],[4.9969,36.824],[4.9969,36.8241],[4.997,36.8241],[4.997,36.824],[4.997,36.824],[4.997,36.824],[4.9971,36.824],[4.9971,36.8241],[4.9972,36.824],[4.9971,36.824],[4.9972,36.824],[4.9973,36.824],[4.9973,36.824],[4.9974,36.824],[4.9974,36.8241],[4.9974,36.8241],[4.9973,36.8241],[4.9973,36.8242],[4.9974,36.8242],[4.9975,36.8242],[4.9974,36.8243]]],[[[4.9965,36.8247],[4.9964,36.8247],[4.9964,36.8247],[4.9964,36.8247],[4.9965,36.8247]]],[[[4.9988,36.8253],[4.9987,36.8253],[4.9987,36.8253],[4.9987,36.8252],[4.9987,36.8252],[4.9988,36.8253]]],[[[4.9938,36.8255],[4.9937,36.8255],[4.9936,36.8255],[4.9936,36.8254],[4.9937,36.8254],[4.9937,36.8254],[4.9938,36.8255],[4.9938,36.8255]]],[[[4.9943,36.8254],[4.9943,36.8255],[4.9943,36.8255],[4.9943,36.8254],[4.9943,36.8254],[4.9943,36.8254]]],[[[4.9945,36.8255],[4.9945,36.8255],[4.9945,36.8255],[4.9944,36.8255],[4.9944,36.8254],[4.9945,36.8254],[4.9945,36.8254],[4.9945,36.8255],[4.9946,36.8255],[4.9946,36.8255],[4.9945,36.8255]]],[[[4.9999,36.8255],[4.9999,36.8255],[4.9998,36.8255],[4.9998,36.8255],[4.9997,36.8255],[4.9997,36.8254],[4.9997,36.8254],[4.9998,36.8254],[4.9998,36.8254],[4.9999,36.8254],[5,36.8255],[5,36.8254],[4.9999,36.8255]]],[[[4.9947,36.8255],[4.9947,36.8255],[4.9947,36.8256],[4.9947,36.8255],[4.9946,36.8255],[4.9947,36.8255],[4.9947,36.8255]]],[[[4.995,36.8256],[4.995,36.8256],[4.995,36.8256],[4.9949,36.8257],[4.9949,36.8256],[4.9949,36.8255],[4.995,36.8255],[4.9951,36.8255],[4.9951,36.8255],[4.9951,36.8255],[4.9952,36.8255],[4.9951,36.8256],[4.9951,36.8256],[4.995,36.8256]]],[[[4.9955,36.8257],[4.9955,36.8257],[4.9955,36.8257],[4.9953,36.8257],[4.9954,36.8257],[4.9953,36.8257],[4.9953,36.8257],[4.9952,36.8257],[4.9952,36.8256],[4.9952,36.8256],[4.9952,36.8256],[4.9953,36.8256],[4.9953,36.8256],[4.9953,36.8256],[4.9954,36.8256],[4.9954,36.8256],[4.9954,36.8257],[4.9955,36.8256],[4.9955,36.8256],[4.9956,36.8256],[4.9957,36.8257],[4.9957,36.8257],[4.9957,36.8257],[4.9956,36.8257],[4.9955,36.8257],[4.9955,36.8257],[4.9955,36.8257]]],[[[4.9999,36.8258],[4.9999,36.8258],[4.9999,36.8258],[4.9998,36.8258],[4.9998,36.8258],[4.9997,36.8258],[4.9998,36.8258],[4.9998,36.8258],[4.9998,36.8258],[4.9999,36.8258],[4.9999,36.8258],[4.9999,36.8258]]],[[[4.9964,36.8258],[4.9966,36.8258],[4.9967,36.8258],[4.9968,36.8258],[4.997,36.8259],[4.9969,36.8259],[4.9967,36.8259],[4.9966,36.8259],[4.9966,36.8259],[4.9964,36.8258],[4.9963,36.8257],[4.9964,36.8257],[4.9964,36.8258]]],[[[4.9998,36.8259],[4.9997,36.8259],[4.9996,36.8259],[4.9996,36.8258],[4.9996,36.8258],[4.9995,36.8258],[4.9995,36.8258],[4.9995,36.8258],[4.9996,36.8258],[4.9995,36.8259],[4.9993,36.8258],[4.9992,36.8258],[4.9991,36.8258],[4.9991,36.8258],[4.999,36.8258],[4.9989,36.8258],[4.9989,36.8257],[4.999,36.8257],[4.9991,36.8256],[4.9991,36.8256],[4.9992,36.8257],[4.9993,36.8256],[4.9994,36.8257],[4.9994,36.8257],[4.9996,36.8256],[4.9996,36.8257],[4.9997,36.8258],[4.9997,36.8258],[4.9998,36.8258],[4.9998,36.8258],[4.9998,36.8259],[4.9997,36.8258],[4.9998,36.8259]]],[[[4.9993,36.8259],[4.9993,36.8259],[4.9994,36.8259],[4.9993,36.826],[4.9993,36.826],[4.9993,36.8259],[4.9993,36.8259],[4.9993,36.8259]]],[[[5.0007,36.826],[5.0006,36.826],[5.0005,36.826],[5.0005,36.826],[5.0005,36.8259],[5.0006,36.8259],[5.0006,36.8259],[5.0006,36.826],[5.0007,36.826]]],[[[5.0004,36.8259],[5.0003,36.826],[5.0003,36.826],[5.0004,36.826],[5.0003,36.8261],[5.0003,36.826],[5.0003,36.826],[5.0003,36.8259],[5.0002,36.8259],[5.0002,36.826],[5.0002,36.826],[5.0001,36.826],[5.0001,36.8259],[5.0001,36.826],[5.0001,36.8259],[5.0001,36.8259],[5,36.8259],[5,36.8258],[5,36.8258],[5,36.8258],[5.0001,36.8258],[5.0002,36.8259],[5.0002,36.8259],[5.0002,36.8258],[5.0002,36.8258],[5.0001,36.8258],[5.0002,36.8258],[5.0003,36.8258],[5.0003,36.8258],[5.0004,36.8258],[5.0004,36.8259],[5.0004,36.8259],[5.0004,36.8259]]],[[[4.9964,36.8261],[4.9963,36.8262],[4.9962,36.8261],[4.9961,36.8261],[4.9961,36.8261],[4.9961,36.8261],[4.996,36.826],[4.9959,36.826],[4.996,36.826],[4.996,36.8259],[4.9961,36.826],[4.9961,36.826],[4.9962,36.826],[4.9962,36.8261],[4.9962,36.8261],[4.9962,36.826],[4.9962,36.826],[4.9963,36.826],[4.9964,36.8261],[4.9964,36.826],[4.9964,36.8261],[4.9964,36.8261]]],[[[4.9985,36.826],[4.9984,36.8261],[4.9984,36.8261],[4.9983,36.8261],[4.9983,36.8262],[4.9983,36.8262],[4.9982,36.8262],[4.9981,36.8262],[4.998,36.8261],[4.998,36.8261],[4.9981,36.8261],[4.998,36.826],[4.998,36.826],[4.998,36.8259],[4.9979,36.826],[4.9979,36.826],[4.9978,36.8259],[4.9977,36.826],[4.9977,36.826],[4.9977,36.8259],[4.9976,36.8259],[4.9975,36.826],[4.9975,36.8259],[4.9974,36.8259],[4.9973,36.826],[4.9971,36.8259],[4.9971,36.8259],[4.9973,36.8259],[4.9975,36.8259],[4.9973,36.8258],[4.9972,36.8259],[4.9971,36.8258],[4.9971,36.8258],[4.997,36.8258],[4.997,36.8258],[4.9968,36.8258],[4.9966,36.8258],[4.9965,36.8257],[4.9965,36.8257],[4.9966,36.8257],[4.9965,36.8257],[4.9965,36.8256],[4.9966,36.8256],[4.9966,36.8256],[4.9967,36.8254],[4.9966,36.8254],[4.9965,36.8254],[4.9964,36.8254],[4.9963,36.8254],[4.9962,36.8254],[4.9961,36.8254],[4.9961,36.8254],[4.9959,36.8254],[4.9959,36.8254],[4.9958,36.8254],[4.9958,36.8253],[4.9957,36.8253],[4.9956,36.8253],[4.9955,36.8253],[4.9955,36.8252],[4.9956,36.8251],[4.9956,36.8252],[4.9958,36.8251],[4.9959,36.8251],[4.9959,36.8252],[4.996,36.8252],[4.9962,36.8252],[4.9964,36.8252],[4.9965,36.8252],[4.9965,36.8251],[4.9966,36.8251],[4.9966,36.8251],[4.9967,36.825],[4.9968,36.8249],[4.9969,36.8249],[4.997,36.8248],[4.9971,36.8248],[4.9973,36.8248],[4.9974,36.8249],[4.9975,36.8249],[4.9976,36.8249],[4.9976,36.8249],[4.9977,36.8249],[4.9978,36.8249],[4.9979,36.825],[4.9979,36.8251],[4.9979,36.8251],[4.998,36.8252],[4.998,36.8252],[4.9981,36.8252],[4.9982,36.8252],[4.9982,36.8252],[4.9982,36.8251],[4.9983,36.8251],[4.9983,36.8252],[4.9984,36.8251],[4.9985,36.8252],[4.9983,36.8252],[4.9984,36.8252],[4.9985,36.8252],[4.9985,36.8253],[4.9985,36.8253],[4.9985,36.8253],[4.9986,36.8253],[4.9987,36.8253],[4.9988,36.8253],[4.9989,36.8254],[4.9988,36.8255],[4.9987,36.8255],[4.9986,36.8255],[4.9986,36.8256],[4.9985,36.8256],[4.9985,36.8256],[4.9985,36.8257],[4.9986,36.8257],[4.9989,36.8258],[4.9988,36.8259],[4.9989,36.8258],[4.9989,36.8258],[4.9989,36.8259],[4.9989,36.826],[4.999,36.8259],[4.999,36.8259],[4.9991,36.8258],[4.9991,36.8259],[4.9991,36.8259],[4.9991,36.8261],[4.999,36.8259],[4.9989,36.8261],[4.9987,36.826],[4.9985,36.826]]],[[[4.9973,36.8262],[4.9973,36.8262],[4.9973,36.8263],[4.9973,36.8263],[4.9972,36.8263],[4.9972,36.8262],[4.9973,36.8262],[4.9973,36.8262]]],[[[4.999,36.8263],[4.999,36.8263],[4.9989,36.8263],[4.9989,36.8263],[4.9988,36.8263],[4.9987,36.8262],[4.9987,36.8262],[4.9986,36.8262],[4.9986,36.8262],[4.9986,36.8261],[4.9986,36.8261],[4.9986,36.8261],[4.9987,36.8261],[4.9987,36.8261],[4.9988,36.8261],[4.9989,36.8262],[4.999,36.8262],[4.999,36.8262],[4.9991,36.8262],[4.9991,36.8262],[4.9992,36.8262],[4.9991,36.8262],[4.9991,36.8262],[4.999,36.8263]]],[[[4.9992,36.8264],[4.9992,36.8263],[4.9992,36.8262],[4.9992,36.8262],[4.9993,36.8262],[4.9993,36.8262],[4.9994,36.8263],[4.9994,36.8262],[4.9995,36.8262],[4.9995,36.8263],[4.9995,36.8263],[4.9995,36.8263],[4.9995,36.8263],[4.9994,36.8264],[4.9994,36.8263],[4.9993,36.8263],[4.9992,36.8264]]],[[[4.9986,36.8263],[4.9986,36.8263],[4.9986,36.8263],[4.9985,36.8264],[4.9984,36.8264],[4.9983,36.8265],[4.9982,36.8265],[4.9982,36.8264],[4.9983,36.8263],[4.9985,36.8262],[4.9986,36.8263]]],[[[4.9989,36.8271],[4.999,36.8271],[4.999,36.8272],[4.999,36.8273],[4.9989,36.8273],[4.9989,36.8272],[4.9988,36.8271],[4.9987,36.8271],[4.9986,36.827],[4.9986,36.8269],[4.9987,36.8269],[4.9987,36.8268],[4.9986,36.8268],[4.9986,36.8267],[4.9987,36.8268],[4.9987,36.8268],[4.9988,36.8267],[4.9988,36.8267],[4.9989,36.8268],[4.9989,36.8268],[4.999,36.8268],[4.9991,36.8269],[4.9992,36.8269],[4.9992,36.827],[4.999,36.8271],[4.999,36.827],[4.9989,36.8271]]],[[[4.9991,36.8272],[4.9991,36.8273],[4.999,36.8273],[4.999,36.8273],[4.999,36.8273],[4.9991,36.8272],[4.9991,36.8272]]],[[[4.9969,36.8271],[4.9969,36.8272],[4.9969,36.8273],[4.9969,36.8272],[4.9969,36.8271],[4.9968,36.8271],[4.9968,36.8271],[4.9967,36.8272],[4.9967,36.8272],[4.9967,36.827],[4.9967,36.827],[4.9968,36.8269],[4.9968,36.827],[4.9969,36.827],[4.9968,36.8271],[4.9969,36.8271],[4.9969,36.8271],[4.9969,36.8271]]],[[[4.9993,36.8273],[4.9993,36.8273],[4.9993,36.8274],[4.9993,36.8274],[4.9992,36.8273],[4.9993,36.8273],[4.9993,36.8273]]],[[[4.9974,36.8274],[4.9973,36.8273],[4.9972,36.8274],[4.9973,36.8272],[4.9973,36.8272],[4.9974,36.8272],[4.9974,36.8273],[4.9974,36.8273],[4.9974,36.8273],[4.9974,36.8274]]],[[[4.9991,36.8275],[4.999,36.8275],[4.999,36.8275],[4.999,36.8274],[4.999,36.8274],[4.999,36.8274],[4.999,36.8274],[4.999,36.8274],[4.9991,36.8273],[4.9992,36.8273],[4.9992,36.8274],[4.9991,36.8275]]],[[[4.9991,36.8275],[4.9991,36.8275],[4.9991,36.8276],[4.9991,36.8275],[4.999,36.8275],[4.9991,36.8275],[4.9991,36.8275],[4.9991,36.8275]]],[[[4.8766,36.8595],[4.8756,36.8593],[4.8756,36.8587],[4.8762,36.8587],[4.8762,36.859],[4.8766,36.859],[4.8766,36.8595]]],[[[6.0665,36.8663],[6.0662,36.8663],[6.0662,36.8656],[6.0672,36.8653],[6.0665,36.8663]]],[[[4.8007,36.8843],[4.8001,36.8843],[4.8001,36.8838],[4.8004,36.8838],[4.8004,36.884],[4.8007,36.884],[4.8007,36.8843]]],[[[4.7907,36.8934],[4.7885,36.8937],[4.7885,36.8935],[4.7888,36.8935],[4.7885,36.893],[4.7878,36.893],[4.7881,36.8923],[4.7897,36.8923],[4.7907,36.8927],[4.7907,36.8934]]],[[[4.7907,36.894],[4.7901,36.894],[4.7901,36.8937],[4.7907,36.8937],[4.7907,36.894]]],[[[4.7696,36.8948],[4.7687,36.8945],[4.7687,36.8938],[4.7693,36.8938],[4.7693,36.8943],[4.7696,36.8943],[4.7696,36.8948]]],[[[4.1211,36.8986],[4.1207,36.8978],[4.1214,36.8978],[4.1214,36.898],[4.1217,36.898],[4.1211,36.8986]]],[[[8.4334,36.8987],[8.4324,36.8984],[8.4324,36.8981],[8.4337,36.8979],[8.4334,36.8987]]],[[[8.5037,36.9051],[8.5037,36.9056],[8.5034,36.9056],[8.5034,36.9051],[8.5037,36.9051]]],[[[4.2587,36.9064],[4.2584,36.9064],[4.2584,36.9059],[4.2587,36.9059],[4.2587,36.9064]]],[[[8.1217,36.907],[8.1217,36.9075],[8.1214,36.9075],[8.1214,36.907],[8.1217,36.907]]],[[[8.505,36.9074],[8.505,36.9077],[8.5046,36.9077],[8.5046,36.9074],[8.505,36.9074]]],[[[3.8545,36.9054],[3.8541,36.9085],[3.8538,36.9085],[3.8537,36.9059],[3.8541,36.9059],[3.8537,36.9052],[3.8545,36.9054]]],[[[8.5069,36.9087],[8.5059,36.9087],[8.5059,36.9085],[8.5069,36.9082],[8.5069,36.9087]]],[[[8.5151,36.9101],[8.5144,36.9104],[8.5149,36.9099],[8.5157,36.9094],[8.5151,36.9101]]],[[[8.518,36.9108],[8.5172,36.9109],[8.5174,36.9105],[8.518,36.9108]]],[[[3.8525,36.9126],[3.8519,36.9126],[3.8519,36.9124],[3.8525,36.9124],[3.8525,36.9126]]],[[[8.3052,36.9185],[8.3052,36.9188],[8.3046,36.9188],[8.3046,36.9185],[8.3052,36.9185]]],[[[6.8904,36.9194],[6.8907,36.9198],[6.8911,36.9198],[6.8911,36.9201],[6.8898,36.92],[6.8901,36.9194],[6.8904,36.9194]]],[[[6.8824,36.932],[6.8824,36.9322],[6.8821,36.9322],[6.8821,36.932],[6.8824,36.932]]],[[[6.8855,36.937],[6.8856,36.9371],[6.8856,36.9371],[6.8856,36.9371],[6.8856,36.9372],[6.8855,36.9372],[6.8855,36.9372],[6.8855,36.9371],[6.8854,36.9371],[6.8854,36.937],[6.8854,36.937],[6.8855,36.937],[6.8855,36.937]]],[[[6.8858,36.9387],[6.8857,36.9388],[6.8857,36.9388],[6.8856,36.939],[6.8856,36.939],[6.8855,36.939],[6.8854,36.939],[6.8853,36.9389],[6.8853,36.9388],[6.8854,36.9388],[6.8853,36.9387],[6.8852,36.9386],[6.8852,36.9385],[6.8853,36.9384],[6.8852,36.9384],[6.8851,36.9383],[6.8851,36.9382],[6.885,36.9382],[6.885,36.9381],[6.8851,36.938],[6.8851,36.9379],[6.8851,36.9378],[6.8852,36.9376],[6.8853,36.9377],[6.8853,36.9378],[6.8854,36.9376],[6.8854,36.9375],[6.8855,36.9374],[6.8856,36.9374],[6.8856,36.9374],[6.8857,36.9375],[6.8856,36.9375],[6.8857,36.9375],[6.8857,36.9376],[6.8857,36.9376],[6.8857,36.9376],[6.8857,36.9377],[6.8858,36.9377],[6.8858,36.9378],[6.8858,36.9379],[6.8858,36.938],[6.8858,36.938],[6.8859,36.9381],[6.8859,36.9382],[6.886,36.9384],[6.886,36.9386],[6.886,36.9387],[6.8859,36.9388],[6.8858,36.9388],[6.8858,36.9386],[6.8858,36.9387]]],[[[6.887,36.9385],[6.8869,36.9385],[6.887,36.9386],[6.887,36.9386],[6.887,36.9387],[6.887,36.9388],[6.887,36.9388],[6.887,36.9388],[6.887,36.939],[6.887,36.939],[6.887,36.9391],[6.8871,36.9391],[6.8871,36.9394],[6.887,36.9396],[6.8871,36.9397],[6.887,36.9397],[6.8869,36.9396],[6.8867,36.9393],[6.8867,36.9393],[6.8867,36.9392],[6.8866,36.9392],[6.8866,36.9391],[6.8865,36.939],[6.8864,36.9389],[6.8864,36.9388],[6.8864,36.9388],[6.8863,36.9387],[6.8863,36.9387],[6.8864,36.9386],[6.8864,36.9386],[6.8864,36.9385],[6.8864,36.9384],[6.8863,36.9384],[6.8862,36.9384],[6.8862,36.9383],[6.886,36.9381],[6.886,36.9381],[6.8859,36.9379],[6.8859,36.9377],[6.8858,36.9376],[6.8858,36.9375],[6.8858,36.9375],[6.8858,36.9374],[6.8858,36.9374],[6.8858,36.9374],[6.8858,36.9373],[6.8859,36.9373],[6.8858,36.9372],[6.8858,36.9372],[6.8857,36.9371],[6.8858,36.937],[6.8857,36.937],[6.8857,36.937],[6.8856,36.9369],[6.8857,36.9368],[6.8857,36.9367],[6.8857,36.9367],[6.8857,36.9367],[6.8857,36.9367],[6.8856,36.9366],[6.8857,36.9365],[6.8857,36.9366],[6.8858,36.9366],[6.8858,36.9367],[6.8859,36.9367],[6.8859,36.9368],[6.8859,36.9367],[6.886,36.9367],[6.886,36.9367],[6.886,36.9367],[6.886,36.9366],[6.886,36.9366],[6.8859,36.9366],[6.886,36.9366],[6.886,36.9366],[6.886,36.9365],[6.886,36.9365],[6.8859,36.9366],[6.8859,36.9365],[6.8858,36.9364],[6.8858,36.9363],[6.8856,36.9362],[6.8856,36.9361],[6.8856,36.9361],[6.8856,36.936],[6.8856,36.9359],[6.8856,36.9359],[6.8856,36.9359],[6.8856,36.9357],[6.8856,36.9356],[6.8857,36.9356],[6.8857,36.9357],[6.8857,36.9357],[6.8857,36.9356],[6.8858,36.9356],[6.8859,36.9357],[6.886,36.9357],[6.8859,36.9356],[6.886,36.9356],[6.8861,36.9357],[6.8862,36.9357],[6.8861,36.9358],[6.886,36.9358],[6.886,36.9358],[6.8861,36.9359],[6.8861,36.9359],[6.8861,36.9359],[6.8861,36.936],[6.886,36.9361],[6.8859,36.9362],[6.8859,36.9362],[6.8859,36.9362],[6.886,36.9362],[6.886,36.9363],[6.886,36.9363],[6.8861,36.9363],[6.8861,36.9362],[6.8862,36.9362],[6.8863,36.9362],[6.8863,36.9362],[6.8863,36.9362],[6.8864,36.9362],[6.8865,36.9362],[6.8866,36.9362],[6.8866,36.9362],[6.8866,36.9363],[6.8867,36.9363],[6.8867,36.9362],[6.8867,36.9362],[6.8868,36.9363],[6.8868,36.9363],[6.8869,36.9364],[6.8869,36.9364],[6.8869,36.9364],[6.8869,36.9365],[6.8869,36.9366],[6.8869,36.9366],[6.8868,36.9367],[6.8869,36.9368],[6.8868,36.9368],[6.8869,36.9369],[6.8868,36.9369],[6.8869,36.937],[6.8869,36.9371],[6.8868,36.9371],[6.8867,36.9371],[6.8867,36.937],[6.8867,36.9371],[6.8867,36.9372],[6.8867,36.9372],[6.8868,36.9373],[6.8868,36.9373],[6.8868,36.9373],[6.8868,36.9374],[6.8868,36.9374],[6.8869,36.9375],[6.8869,36.9375],[6.887,36.9375],[6.887,36.9377],[6.887,36.9378],[6.887,36.9378],[6.8871,36.938],[6.8871,36.9381],[6.8872,36.9382],[6.8871,36.9381],[6.887,36.9381],[6.887,36.938],[6.8869,36.9379],[6.8869,36.9379],[6.8869,36.9378],[6.8868,36.9378],[6.8867,36.9377],[6.8867,36.9376],[6.8867,36.9377],[6.8867,36.9378],[6.8867,36.9378],[6.8868,36.9379],[6.8868,36.938],[6.8868,36.9381],[6.8869,36.9382],[6.8869,36.9383],[6.887,36.9385]]],[[[7.7098,36.95],[7.7096,36.9503],[7.7093,36.9499],[7.7098,36.95]]],[[[6.8353,36.9555],[6.8353,36.9558],[6.835,36.9558],[6.835,36.9555],[6.8353,36.9555]]],[[[6.7928,36.956],[6.7934,36.9561],[6.7934,36.9566],[6.7921,36.956],[6.7921,36.9555],[6.7928,36.956]]],[[[6.8536,36.9566],[6.8526,36.9566],[6.8526,36.9561],[6.8536,36.956],[6.8536,36.9566]]],[[[6.7882,36.9585],[6.7882,36.959],[6.7876,36.9585],[6.7882,36.9585]]],[[[6.7053,36.9585],[6.7076,36.9585],[6.7075,36.9598],[6.7053,36.9598],[6.7053,36.9585],[6.7053,36.9585]]],[[[6.7872,36.9598],[6.7875,36.9598],[6.7875,36.9601],[6.7872,36.96],[6.7872,36.9598],[6.7872,36.9598]]],[[[6.7872,36.9618],[6.7865,36.9613],[6.7869,36.9613],[6.7866,36.9603],[6.7866,36.9603],[6.7875,36.9603],[6.7878,36.9613],[6.7872,36.9613],[6.7872,36.9618]]],[[[7.773,36.9628],[7.7727,36.9628],[7.7725,36.9627],[7.7729,36.9626],[7.773,36.9628]]],[[[6.7375,36.9645],[6.7374,36.9653],[6.7368,36.9653],[6.7368,36.9645],[6.7375,36.9645]]],[[[7.682,36.9739],[7.6816,36.9738],[7.681,36.9736],[7.681,36.9731],[7.6817,36.9731],[7.681,36.9726],[7.6814,36.9719],[7.682,36.9718],[7.6818,36.9728],[7.6822,36.9728],[7.6823,36.9728],[7.682,36.9739]]],[[[7.2536,37.0133],[7.254,37.0133],[7.254,37.0136],[7.2536,37.0136],[7.2536,37.0133],[7.2536,37.0133]]],[[[6.5426,37.0313],[6.5426,37.0318],[6.5423,37.0318],[6.5423,37.0313],[6.5426,37.0313]]],[[[7.4254,37.0406],[7.4254,37.0409],[7.4251,37.0409],[7.4251,37.0406],[7.4254,37.0406]]],[[[7.427,37.0406],[7.427,37.0412],[7.4264,37.0411],[7.4264,37.0406],[7.427,37.0406]]],[[[6.5457,37.0552],[6.546,37.0552],[6.546,37.0557],[6.5459,37.0557],[6.5457,37.0557],[6.5457,37.0554],[6.5457,37.0552],[6.5457,37.0552]]],[[[7.2839,37.0774],[7.2846,37.0775],[7.2845,37.0782],[7.2845,37.0782],[7.2839,37.078],[7.2839,37.0774],[7.2839,37.0774]]],[[[7.2893,37.0788],[7.2896,37.0793],[7.2893,37.0793],[7.289,37.0788],[7.2893,37.0788]]],[[[7.163,37.0803],[7.1633,37.0803],[7.1633,37.0805],[7.162,37.081],[7.1622,37.0797],[7.163,37.0795],[7.163,37.0803]]],[[[7.1617,37.081],[7.1617,37.0813],[7.1614,37.0813],[7.1614,37.081],[7.1617,37.081]]],[[[7.297,37.0812],[7.297,37.0815],[7.2973,37.0815],[7.2973,37.0823],[7.296,37.0817],[7.296,37.0812],[7.297,37.0812]]],[[[7.1793,37.0826],[7.1786,37.0826],[7.1793,37.082],[7.1793,37.0826]]],[[[7.1774,37.0825],[7.1773,37.083],[7.177,37.083],[7.177,37.0825],[7.1774,37.0825]]],[[[7.1834,37.0839],[7.1828,37.0839],[7.1825,37.0834],[7.1829,37.0836],[7.1834,37.0834],[7.1834,37.0839]]],[[[7.1837,37.0842],[7.1837,37.0844],[7.184,37.0844],[7.184,37.0847],[7.1834,37.0847],[7.1834,37.0842],[7.1837,37.0842]]],[[[7.3326,37.085],[7.3322,37.0851],[7.3312,37.0852],[7.33,37.085],[7.3296,37.085],[7.3294,37.0847],[7.3295,37.0843],[7.3297,37.0842],[7.3307,37.084],[7.3315,37.0845],[7.3321,37.0843],[7.3326,37.0843],[7.3329,37.0844],[7.3331,37.0845],[7.3332,37.0846],[7.3328,37.0847],[7.3333,37.0848],[7.3326,37.085]]],[[[7.2321,37.0877],[7.2321,37.0872],[7.2324,37.0872],[7.2324,37.0867],[7.2334,37.0867],[7.2321,37.0877]]],[[[7.1973,37.0923],[7.1969,37.0922],[7.196,37.0923],[7.1964,37.0913],[7.1973,37.0918],[7.197,37.0918],[7.1973,37.0923]]],[[[7.205,37.0932],[7.2044,37.093],[7.2044,37.0924],[7.2047,37.0925],[7.2045,37.0919],[7.205,37.0917],[7.205,37.0932]]],[[[7.204,37.0932],[7.204,37.0935],[7.2037,37.0935],[7.2037,37.0932],[7.204,37.0932]]]]}}]}