{"type":"FeatureCollection","features":[{"type":"Feature","properties":{"nameAr":"تيمقتن","nameFr":"Timekten","wilayaCode":1,"code":113},"geometry":{"type":"Polygon","coordinates":[[[1.2683583308327746,27.021666],[1.1416791654163874,27.175256325533123],[0.8883208345836126,27.175256325533123],[0.7616416691672252,27.021666],[0.8883208345836124,26.868075674466876],[1.1416791654163874,26.868075674466876],[1.2683583308327746,27.021666]]]}},{"type":"Feature","properties":{"nameAr":"بودة","nameFr":"Bouda","wilayaCode":1,"code":122},"geometry":{"type":"Polygon","coordinates":[[[-0.29958952560554086,28.0142],[-0.4010647628027704,28.13723218657499],[-0.6040152371972295,28.13723218657499],[-0.7054904743944591,28.0142],[-0.6040152371972296,27.891167813425007],[-0.4010647628027704,27.891167813425007],[-0.29958952560554086,28.0142]]]}},{"type":"Feature","properties":{"nameAr":"أولاد أحمد تيمي","nameFr":"Ouled Ahmed Timmi","wilayaCode":1,"code":121},"geometry":{"type":"Polygon","coordinates":[[[0.5048391406871071,27.851111],[0.39556957034355356,27.98359331328938],[0.1770304296564465,27.98359331328938],[0.06776085931289288,27.851111],[0.17703042965644633,27.71862868671062],[0.39556957034355356,27.71862868671062],[0.5048391406871071,27.851111]]]}},{"type":"Feature","properties":{"nameAr":"أدرار","nameFr":"Adrar","wilayaCode":1,"code":101},"geometry":{"type":"Polygon","coordinates":[[[-0.12583099196613245,27.87429],[-0.21152649598306622,27.978190276856285],[-0.3829175040169337,27.978190276856285],[-0.4686130080338675,27.87429],[-0.3829175040169338,27.770389723143712],[-0.21152649598306622,27.770389723143712],[-0.12583099196613245,27.87429]]]}},{"type":"Feature","properties":{"nameAr":"فنوغيل","nameFr":"Fenoughil","wilayaCode":1,"code":115},"geometry":{"type":"Polygon","coordinates":[[[0.5078190931979207,27.602777],[0.4039095465989604,27.728760629870592],[0.1960904534010397,27.728760629870592],[0.0921809068020793,27.602777],[0.19609045340103953,27.476793370129407],[0.4039095465989604,27.476793370129407],[0.5078190931979207,27.602777]]]}},{"type":"Feature","properties":{"nameAr":"عين زغمير","nameFr":"Ain Zghmir","wilayaCode":1,"code":105},"geometry":{"type":"Polygon","coordinates":[[[0.053747690325835484,27.09388889],[-0.03362615483708224,27.19982404735238],[-0.20837384516291768,27.19982404735238],[-0.2957476903258355,27.09388889],[-0.20837384516291782,26.987953732647618],[-0.03362615483708224,26.987953732647618],[0.053747690325835484,27.09388889]]]}},{"type":"Feature","properties":{"nameAr":"رقان","nameFr":"Reggane","wilayaCode":1,"code":104},"geometry":{"type":"Polygon","coordinates":[[[0.39076409948816604,26.71576],[0.281082049744083,26.848742417984532],[0.06171795025591703,26.848742417984532],[-0.047964099488166045,26.71576],[0.06171795025591688,26.582777582015467],[0.281082049744083,26.582777582015467],[0.39076409948816604,26.71576]]]}},{"type":"Feature","properties":{"nameAr":"سالي","nameFr":"Sali","wilayaCode":1,"code":118},"geometry":{"type":"Polygon","coordinates":[[[0.14130119824379,26.983333],[0.05690059912189502,27.08566328810786],[-0.11190059912189496,27.08566328810786],[-0.19630119824379,26.983333],[-0.11190059912189507,26.881002711892137],[0.05690059912189502,26.881002711892137],[0.14130119824379,26.983333]]]}},{"type":"Feature","properties":{"nameAr":"السبع","nameFr":"Sebaa","wilayaCode":1,"code":126},"geometry":{"type":"Polygon","coordinates":[[[-0.013257868586207505,28.21194],[-0.09412893429310373,28.30999095626661],[-0.2558710657068962,28.30999095626661],[-0.3367421314137925,28.21194],[-0.25587106570689633,28.113889043733387],[-0.09412893429310373,28.113889043733387],[-0.013257868586207505,28.21194]]]}},{"type":"Feature","properties":{"nameAr":"تسابيت","nameFr":"Tsabit","wilayaCode":1,"code":108},"geometry":{"type":"Polygon","coordinates":[[[-0.04690077002640178,28.35049],[-0.13150588501320087,28.45306825041614],[-0.30071611498679907,28.45306825041614],[-0.3853212299735982,28.35049],[-0.3007161149867992,28.24791174958386],[-0.13150588501320087,28.24791174958386],[-0.04690077002640178,28.35049]]]}},{"type":"Feature","properties":{"nameAr":"تامست","nameFr":"Tamest","wilayaCode":1,"code":102},"geometry":{"type":"Polygon","coordinates":[[[0.4620137208594044,27.416666],[0.3643568604297022,27.535068650780335],[0.16904313957029782,27.535068650780335],[0.07138627914059559,27.416666],[0.1690431395702977,27.298263349219663],[0.3643568604297022,27.298263349219663],[0.4620137208594044,27.416666]]]}},{"type":"Feature","properties":{"nameAr":"تامنطيط","nameFr":"Tamantit","wilayaCode":1,"code":114},"geometry":{"type":"Polygon","coordinates":[[[-0.08360171799712957,27.7605],[-0.1751503589985648,27.87149682830486],[-0.3582476410014352,27.87149682830486],[-0.4497962820028705,27.7605],[-0.35824764100143536,27.64950317169514],[-0.1751503589985648,27.64950317169514],[-0.08360171799712957,27.7605]]]}},{"type":"Feature","properties":{"nameAr":"تيت","nameFr":"Tit","wilayaCode":1,"code":106},"geometry":{"type":"Polygon","coordinates":[[[1.2695634618296823,26.95083333],[1.1422817309148412,27.10515422737387],[0.8877182690851588,27.10515422737387],[0.7604365381703175,26.95083333],[0.8877182690851586,26.796512432626127],[1.1422817309148412,26.796512432626127],[1.2695634618296823,26.95083333]]]}},{"type":"Feature","properties":{"nameAr":"زاوية كنتة","nameFr":"Zaouiet Kounta","wilayaCode":1,"code":111},"geometry":{"type":"Polygon","coordinates":[[[-0.005815904699483232,27.22269],[-0.1018129523497416,27.3390802347348],[-0.29380704765025834,27.3390802347348],[-0.3898040953005168,27.22269],[-0.2938070476502585,27.1062997652652],[-0.1018129523497416,27.1062997652652],[-0.005815904699483232,27.22269]]]}},{"type":"Feature","properties":{"nameAr":"اقبلي","nameFr":"Akabli","wilayaCode":1,"code":119},"geometry":{"type":"Polygon","coordinates":[[[0.512175844586991,26.70828],[0.39773792229349547,26.847028607007466],[0.16886207770650458,26.847028607007466],[0.05442415541300907,26.70828],[0.16886207770650444,26.56953139299253],[0.39773792229349547,26.56953139299253],[0.512175844586991,26.70828]]]}},{"type":"Feature","properties":{"nameAr":"أولف","nameFr":"Aoulef","wilayaCode":1,"code":112},"geometry":{"type":"Polygon","coordinates":[[[1.3553414656988902,26.96667],[1.2193357328494452,27.131568187591114],[0.9473242671505548,27.131568187591114],[0.8113185343011096,26.96667],[0.9473242671505546,26.801771812408887],[1.2193357328494452,26.801771812408887],[1.3553414656988902,26.96667]]]}},{"type":"Feature","properties":{"nameAr":"تلعصة","nameFr":"Talassa","wilayaCode":2,"code":214},"geometry":{"type":"Polygon","coordinates":[[[1.111198444819016,36.4288223],[1.080599222409508,36.465921885519755],[1.019400777590492,36.465921885519755],[0.9888015551809841,36.4288223],[1.019400777590492,36.391722714480245],[1.080599222409508,36.391722714480245],[1.111198444819016,36.4288223]]]}},{"type":"Feature","properties":{"nameAr":"الزبوجة","nameFr":"Zeboudja","wilayaCode":2,"code":220},"geometry":{"type":"Polygon","coordinates":[[[1.4760446760497323,36.350527],[1.4531638380248662,36.378268541785175],[1.4074021619751338,36.378268541785175],[1.3845213239502676,36.350527],[1.4074021619751338,36.322785458214824],[1.4531638380248662,36.322785458214824],[1.4760446760497323,36.350527]]]}},{"type":"Feature","properties":{"nameAr":"الحجاج","nameFr":"El Hadjadj","wilayaCode":2,"code":227},"geometry":{"type":"Polygon","coordinates":[[[1.433763160288294,36.0158333],[1.406048230144147,36.04943586699652],[1.350618369855853,36.04943586699652],[1.3229034397117059,36.0158333],[1.350618369855853,35.982230733003476],[1.406048230144147,35.982230733003476],[1.433763160288294,36.0158333]]]}},{"type":"Feature","properties":{"nameAr":"أولاد بن عبد القادر","nameFr":"Ouled Ben Abdelkader","wilayaCode":2,"code":230},"geometry":{"type":"Polygon","coordinates":[[[1.3262850013161682,36.0258],[1.3031425006580841,36.05385879086779],[1.256857499341916,36.05385879086779],[1.2337149986838318,36.0258],[1.256857499341916,35.9977412091322],[1.3031425006580841,35.9977412091322],[1.3262850013161682,36.0258]]]}},{"type":"Feature","properties":{"nameAr":"عين مران","nameFr":"Ain Merane","wilayaCode":2,"code":232},"geometry":{"type":"Polygon","coordinates":[[[1.0183827282496332,36.16277],[0.9943763641248166,36.19187616965843],[0.9463636358751834,36.19187616965843],[0.9223572717503667,36.16277],[0.9463636358751834,36.133663830341575],[0.9943763641248166,36.133663830341575],[1.0183827282496332,36.16277]]]}},{"type":"Feature","properties":{"nameAr":"بريرة","nameFr":"Breira","wilayaCode":2,"code":234},"geometry":{"type":"Polygon","coordinates":[[[1.704797447253521,36.4488017],[1.6764987236267606,36.483112078977626],[1.6199012763732397,36.483112078977626],[1.5916025527464792,36.4488017],[1.6199012763732397,36.41449132102237],[1.6764987236267606,36.41449132102237],[1.704797447253521,36.4488017]]]}},{"type":"Feature","properties":{"nameAr":"أولاد عباس","nameFr":"Ouled Abbes","wilayaCode":2,"code":218},"geometry":{"type":"Polygon","coordinates":[[[1.5247225165926488,36.21909],[1.5040279247963244,36.244180859103196],[1.4626387412036757,36.244180859103196],[1.4419441494073513,36.21909],[1.4626387412036757,36.19399914089681],[1.5040279247963244,36.19399914089681],[1.5247225165926488,36.21909]]]}},{"type":"Feature","properties":{"nameAr":"وادي الفضة","nameFr":"Oued Fodda","wilayaCode":2,"code":229},"geometry":{"type":"Polygon","coordinates":[[[1.5877934862804586,36.183333],[1.5688572931402294,36.206291914034566],[1.5309849068597705,36.206291914034566],[1.5120487137195413,36.183333],[1.5309849068597705,36.16037408596543],[1.5688572931402294,36.16037408596543],[1.5877934862804586,36.183333]]]}},{"type":"Feature","properties":{"nameAr":"بني راشد","nameFr":"Beni Rached","wilayaCode":2,"code":213},"geometry":{"type":"Polygon","coordinates":[[[1.5649346219402933,36.280556],[1.5405228109701468,36.31015374783354],[1.4916991890298534,36.31015374783354],[1.4672873780597067,36.280556],[1.4916991890298532,36.250958252166456],[1.5405228109701468,36.250958252166456],[1.5649346219402933,36.280556]]]}},{"type":"Feature","properties":{"nameAr":"الهرانفة","nameFr":"Herenfa","wilayaCode":2,"code":215},"geometry":{"type":"Polygon","coordinates":[[[1.0184042252024847,36.245277],[0.9944601126012423,36.27430769369725],[0.9465718873987577,36.27430769369725],[0.9226277747975153,36.245277],[0.9465718873987577,36.21624630630275],[0.9944601126012423,36.21624630630275],[1.0184042252024847,36.245277]]]}},{"type":"Feature","properties":{"nameAr":"تاجنة","nameFr":"Tadjena","wilayaCode":2,"code":205},"geometry":{"type":"Polygon","coordinates":[[[1.3790310439734286,36.3167],[1.3570990219867143,36.34329116347559],[1.3132349780132857,36.34329116347559],[1.2913029560265714,36.3167],[1.3132349780132857,36.290108836524404],[1.3570990219867143,36.290108836524404],[1.3790310439734286,36.3167]]]}},{"type":"Feature","properties":{"nameAr":"المرسى","nameFr":"El Marsa","wilayaCode":2,"code":223},"geometry":{"type":"Polygon","coordinates":[[[0.9837295586299708,36.401579],[0.9499558793149854,36.44252740997246],[0.8824085206850145,36.44252740997246],[0.8486348413700291,36.401579],[0.8824085206850145,36.36063059002753],[0.9499558793149854,36.36063059002753],[0.9837295586299708,36.401579]]]}},{"type":"Feature","properties":{"nameAr":"الشلف","nameFr":"Chlef","wilayaCode":2,"code":201},"geometry":{"type":"Polygon","coordinates":[[[1.3763741470698323,36.1647],[1.3540370735349163,36.19178226237842],[1.3093629264650841,36.19178226237842],[1.287025852930168,36.1647],[1.309362926465084,36.13761773762159],[1.3540370735349163,36.13761773762159],[1.3763741470698323,36.1647]]]}},{"type":"Feature","properties":{"nameAr":"أم الدروع","nameFr":"Oum Drou","wilayaCode":2,"code":233},"geometry":{"type":"Polygon","coordinates":[[[1.4298635701307756,36.2],[1.4065817850653877,36.22822766423691],[1.3600182149346123,36.22822766423691],[1.3367364298692244,36.2],[1.3600182149346123,36.171772335763094],[1.4065817850653877,36.171772335763094],[1.4298635701307756,36.2]]]}},{"type":"Feature","properties":{"nameAr":"سنجاس","nameFr":"Sendjas","wilayaCode":2,"code":219},"geometry":{"type":"Polygon","coordinates":[[[1.351982297097728,36.0696],[1.3305051485488641,36.09563965874184],[1.287550851451136,36.09563965874184],[1.2660737029022722,36.0696],[1.287550851451136,36.043560341258164],[1.3305051485488641,36.043560341258164],[1.351982297097728,36.0696]]]}},{"type":"Feature","properties":{"nameAr":"سيدي عبد الرحمن","nameFr":"Sidi Abderrahmane","wilayaCode":2,"code":225},"geometry":{"type":"Polygon","coordinates":[[[1.1654278272504903,36.4922766],[1.1305848136252452,36.534521508921415],[1.060898786374755,36.534521508921415],[1.0260557727495099,36.4922766],[1.060898786374755,36.45003169107858],[1.1305848136252452,36.45003169107858],[1.1654278272504903,36.4922766]]]}},{"type":"Feature","properties":{"nameAr":"سيدي عكاشة","nameFr":"Sidi Akkacha","wilayaCode":2,"code":211},"geometry":{"type":"Polygon","coordinates":[[[1.3611087966228557,36.46472],[1.332054398311428,36.499946585841116],[1.273945601688572,36.499946585841116],[1.2448912033771442,36.46472],[1.273945601688572,36.429493414158884],[1.332054398311428,36.429493414158884],[1.3611087966228557,36.46472]]]}},{"type":"Feature","properties":{"nameAr":"تنس","nameFr":"Tenes","wilayaCode":2,"code":202},"geometry":{"type":"Polygon","coordinates":[[[1.375180377581039,36.509722],[1.3416351887905194,36.55039337993426],[1.2745448112094806,36.55039337993426],[1.240999622418961,36.509722],[1.2745448112094804,36.46905062006573],[1.3416351887905194,36.46905062006573],[1.375180377581039,36.509722]]]}},{"type":"Feature","properties":{"nameAr":"بني بوعتاب","nameFr":"Beni Bouattab","wilayaCode":2,"code":235},"geometry":{"type":"Polygon","coordinates":[[[1.7042576378372187,36.0019469],[1.6755914689186093,36.03670278271777],[1.6182591310813905,36.03670278271777],[1.5895929621627811,36.0019469],[1.6182591310813905,35.96719101728223],[1.6755914689186093,35.96719101728223],[1.7042576378372187,36.0019469]]]}},{"type":"Feature","properties":{"nameAr":"الكريمية","nameFr":"El Karimia","wilayaCode":2,"code":204},"geometry":{"type":"Polygon","coordinates":[[[1.5971333437388495,36.116111],[1.5735666718694248,36.1446840711302],[1.5264333281305753,36.1446840711302],[1.5028666562611506,36.116111],[1.5264333281305753,36.08753792886979],[1.5735666718694248,36.08753792886979],[1.5971333437388495,36.116111]]]}},{"type":"Feature","properties":{"nameAr":"حرشون","nameFr":"Harchoun","wilayaCode":2,"code":209},"geometry":{"type":"Polygon","coordinates":[[[1.5553160644393382,36.11354],[1.530658032219669,36.1434362752334],[1.481341967780331,36.1434362752334],[1.4566839355606618,36.11354],[1.481341967780331,36.0836437247666],[1.530658032219669,36.0836437247666],[1.5553160644393382,36.11354]]]}},{"type":"Feature","properties":{"nameAr":"بوزغاية","nameFr":"Bouzeghaia","wilayaCode":2,"code":231},"geometry":{"type":"Polygon","coordinates":[[[1.1087199854964132,36.338889],[1.0795099927482066,36.37430423407003],[1.0210900072517934,36.37430423407003],[0.9918800145035868,36.338889],[1.0210900072517934,36.30347376592997],[1.0795099927482066,36.30347376592997],[1.1087199854964132,36.338889]]]}},{"type":"Feature","properties":{"nameAr":"تاوقريت","nameFr":"Taougrit","wilayaCode":2,"code":206},"geometry":{"type":"Polygon","coordinates":[[[0.9639881212904048,36.244723],[0.9434200606452023,36.269660448235456],[0.9022839393547977,36.269660448235456],[0.8817158787095952,36.244723],[0.9022839393547976,36.219785551764545],[0.9434200606452023,36.219785551764545],[0.9639881212904048,36.244723]]]}},{"type":"Feature","properties":{"nameAr":"بني حواء","nameFr":"Beni Haoua","wilayaCode":2,"code":207},"geometry":{"type":"Polygon","coordinates":[[[1.6357869125697713,36.5311],[1.6023484562848855,36.57164197364847],[1.5354715437151145,36.57164197364847],[1.5020330874302288,36.5311],[1.5354715437151145,36.490558026351536],[1.6023484562848855,36.490558026351536],[1.6357869125697713,36.5311]]]}},{"type":"Feature","properties":{"nameAr":"أبو الحسن","nameFr":"Abou El Hassane","wilayaCode":2,"code":222},"geometry":{"type":"Polygon","coordinates":[[[1.2549716276441107,36.4],[1.2239415138220553,36.43762201359311],[1.1618812861779448,36.43762201359311],[1.1308511723558894,36.4],[1.1618812861779448,36.362377986406884],[1.2239415138220553,36.362377986406884],[1.2549716276441107,36.4]]]}},{"type":"Feature","properties":{"nameAr":"وادي قوسين","nameFr":"Oued Goussine","wilayaCode":2,"code":216},"geometry":{"type":"Polygon","coordinates":[[[1.568751417502019,36.525556],[1.5327257087510093,36.5692348505548],[1.4606742912489905,36.5692348505548],[1.4246485824979809,36.525556],[1.4606742912489903,36.481877149445204],[1.5327257087510093,36.481877149445204],[1.568751417502019,36.525556]]]}},{"type":"Feature","properties":{"nameAr":"الشطية","nameFr":"Chettia","wilayaCode":2,"code":224},"geometry":{"type":"Polygon","coordinates":[[[1.2848218860583598,36.1589988],[1.2629008930291798,36.185576591575234],[1.21905890697082,36.185576591575234],[1.19713791394164,36.1589988],[1.21905890697082,36.132421008424764],[1.2629008930291798,36.132421008424764],[1.2848218860583598,36.1589988]]]}},{"type":"Feature","properties":{"nameAr":"مصدق","nameFr":"Moussadek","wilayaCode":2,"code":226},"geometry":{"type":"Polygon","coordinates":[[[0.790729875420124,36.3333333],[0.760514937710062,36.36996696508295],[0.7000850622899379,36.36996696508295],[0.6698701245798759,36.3333333],[0.7000850622899379,36.29669963491705],[0.760514937710062,36.29669963491705],[0.790729875420124,36.3333333]]]}},{"type":"Feature","properties":{"nameAr":"أولاد فارس","nameFr":"Ouled Fares","wilayaCode":2,"code":210},"geometry":{"type":"Polygon","coordinates":[[[1.290213105947882,36.2316052],[1.263606052973941,36.263864537313374],[1.210391947026059,36.263864537313374],[1.1837848940521178,36.2316052],[1.210391947026059,36.19934586268662],[1.263606052973941,36.19934586268662],[1.290213105947882,36.2316052]]]}},{"type":"Feature","properties":{"nameAr":"بوقادير","nameFr":"Boukadir","wilayaCode":2,"code":212},"geometry":{"type":"Polygon","coordinates":[[[1.178393733621634,36.066944],[1.152196866810817,36.098706013020816],[1.0998031331891829,36.098706013020816],[1.0736062663783659,36.066944],[1.0998031331891829,36.03518198697918],[1.152196866810817,36.03518198697918],[1.178393733621634,36.066944]]]}},{"type":"Feature","properties":{"nameAr":"وادي سلي","nameFr":"Oued Sly","wilayaCode":2,"code":221},"geometry":{"type":"Polygon","coordinates":[[[1.2421627197257568,36.1],[1.2210813598628785,36.1255597904626],[1.1789186401371214,36.1255597904626],[1.1578372802742432,36.1],[1.1789186401371214,36.0744402095374],[1.2210813598628785,36.0744402095374],[1.2421627197257568,36.1]]]}},{"type":"Feature","properties":{"nameAr":"الصبحة","nameFr":"Sobha","wilayaCode":2,"code":208},"geometry":{"type":"Polygon","coordinates":[[[1.1624339194714486,36.1100346],[1.1362784597357243,36.14174640961031],[1.0839675402642757,36.14174640961031],[1.0578120805285514,36.1100346],[1.0839675402642757,36.078322790389684],[1.1362784597357243,36.078322790389684],[1.1624339194714486,36.1100346]]]}},{"type":"Feature","properties":{"nameAr":"بنايرية","nameFr":"Benairia","wilayaCode":2,"code":203},"geometry":{"type":"Polygon","coordinates":[[[1.4183975632579426,36.3539],[1.3962137816289715,36.38079640581978],[1.351846218371029,36.38079640581978],[1.3296624367420575,36.3539],[1.3518462183710287,36.327003594180226],[1.3962137816289715,36.327003594180226],[1.4183975632579426,36.3539]]]}},{"type":"Feature","properties":{"nameAr":"الأبيض مجاجة","nameFr":"Labiod Medjadja","wilayaCode":2,"code":228},"geometry":{"type":"Polygon","coordinates":[[[1.4235401482339596,36.2767832],[1.4045281241169798,36.29983405420773],[1.3665040758830203,36.29983405420773],[1.3474920517660405,36.2767832],[1.3665040758830203,36.253732345792265],[1.4045281241169798,36.253732345792265],[1.4235401482339596,36.2767832]]]}},{"type":"Feature","properties":{"nameAr":"الظهرة","nameFr":"Dahra","wilayaCode":2,"code":217},"geometry":{"type":"Polygon","coordinates":[[[0.8973720586784979,36.255278],[0.874556029339249,36.28294096542979],[0.8289239706607511,36.28294096542979],[0.8061079413215022,36.255278],[0.8289239706607511,36.227615034570206],[0.874556029339249,36.227615034570206],[0.8973720586784979,36.255278]]]}},{"type":"Feature","properties":{"nameAr":"البيضاء","nameFr":"El Beidha","wilayaCode":3,"code":312},"geometry":{"type":"Polygon","coordinates":[[[2.3089291450904743,34.47475],[2.2415045725452374,34.55649794972887],[2.1066554274547626,34.55649794972887],[2.0392308549095257,34.47475],[2.1066554274547626,34.39300205027113],[2.2415045725452374,34.39300205027113],[2.3089291450904743,34.47475]]]}},{"type":"Feature","properties":{"nameAr":"قلتة سيدي سعد","nameFr":"Gueltat Sidi Saad","wilayaCode":3,"code":310},"geometry":{"type":"Polygon","coordinates":[[[2.081134949314096,34.2961],[2.0139024746570477,34.377615043417215],[1.879437525342952,34.377615043417215],[1.812205050685904,34.2961],[1.8794375253429518,34.21458495658279],[2.0139024746570477,34.21458495658279],[2.081134949314096,34.2961]]]}},{"type":"Feature","properties":{"nameAr":"عين سيدي علي","nameFr":"Ain Sidi Ali","wilayaCode":3,"code":311},"geometry":{"type":"Polygon","coordinates":[[[1.6813561297925954,34.156872],[1.6118710648962977,34.24111816393732],[1.4729009351037023,34.24111816393732],[1.4034158702074047,34.156872],[1.4729009351037023,34.07262583606268],[1.6118710648962977,34.07262583606268],[1.6813561297925954,34.156872]]]}},{"type":"Feature","properties":{"nameAr":"تاجموت","nameFr":"Tadjemout","wilayaCode":3,"code":308},"geometry":{"type":"Polygon","coordinates":[[[2.6325331843975333,33.87729],[2.576831592198767,33.94482459142552],[2.465428407801233,33.94482459142552],[2.4097268156024665,33.87729],[2.465428407801233,33.80975540857448],[2.576831592198767,33.80975540857448],[2.6325331843975333,33.87729]]]}},{"type":"Feature","properties":{"nameAr":"تاجرونة","nameFr":"Tadjrouna","wilayaCode":3,"code":318},"geometry":{"type":"Polygon","coordinates":[[[2.281677798990097,33.503632],[2.1914473994950487,33.613030545418866],[2.0109866005049515,33.613030545418866],[1.920756201009903,33.503632],[2.0109866005049515,33.39423345458114],[2.1914473994950487,33.39423345458114],[2.281677798990097,33.503632]]]}},{"type":"Feature","properties":{"nameAr":"الأغواط","nameFr":"Laghouat","wilayaCode":3,"code":301},"geometry":{"type":"Polygon","coordinates":[[[2.9687168697398,33.8],[2.9218584348699,33.856812832970476],[2.8281415651301,33.856812832970476],[2.7812831302602,33.8],[2.8281415651301,33.74318716702952],[2.9218584348699,33.74318716702952],[2.9687168697398,33.8]]]}},{"type":"Feature","properties":{"nameAr":"قصر الحيران","nameFr":"Ksar El Hirane","wilayaCode":3,"code":302},"geometry":{"type":"Polygon","coordinates":[[[3.2429690278882184,33.788564],[3.1918430139441094,33.85055099761777],[3.0895909860558906,33.85055099761777],[3.0384649721117816,33.788564],[3.0895909860558906,33.72657700238223],[3.1918430139441094,33.72657700238223],[3.2429690278882184,33.788564]]]}},{"type":"Feature","properties":{"nameAr":"العسافية","nameFr":"El Assafia","wilayaCode":3,"code":320},"geometry":{"type":"Polygon","coordinates":[[[3.069425876909361,33.8264],[3.0296629384546803,33.87461000076322],[2.9501370615453197,33.87461000076322],[2.910374123090639,33.8264],[2.9501370615453193,33.77818999923678],[3.0296629384546803,33.77818999923678],[3.069425876909361,33.8264]]]}},{"type":"Feature","properties":{"nameAr":"سيدي مخلوف","nameFr":"Sidi Makhlouf","wilayaCode":3,"code":304},"geometry":{"type":"Polygon","coordinates":[[[3.1306734702400605,34.12942],[3.07251673512003,34.199931294021155],[2.95620326487997,34.199931294021155],[2.8980465297599394,34.12942],[2.95620326487997,34.05890870597885],[3.07251673512003,34.05890870597885],[3.1306734702400605,34.12942]]]}},{"type":"Feature","properties":{"nameAr":"حاسي الدلاعة","nameFr":"Hassi Delaa","wilayaCode":3,"code":305},"geometry":{"type":"Polygon","coordinates":[[[3.8091921496168384,33.41742],[3.679701074808419,33.57441958448642],[3.4207189251915806,33.57441958448642],[3.2912278503831613,33.41742],[3.4207189251915806,33.26042041551358],[3.679701074808419,33.26042041551358],[3.8091921496168384,33.41742]]]}},{"type":"Feature","properties":{"nameAr":"حاسي الرمل","nameFr":"Hassi R'mel","wilayaCode":3,"code":306},"geometry":{"type":"Polygon","coordinates":[[[3.5131840795085423,32.928],[3.3920920397542713,33.07481629567258],[3.149907960245729,33.07481629567258],[3.0288159204914575,32.928],[3.1499079602457285,32.78118370432741],[3.3920920397542713,32.78118370432741],[3.5131840795085423,32.928]]]}},{"type":"Feature","properties":{"nameAr":"عين ماضي","nameFr":"Ain Madhi","wilayaCode":3,"code":307},"geometry":{"type":"Polygon","coordinates":[[[2.414391416281179,33.7956],[2.3597957081405894,33.86179377826229],[2.250604291859411,33.86179377826229],[2.1960085837188212,33.7956],[2.250604291859411,33.72940622173771],[2.3597957081405894,33.72940622173771],[2.414391416281179,33.7956]]]}},{"type":"Feature","properties":{"nameAr":"الحويطة","nameFr":"El Haouaita","wilayaCode":3,"code":323},"geometry":{"type":"Polygon","coordinates":[[[2.5762638664339437,33.645394],[2.510488433216972,33.725142474555156],[2.3789375667830286,33.725142474555156],[2.3131621335660566,33.645394],[2.378937566783028,33.56564552544485],[2.510488433216972,33.56564552544485],[2.5762638664339437,33.645394]]]}},{"type":"Feature","properties":{"nameAr":"الخنق","nameFr":"Kheneg","wilayaCode":3,"code":309},"geometry":{"type":"Polygon","coordinates":[[[2.901498532046963,33.744444],[2.8477492660234818,33.80961152173555],[2.7402507339765183,33.80961152173555],[2.686501467953037,33.744444],[2.7402507339765183,33.679276478264455],[2.8477492660234818,33.679276478264455],[2.901498532046963,33.744444]]]}},{"type":"Feature","properties":{"nameAr":"بن ناصر بن شهرة","nameFr":"Benacer Benchohra","wilayaCode":3,"code":303},"geometry":{"type":"Polygon","coordinates":[[[3.09002849866868,33.751463],[3.04648374933434,33.80425820277495],[2.95939425066566,33.80425820277495],[2.91584950133132,33.751463],[2.95939425066566,33.69866779722505],[3.04648374933434,33.69866779722505],[3.09002849866868,33.751463]]]}},{"type":"Feature","properties":{"nameAr":"فكيرينة","nameFr":"Fkirina","wilayaCode":4,"code":416},"geometry":{"type":"Polygon","coordinates":[[[7.36261722825862,35.663889],[7.3307586141293095,35.70251551683148],[7.26704138587069,35.70251551683148],[7.235182771741379,35.663889],[7.26704138587069,35.62526248316851],[7.3307586141293095,35.62526248316851],[7.36261722825862,35.663889]]]}},{"type":"Feature","properties":{"nameAr":"الفجوج بوغرارة سعودي","nameFr":"El Fedjoudj Boughrara Sa","wilayaCode":4,"code":419},"geometry":{"type":"Polygon","coordinates":[[[6.88905915664692,35.70805],[6.85300157832346,35.751767490357885],[6.7808864216765405,35.751767490357885],[6.744828843353081,35.70805],[6.7808864216765405,35.664332509642115],[6.85300157832346,35.664332509642115],[6.88905915664692,35.70805]]]}},{"type":"Feature","properties":{"nameAr":"عين فكرون","nameFr":"Ain Fekroun","wilayaCode":4,"code":425},"geometry":{"type":"Polygon","coordinates":[[[6.950625667884414,35.9711],[6.912162833942207,36.01773370781369],[6.8352371660577935,36.01773370781369],[6.796774332115587,35.9711],[6.8352371660577935,35.92446629218631],[6.912162833942207,35.92446629218631],[6.950625667884414,35.9711]]]}},{"type":"Feature","properties":{"nameAr":"الرحية","nameFr":"Rahia","wilayaCode":4,"code":426},"geometry":{"type":"Polygon","coordinates":[[[7.004999484777903,35.716667],[6.969166242388951,35.760112497492315],[6.897499757611049,35.760112497492315],[6.8616665152220975,35.716667],[6.897499757611049,35.67322150250769],[6.969166242388951,35.67322150250769],[7.004999484777903,35.716667]]]}},{"type":"Feature","properties":{"nameAr":"مسكيانة","nameFr":"Meskiana","wilayaCode":4,"code":424},"geometry":{"type":"Polygon","coordinates":[[[7.746116303107402,35.631],[7.706508151553701,35.67902233161943],[7.6272918484462995,35.67902233161943],[7.587683696892598,35.631],[7.6272918484462995,35.58297766838057],[7.706508151553701,35.58297766838057],[7.746116303107402,35.631]]]}},{"type":"Feature","properties":{"nameAr":"البلالة","nameFr":"El Belala","wilayaCode":4,"code":407},"geometry":{"type":"Polygon","coordinates":[[[7.869746104769954,35.665278],[7.829039552384977,35.71463207185222],[7.747626447615023,35.71463207185222],[7.706919895230046,35.665278],[7.747626447615023,35.61592392814778],[7.829039552384977,35.61592392814778],[7.869746104769954,35.665278]]]}},{"type":"Feature","properties":{"nameAr":"بحير الشرقي","nameFr":"Behir Chergui","wilayaCode":4,"code":404},"geometry":{"type":"Polygon","coordinates":[[[7.765586749620367,35.790804],[7.724443374810184,35.84068769089626],[7.642156625189816,35.84068769089626],[7.601013250379633,35.790804],[7.642156625189816,35.74092030910374],[7.724443374810184,35.74092030910374],[7.765586749620367,35.790804]]]}},{"type":"Feature","properties":{"nameAr":"قصر الصباحي","nameFr":"Ksar Sbahi","wilayaCode":4,"code":422},"geometry":{"type":"Polygon","coordinates":[[[7.323398543181844,36.0833],[7.286699271590922,36.12779550209737],[7.213300728409078,36.12779550209737],[7.176601456818156,36.0833],[7.213300728409078,36.03880449790263],[7.286699271590922,36.03880449790263],[7.323398543181844,36.0833]]]}},{"type":"Feature","properties":{"nameAr":"سوق نعمان","nameFr":"Souk Naamane","wilayaCode":4,"code":417},"geometry":{"type":"Polygon","coordinates":[[[6.458235452315843,35.895833],[6.423839726157921,35.937535601688126],[6.355048273842079,35.937535601688126],[6.3206525476841575,35.895833],[6.355048273842079,35.85413039831188],[6.423839726157921,35.85413039831188],[6.458235452315843,35.895833]]]}},{"type":"Feature","properties":{"nameAr":"أولاد زواي","nameFr":"Ouled Zouai","wilayaCode":4,"code":420},"geometry":{"type":"Polygon","coordinates":[[[6.570322764256532,35.836111],[6.538494882128266,35.87470025626043],[6.474839117871735,35.87470025626043],[6.443011235743469,35.836111],[6.474839117871735,35.79752174373957],[6.538494882128266,35.79752174373957],[6.570322764256532,35.836111]]]}},{"type":"Feature","properties":{"nameAr":"أم البواقي","nameFr":"Oum El Bouaghi","wilayaCode":4,"code":401},"geometry":{"type":"Polygon","coordinates":[[[7.213623562089648,35.8706],[7.1653117810448235,35.929174921561646],[7.0686882189551765,35.929174921561646],[7.020376437910352,35.8706],[7.0686882189551765,35.81202507843836],[7.1653117810448235,35.81202507843836],[7.213623562089648,35.8706]]]}},{"type":"Feature","properties":{"nameAr":"عين ببوش","nameFr":"Ain Babouche","wilayaCode":4,"code":408},"geometry":{"type":"Polygon","coordinates":[[[7.275410733283472,35.941111],[7.231455366641736,35.994404049802164],[7.143544633358264,35.994404049802164],[7.099589266716528,35.941111],[7.143544633358264,35.887817950197835],[7.231455366641736,35.887817950197835],[7.275410733283472,35.941111]]]}},{"type":"Feature","properties":{"nameAr":"عين الزيتون","nameFr":"Ain Zitoun","wilayaCode":4,"code":427},"geometry":{"type":"Polygon","coordinates":[[[7.007902290081929,35.684444],[6.974101145040964,35.72542571039547],[6.906498854959035,35.72542571039547],[6.872697709918071,35.684444],[6.906498854959035,35.64346228960453],[6.974101145040964,35.64346228960453],[7.007902290081929,35.684444]]]}},{"type":"Feature","properties":{"nameAr":"بئر الشهداء","nameFr":"Bir Chouhada","wilayaCode":4,"code":421},"geometry":{"type":"Polygon","coordinates":[[[6.362983980336666,35.894444],[6.326491990168333,35.9386881867286],[6.253508009831667,35.9386881867286],[6.217016019663334,35.894444],[6.253508009831667,35.8501998132714],[6.326491990168333,35.8501998132714],[6.362983980336666,35.894444]]]}},{"type":"Feature","properties":{"nameAr":"عين البيضاء","nameFr":"Ain Beida","wilayaCode":4,"code":402},"geometry":{"type":"Polygon","coordinates":[[[7.451054322102529,35.7981327],[7.421613861051264,35.833827362037326],[7.362732938948736,35.833827362037326],[7.333292477897471,35.7981327],[7.362732938948735,35.76243803796267],[7.421613861051264,35.76243803796267],[7.451054322102529,35.7981327]]]}},{"type":"Feature","properties":{"nameAr":"بريش","nameFr":"Berriche","wilayaCode":4,"code":409},"geometry":{"type":"Polygon","coordinates":[[[7.436749136823025,35.795833],[7.406709568411513,35.83225404110833],[7.346630431588487,35.83225404110833],[7.316590863176975,35.795833],[7.346630431588487,35.759411958891675],[7.406709568411513,35.759411958891675],[7.436749136823025,35.795833]]]}},{"type":"Feature","properties":{"nameAr":"الزرق","nameFr":"Zorg","wilayaCode":4,"code":418},"geometry":{"type":"Polygon","coordinates":[[[7.528744403830678,35.78777778],[7.498399701915338,35.82456877582053],[7.437710298084661,35.82456877582053],[7.407365596169321,35.78777778],[7.437710298084661,35.75098678417947],[7.498399701915338,35.75098678417947],[7.528744403830678,35.78777778]]]}},{"type":"Feature","properties":{"nameAr":"عين مليلة","nameFr":"Ain M'lila","wilayaCode":4,"code":403},"geometry":{"type":"Polygon","coordinates":[[[6.630029927205921,36.03823],[6.601604963602961,36.07269343681453],[6.544755036397039,36.07269343681453],[6.516330072794078,36.03823],[6.544755036397039,36.003766563185465],[6.601604963602961,36.003766563185465],[6.630029927205921,36.03823]]]}},{"type":"Feature","properties":{"nameAr":"أولاد قاسم","nameFr":"Ouled Gacem","wilayaCode":4,"code":428},"geometry":{"type":"Polygon","coordinates":[[[6.718116826800289,36.034166],[6.691958413400144,36.065881390738106],[6.639641586599856,36.065881390738106],[6.613483173199711,36.034166],[6.639641586599856,36.00245060926189],[6.691958413400144,36.00245060926189],[6.718116826800289,36.034166]]]}},{"type":"Feature","properties":{"nameAr":"أولاد حملة","nameFr":"Ouled Hamla","wilayaCode":4,"code":410},"geometry":{"type":"Polygon","coordinates":[[[6.525448925528833,36.09042],[6.495139462764416,36.127168270620665],[6.434520537235584,36.127168270620665],[6.404211074471167,36.09042],[6.434520537235584,36.05367172937934],[6.495139462764416,36.05367172937934],[6.525448925528833,36.09042]]]}},{"type":"Feature","properties":{"nameAr":"العامرية","nameFr":"El Amiria","wilayaCode":4,"code":405},"geometry":{"type":"Polygon","coordinates":[[[6.95365482059849,36.111944],[6.917927410299245,36.155261182902805],[6.846472589700755,36.155261182902805],[6.81074517940151,36.111944],[6.846472589700755,36.0686268170972],[6.917927410299245,36.0686268170972],[6.95365482059849,36.111944]]]}},{"type":"Feature","properties":{"nameAr":"سيقوس","nameFr":"Sigus","wilayaCode":4,"code":406},"geometry":{"type":"Polygon","coordinates":[[[6.829875484826581,36.12361],[6.8003446424132905,36.15941424361509],[6.7412829575867095,36.15941424361509],[6.711752115173419,36.12361],[6.7412829575867095,36.08780575638491],[6.8003446424132905,36.08780575638491],[6.829875484826581,36.12361]]]}},{"type":"Feature","properties":{"nameAr":"وادي نيني","nameFr":"Oued Nini","wilayaCode":4,"code":423},"geometry":{"type":"Polygon","coordinates":[[[7.367287180333242,35.5722],[7.333071090166621,35.61368480462347],[7.264638909833378,35.61368480462347],[7.2304228196667575,35.5722],[7.264638909833378,35.53071519537654],[7.333071090166621,35.53071519537654],[7.367287180333242,35.5722]]]}},{"type":"Feature","properties":{"nameAr":"عين الديس","nameFr":"Ain Diss","wilayaCode":4,"code":415},"geometry":{"type":"Polygon","coordinates":[[[7.858597611515505,36.03],[7.829298805757753,36.065522914121466],[7.770701194242247,36.065522914121466],[7.741402388484494,36.03],[7.770701194242247,35.994477085878536],[7.829298805757753,35.994477085878536],[7.858597611515505,36.03]]]}},{"type":"Feature","properties":{"nameAr":"الضلعة","nameFr":"Dhalaa","wilayaCode":4,"code":411},"geometry":{"type":"Polygon","coordinates":[[[7.606415502115789,35.461111],[7.576818751057894,35.49699515359987],[7.517625248942105,35.49699515359987],[7.48802849788421,35.461111],[7.517625248942105,35.425226846400136],[7.576818751057894,35.425226846400136],[7.606415502115789,35.461111]]]}},{"type":"Feature","properties":{"nameAr":"الجازية","nameFr":"El Djazia","wilayaCode":4,"code":414},"geometry":{"type":"Polygon","coordinates":[[[7.582108298851489,35.663154],[7.544617699425745,35.70860893610812],[7.469636500574255,35.70860893610812],[7.432145901148511,35.663154],[7.469636500574255,35.61769906389188],[7.544617699425745,35.61769906389188],[7.582108298851489,35.663154]]]}},{"type":"Feature","properties":{"nameAr":"عين كرشة","nameFr":"Ain Kercha","wilayaCode":4,"code":412},"geometry":{"type":"Polygon","coordinates":[[[6.7420297283066155,35.916667],[6.712679864153308,35.95225181913614],[6.653980135846692,35.95225181913614],[6.624630271693384,35.916667],[6.653980135846692,35.88108218086386],[6.712679864153308,35.88108218086386],[6.7420297283066155,35.916667]]]}},{"type":"Feature","properties":{"nameAr":"الحرملية","nameFr":"El Harmilia","wilayaCode":4,"code":429},"geometry":{"type":"Polygon","coordinates":[[[6.67805730137704,35.923532],[6.64866015068852,35.959174151013194],[6.58986584931148,35.959174151013194],[6.560468698622961,35.923532],[6.58986584931148,35.88788984898681],[6.64866015068852,35.88788984898681],[6.67805730137704,35.923532]]]}},{"type":"Feature","properties":{"nameAr":"هنشير تومغني","nameFr":"Hanchir Toumghani","wilayaCode":4,"code":413},"geometry":{"type":"Polygon","coordinates":[[[6.844233031020623,35.934722],[6.812516515510311,35.97317623141203],[6.749083484489689,35.97317623141203],[6.717366968979377,35.934722],[6.749083484489689,35.89626776858797],[6.812516515510311,35.89626776858797],[6.844233031020623,35.934722]]]}},{"type":"Feature","properties":{"nameAr":"معافة","nameFr":"Maafa","wilayaCode":5,"code":503},"geometry":{"type":"Polygon","coordinates":[[[5.968316322954025,35.266667],[5.944077511477013,35.29605499709529],[5.8955998885229866,35.29605499709529],[5.871361077045974,35.266667],[5.8955998885229866,35.23727900290471],[5.944077511477013,35.23727900290471],[5.968316322954025,35.266667]]]}},{"type":"Feature","properties":{"nameAr":"القصبات","nameFr":"Gosbat","wilayaCode":5,"code":539},"geometry":{"type":"Polygon","coordinates":[[[5.5775283743765875,35.6667],[5.547264187188294,35.70339337690193],[5.486735812811706,35.70339337690193],[5.456471625623413,35.6667],[5.486735812811706,35.63000662309807],[5.547264187188294,35.63000662309807],[5.5775283743765875,35.6667]]]}},{"type":"Feature","properties":{"nameAr":"تيمقاد","nameFr":"Timgad","wilayaCode":5,"code":550},"geometry":{"type":"Polygon","coordinates":[[[6.527806804974463,35.485165],[6.498203402487232,35.52105721802936],[6.4389965975127685,35.52105721802936],[6.409393195025538,35.485165],[6.4389965975127685,35.44927278197064],[6.498203402487232,35.44927278197064],[6.527806804974463,35.485165]]]}},{"type":"Feature","properties":{"nameAr":"تاكسلانت","nameFr":"Taxlent","wilayaCode":5,"code":538},"geometry":{"type":"Polygon","coordinates":[[[5.877514629134122,35.5333],[5.847092314567061,35.57018509615979],[5.786247685432939,35.57018509615979],[5.755825370865878,35.5333],[5.786247685432939,35.496414903840204],[5.847092314567061,35.496414903840204],[5.877514629134122,35.5333]]]}},{"type":"Feature","properties":{"nameAr":"أولاد سي سليمان","nameFr":"Ouled Si Slimane","wilayaCode":5,"code":553},"geometry":{"type":"Polygon","coordinates":[[[5.677989790901372,35.610833],[5.655383395450686,35.638241797847606],[5.610170604549314,35.638241797847606],[5.587564209098628,35.610833],[5.610170604549314,35.58342420215239],[5.655383395450686,35.58342420215239],[5.677989790901372,35.610833]]]}},{"type":"Feature","properties":{"nameAr":"لمسان","nameFr":"Lemcene","wilayaCode":5,"code":527},"geometry":{"type":"Polygon","coordinates":[[[5.914256009375959,35.7981327],[5.891078004687979,35.82623453721635],[5.84472199531202,35.82623453721635],[5.821543990624041,35.7981327],[5.84472199531202,35.77003086278364],[5.891078004687979,35.77003086278364],[5.914256009375959,35.7981327]]]}},{"type":"Feature","properties":{"nameAr":"تالخمت","nameFr":"Talkhamt","wilayaCode":5,"code":534},"geometry":{"type":"Polygon","coordinates":[[[5.901919631353299,35.665278],[5.884309815676649,35.68662876682472],[5.849090184323351,35.68662876682472],[5.831480368646701,35.665278],[5.849090184323351,35.64392723317528],[5.884309815676649,35.64392723317528],[5.901919631353299,35.665278]]]}},{"type":"Feature","properties":{"nameAr":"رأس العيون","nameFr":"Ras El Aioun","wilayaCode":5,"code":551},"geometry":{"type":"Polygon","coordinates":[[[5.709448157181629,35.675],[5.679724078590814,35.71103853002922],[5.620275921409187,35.71103853002922],[5.590551842818372,35.675],[5.620275921409187,35.63896146997077],[5.679724078590814,35.63896146997077],[5.709448157181629,35.675]]]}},{"type":"Feature","properties":{"nameAr":"الرحبات","nameFr":"Rahbat","wilayaCode":5,"code":525},"geometry":{"type":"Polygon","coordinates":[[[5.694321237362549,35.5333],[5.672160618681275,35.560168322238184],[5.627839381318726,35.560168322238184],[5.605678762637452,35.5333],[5.627839381318726,35.50643167776181],[5.672160618681275,35.50643167776181],[5.694321237362549,35.5333]]]}},{"type":"Feature","properties":{"nameAr":"أولاد سلام","nameFr":"Ouled Sellem","wilayaCode":5,"code":520},"geometry":{"type":"Polygon","coordinates":[[[5.932026761845532,35.8411857],[5.907113380922766,35.87139156908258],[5.857286619077234,35.87139156908258],[5.832373238154468,35.8411857],[5.857286619077234,35.81097983091741],[5.907113380922766,35.81097983091741],[5.932026761845532,35.8411857]]]}},{"type":"Feature","properties":{"nameAr":"القيقبة","nameFr":"Guigba","wilayaCode":5,"code":510},"geometry":{"type":"Polygon","coordinates":[[[6.045206740879337,35.807778],[6.022603370439668,35.83518313021666],[5.977396629560332,35.83518313021666],[5.954793259120663,35.807778],[5.977396629560332,35.780372869783335],[6.022603370439668,35.780372869783335],[6.045206740879337,35.807778]]]}},{"type":"Feature","properties":{"nameAr":"ثنية العابد","nameFr":"Teniet El Abed","wilayaCode":5,"code":547},"geometry":{"type":"Polygon","coordinates":[[[6.237548617529729,35.24695],[6.214084308764865,35.27539896246166],[6.167155691235135,35.27539896246166],[6.143691382470271,35.24695],[6.167155691235135,35.21850103753834],[6.214084308764865,35.21850103753834],[6.237548617529729,35.24695]]]}},{"type":"Feature","properties":{"nameAr":"باتنة","nameFr":"Batna","wilayaCode":5,"code":501},"geometry":{"type":"Polygon","coordinates":[[[6.227740674450448,35.55597],[6.200942687225225,35.58846083279027],[6.147346712774776,35.58846083279027],[6.120548725549552,35.55597],[6.147346712774776,35.523479167209736],[6.200942687225225,35.523479167209736],[6.227740674450448,35.55597]]]}},{"type":"Feature","properties":{"nameAr":"فسديس","nameFr":"Fesdis","wilayaCode":5,"code":523},"geometry":{"type":"Polygon","coordinates":[[[6.316348198044798,35.62],[6.295554099022398,35.645211505203086],[6.253965900977601,35.645211505203086],[6.233171801955201,35.62],[6.253965900977601,35.59478849479691],[6.295554099022398,35.59478849479691],[6.316348198044798,35.62]]]}},{"type":"Feature","properties":{"nameAr":"وادي الشعبة","nameFr":"Oued Chaaba","wilayaCode":5,"code":537},"geometry":{"type":"Polygon","coordinates":[[[6.142220461784607,35.504722],[6.110030230892304,35.54375058078899],[6.045649769107697,35.54375058078899],[6.013459538215393,35.504722],[6.045649769107697,35.465693419211014],[6.110030230892304,35.465693419211014],[6.142220461784607,35.504722]]]}},{"type":"Feature","properties":{"nameAr":"حيدوسة","nameFr":"Hidoussa","wilayaCode":5,"code":546},"geometry":{"type":"Polygon","coordinates":[[[5.9698769808701515,35.6375],[5.953688490435076,35.657127501551976],[5.921311509564924,35.657127501551976],[5.9051230191298485,35.6375],[5.921311509564924,35.61787249844803],[5.953688490435076,35.61787249844803],[5.9698769808701515,35.6375]]]}},{"type":"Feature","properties":{"nameAr":"قصر بلزمة","nameFr":"Ksar Bellezma","wilayaCode":5,"code":528},"geometry":{"type":"Polygon","coordinates":[[[5.931722634705443,35.67649],[5.917511317352721,35.69372030658818],[5.889088682647278,35.69372030658818],[5.874877365294557,35.67649],[5.889088682647278,35.65925969341182],[5.917511317352721,35.65925969341182],[5.931722634705443,35.67649]]]}},{"type":"Feature","properties":{"nameAr":"مروانة","nameFr":"Merouana","wilayaCode":5,"code":504},"geometry":{"type":"Polygon","coordinates":[[[5.942782121483799,35.63106],[5.9273210607419,35.64980553992071],[5.8963989392581,35.64980553992071],[5.8809378785162005,35.63106],[5.8963989392581,35.61231446007928],[5.9273210607419,35.61231446007928],[5.942782121483799,35.63106]]]}},{"type":"Feature","properties":{"nameAr":"وادي الماء","nameFr":"Oued El Ma","wilayaCode":5,"code":533},"geometry":{"type":"Polygon","coordinates":[[[6.0401036987922305,35.64527778],[6.017412960396116,35.67278883823433],[5.972031483603884,35.67278883823433],[5.94934074520777,35.64527778],[5.972031483603884,35.617766721765676],[6.017412960396116,35.61776672176567],[6.0401036987922305,35.64527778]]]}},{"type":"Feature","properties":{"nameAr":"لازرو","nameFr":"Lazrou","wilayaCode":5,"code":558},"geometry":{"type":"Polygon","coordinates":[[[6.266048878610336,35.7],[6.241374439305168,35.72991616776738],[6.192025560694833,35.72991616776738],[6.167351121389665,35.7],[6.192025560694833,35.67008383223263],[6.241374439305168,35.67008383223263],[6.266048878610336,35.7]]]}},{"type":"Feature","properties":{"nameAr":"سريانة","nameFr":"Seriana","wilayaCode":5,"code":505},"geometry":{"type":"Polygon","coordinates":[[[6.238514790909634,35.691666],[6.212452395454817,35.72326497516629],[6.160327604545183,35.72326497516629],[6.134265209090366,35.691666],[6.160327604545183,35.66006702483371],[6.212452395454817,35.66006702483371],[6.238514790909634,35.691666]]]}},{"type":"Feature","properties":{"nameAr":"زانة البيضاء","nameFr":"Zanet El Beida","wilayaCode":5,"code":554},"geometry":{"type":"Polygon","coordinates":[[[6.146294219729023,35.809722],[6.115707109864511,35.846806899839414],[6.054532890135489,35.846806899839414],[6.023945780270977,35.809722],[6.054532890135489,35.77263710016059],[6.115707109864511,35.77263710016059],[6.146294219729023,35.809722]]]}},{"type":"Feature","properties":{"nameAr":"منعة","nameFr":"Menaa","wilayaCode":5,"code":506},"geometry":{"type":"Polygon","coordinates":[[[6.054500979515203,35.1777],[6.030637989757602,35.206632337476464],[5.982912010242399,35.206632337476464],[5.959049020484797,35.1777],[5.982912010242399,35.14876766252354],[6.030637989757602,35.14876766252354],[6.054500979515203,35.1777]]]}},{"type":"Feature","properties":{"nameAr":"تغرغار","nameFr":"Tigharghar","wilayaCode":5,"code":521},"geometry":{"type":"Polygon","coordinates":[[[6.086385404382074,35.160278],[6.060542702191038,35.191610611239824],[6.008857297808962,35.191610611239824],[5.9830145956179255,35.160278],[6.008857297808962,35.12894538876017],[6.060542702191038,35.12894538876017],[6.086385404382074,35.160278]]]}},{"type":"Feature","properties":{"nameAr":"عين ياقوت","nameFr":"Ain Yagout","wilayaCode":5,"code":522},"geometry":{"type":"Polygon","coordinates":[[[6.4714021702874405,35.7746],[6.44392108514372,35.807919045001235],[6.388958914856279,35.807919045001235],[6.361477829712559,35.7746],[6.388958914856279,35.741280954998764],[6.44392108514372,35.741280954998764],[6.4714021702874405,35.7746]]]}},{"type":"Feature","properties":{"nameAr":"بومية","nameFr":"Boumia","wilayaCode":5,"code":559},"geometry":{"type":"Polygon","coordinates":[[[6.535669101831715,35.677222],[6.508251050915857,35.71046462006154],[6.453414949084142,35.71046462006154],[6.425996898168284,35.677222],[6.453414949084142,35.64397937993846],[6.508251050915857,35.64397937993846],[6.535669101831715,35.677222]]]}},{"type":"Feature","properties":{"nameAr":"جرمة","nameFr":"Djerma","wilayaCode":5,"code":513},"geometry":{"type":"Polygon","coordinates":[[[6.346382918188905,35.6851412],[6.323863059094452,35.71244507809161],[6.278823340905547,35.71244507809161],[6.256303481811095,35.6851412],[6.278823340905547,35.65783732190838],[6.323863059094452,35.65783732190838],[6.346382918188905,35.6851412]]]}},{"type":"Feature","properties":{"nameAr":"المعذر","nameFr":"El Madher","wilayaCode":5,"code":507},"geometry":{"type":"Polygon","coordinates":[[[6.41413559467074,35.63121],[6.39164379733537,35.658479855016886],[6.346660202664629,35.658479855016886],[6.324168405329259,35.63121],[6.346660202664629,35.60394014498312],[6.39164379733537,35.60394014498312],[6.41413559467074,35.63121]]]}},{"type":"Feature","properties":{"nameAr":"عيون العصافير","nameFr":"Ouyoun El Assafir","wilayaCode":5,"code":512},"geometry":{"type":"Polygon","coordinates":[[[6.386793192453026,35.552203],[6.365335846226513,35.57821864970194],[6.322421153773487,35.57821864970194],[6.300963807546974,35.552203],[6.322421153773487,35.52618735029806],[6.365335846226513,35.52618735029806],[6.386793192453026,35.552203]]]}},{"type":"Feature","properties":{"nameAr":"تازولت","nameFr":"Tazoult","wilayaCode":5,"code":508},"geometry":{"type":"Polygon","coordinates":[[[6.302388412809483,35.489188],[6.278349706404742,35.51833338258887],[6.230272293595259,35.51833338258887],[6.206233587190518,35.489188],[6.230272293595259,35.460042617411126],[6.278349706404742,35.460042617411126],[6.302388412809483,35.489188]]]}},{"type":"Feature","properties":{"nameAr":"بومقر","nameFr":"Boumagueur","wilayaCode":5,"code":541},"geometry":{"type":"Polygon","coordinates":[[[5.600545221613583,35.5052],[5.576522610806792,35.53432586771347],[5.528477389193209,35.53432586771347],[5.5044547783864175,35.5052],[5.528477389193209,35.476074132286534],[5.576522610806792,35.476074132286534],[5.600545221613583,35.5052]]]}},{"type":"Feature","properties":{"nameAr":"نقاوس","nameFr":"N Gaous","wilayaCode":5,"code":509},"geometry":{"type":"Polygon","coordinates":[[[5.651202991586966,35.561836],[5.631063495793483,35.586253840967196],[5.590784504206517,35.586253840967196],[5.570645008413034,35.561836],[5.590784504206517,35.5374181590328],[5.631063495793483,35.5374181590328],[5.651202991586966,35.561836]]]}},{"type":"Feature","properties":{"nameAr":"سفيان","nameFr":"Sefiane","wilayaCode":5,"code":524},"geometry":{"type":"Polygon","coordinates":[[[5.613099141081139,35.4414],[5.585599570540569,35.474741457353815],[5.53060042945943,35.474741457353815],[5.50310085891886,35.4414],[5.53060042945943,35.40805854264619],[5.585599570540569,35.40805854264619],[5.613099141081139,35.4414]]]}},{"type":"Feature","properties":{"nameAr":"أريس","nameFr":"Arris","wilayaCode":5,"code":516},"geometry":{"type":"Polygon","coordinates":[[[6.404058408277669,35.25881],[6.375559204138835,35.293363448680616],[6.318560795861165,35.293363448680616],[6.290061591722331,35.25881],[6.318560795861165,35.22425655131938],[6.375559204138835,35.22425655131938],[6.404058408277669,35.25881]]]}},{"type":"Feature","properties":{"nameAr":"تيغانمين","nameFr":"Tighanimine","wilayaCode":5,"code":526},"geometry":{"type":"Polygon","coordinates":[[[6.306455750317508,35.1955527],[6.278227875158754,35.22977717977527],[6.221772124841246,35.22977717977527],[6.193544249682492,35.1955527],[6.221772124841246,35.16132822022473],[6.278227875158754,35.16132822022473],[6.306455750317508,35.1955527]]]}},{"type":"Feature","properties":{"nameAr":"عين جاسر","nameFr":"Ain Djasser","wilayaCode":5,"code":519},"geometry":{"type":"Polygon","coordinates":[[[6.049935292332057,35.8308281],[6.027173696166028,35.858425068714645],[5.981650503833971,35.858425068714645],[5.9588889076679425,35.8308281],[5.981650503833971,35.80323113128535],[6.027173696166028,35.80323113128535],[6.049935292332057,35.8308281]]]}},{"type":"Feature","properties":{"nameAr":"الحاسي","nameFr":"El Hassi","wilayaCode":5,"code":557},"geometry":{"type":"Polygon","coordinates":[[[5.9411853405815425,35.7227778],[5.923648170290772,35.74404048897522],[5.8885738297092285,35.74404048897522],[5.871036659418458,35.7227778],[5.8885738297092285,35.70151511102478],[5.923648170290772,35.70151511102478],[5.9411853405815425,35.7227778]]]}},{"type":"Feature","properties":{"nameAr":"فم الطوب","nameFr":"Foum Toub","wilayaCode":5,"code":531},"geometry":{"type":"Polygon","coordinates":[[[6.592775974350194,35.405],[6.5712484871750965,35.43110069108259],[6.528193512824903,35.43110069108259],[6.506666025649806,35.405],[6.528193512824903,35.37889930891741],[6.5712484871750965,35.37889930891741],[6.592775974350194,35.405]]]}},{"type":"Feature","properties":{"nameAr":"إشمول","nameFr":"Ichemoul","wilayaCode":5,"code":530},"geometry":{"type":"Polygon","coordinates":[[[6.551368975313314,35.310694],[6.527594487656657,35.339519034381674],[6.480045512343343,35.339519034381674],[6.456271024686687,35.310694],[6.480045512343343,35.28186896561832],[6.527594487656657,35.28186896561832],[6.551368975313314,35.310694]]]}},{"type":"Feature","properties":{"nameAr":"إينوغيسن","nameFr":"Inoughissen","wilayaCode":5,"code":511},"geometry":{"type":"Polygon","coordinates":[[[6.601419950562518,35.286388],[6.575709975281259,35.31755968841394],[6.5242900247187405,35.31755968841394],[6.498580049437481,35.286388],[6.5242900247187405,35.25521631158607],[6.575709975281259,35.25521631158607],[6.601419950562518,35.286388]]]}},{"type":"Feature","properties":{"nameAr":"بوزينة","nameFr":"Bouzina","wilayaCode":5,"code":535},"geometry":{"type":"Polygon","coordinates":[[[6.149272028129599,35.2698953],[6.1244849140648,35.299948078653266],[6.074910685935201,35.299948078653266],[6.050123571870402,35.2698953],[6.074910685935201,35.23984252134674],[6.1244849140648,35.23984252134674],[6.149272028129599,35.2698953]]]}},{"type":"Feature","properties":{"nameAr":"لارباع","nameFr":"Larbaa","wilayaCode":5,"code":561},"geometry":{"type":"Polygon","coordinates":[[[6.171868034026337,35.403889],[6.141554017013169,35.44064279235382],[6.08092598298683,35.44064279235382],[6.050611965973662,35.403889],[6.08092598298683,35.36713520764618],[6.141554017013169,35.36713520764618],[6.171868034026337,35.403889]]]}},{"type":"Feature","properties":{"nameAr":"بولهيلات","nameFr":"Boulhilat","wilayaCode":5,"code":560},"geometry":{"type":"Polygon","coordinates":[[[6.743857677316484,35.6752],[6.703178838658242,35.72452047074428],[6.6218211613417575,35.72452047074428],[6.581142322683515,35.6752],[6.6218211613417575,35.62587952925571],[6.703178838658242,35.62587952925571],[6.743857677316484,35.6752]]]}},{"type":"Feature","properties":{"nameAr":"الشمرة","nameFr":"Chemora","wilayaCode":5,"code":536},"geometry":{"type":"Polygon","coordinates":[[[6.558060237634862,35.66528],[6.529580118817431,35.69981030895818],[6.4726198811825695,35.69981030895818],[6.444139762365138,35.66528],[6.4726198811825695,35.63074969104183],[6.529580118817431,35.63074969104183],[6.558060237634862,35.66528]]]}},{"type":"Feature","properties":{"nameAr":"غسيرة","nameFr":"Ghassira","wilayaCode":5,"code":502},"geometry":{"type":"Polygon","coordinates":[[[6.25055234029501,35.2576],[6.228316170147505,35.284559923522856],[6.183843829852495,35.284559923522856],[6.16160765970499,35.2576],[6.183843829852495,35.23064007647714],[6.228316170147505,35.23064007647714],[6.25055234029501,35.2576]]]}},{"type":"Feature","properties":{"nameAr":"كيمل","nameFr":"Kimmel","wilayaCode":5,"code":517},"geometry":{"type":"Polygon","coordinates":[[[6.52053030391063,35.3442],[6.496094151955314,35.37382725970966],[6.447221848044685,35.37382725970966],[6.4227856960893694,35.3442],[6.447221848044684,35.314572740290345],[6.496094151955314,35.314572740290345],[6.52053030391063,35.3442]]]}},{"type":"Feature","properties":{"nameAr":"تكوت","nameFr":"T Kout","wilayaCode":5,"code":544},"geometry":{"type":"Polygon","coordinates":[[[6.363862027818381,35.3339],[6.336236013909191,35.367394761790926],[6.28098398609081,35.367394761790926],[6.253357972181619,35.3339],[6.280983986090809,35.30040523820907],[6.336236013909191,35.30040523820907],[6.363862027818381,35.3339]]]}},{"type":"Feature","properties":{"nameAr":"عين التوتة","nameFr":"Ain Touta","wilayaCode":5,"code":545},"geometry":{"type":"Polygon","coordinates":[[[5.977426018224173,35.3991089],[5.948632359112086,35.43401935636257],[5.891045040887914,35.43401935636257],[5.862251381775827,35.3991089],[5.891045040887914,35.364198443637434],[5.948632359112086,35.364198443637434],[5.977426018224173,35.3991089]]]}},{"type":"Feature","properties":{"nameAr":"بني فضالة الحقانية","nameFr":"Beni Foudhala El Hakania","wilayaCode":5,"code":532},"geometry":{"type":"Polygon","coordinates":[[[5.9174960815554725,35.3525],[5.892098040777737,35.38329348792782],[5.841301959222263,35.38329348792782],[5.815903918444527,35.3525],[5.841301959222263,35.321706512072176],[5.892098040777737,35.321706512072176],[5.9174960815554725,35.3525]]]}},{"type":"Feature","properties":{"nameAr":"أولاد فاضل","nameFr":"Ouled Fadel","wilayaCode":5,"code":549},"geometry":{"type":"Polygon","coordinates":[[[6.6852871717578415,35.4843],[6.654993585878921,35.52102902092002],[6.594406414121079,35.52102902092002],[6.564112828242158,35.4843],[6.594406414121079,35.44757097907998],[6.654993585878921,35.44757097907998],[6.6852871717578415,35.4843]]]}},{"type":"Feature","properties":{"nameAr":"أولاد عوف","nameFr":"Ouled Aouf","wilayaCode":5,"code":540},"geometry":{"type":"Polygon","coordinates":[[[5.820028193141509,35.45555556],[5.788486096570754,35.493798319686455],[5.725401903429246,35.493798319686455],[5.693859806858491,35.45555556],[5.725401903429246,35.417312800313546],[5.788486096570754,35.417312800313546],[5.820028193141509,35.45555556]]]}},{"type":"Feature","properties":{"nameAr":"شير","nameFr":"Chir","wilayaCode":5,"code":552},"geometry":{"type":"Polygon","coordinates":[[[6.046347703683464,35.2135627],[6.023173851841732,35.241659502157866],[5.976826148158268,35.241659502157866],[5.953652296316536,35.2135627],[5.976826148158268,35.18546589784213],[6.023173851841732,35.18546589784213],[6.046347703683464,35.2135627]]]}},{"type":"Feature","properties":{"nameAr":"وادي الطاقة","nameFr":"Oued Taga","wilayaCode":5,"code":548},"geometry":{"type":"Polygon","coordinates":[[[6.284279904732447,35.4205],[6.257139952366224,35.4534054434893],[6.202860047633777,35.4534054434893],[6.175720095267554,35.4205],[6.202860047633777,35.38759455651069],[6.257139952366224,35.38759455651069],[6.284279904732447,35.4205]]]}},{"type":"Feature","properties":{"nameAr":"سيدي عياد","nameFr":"Sidi Ayad","wilayaCode":6,"code":621},"geometry":{"type":"Polygon","coordinates":[[[4.773627174817615,36.61667],[4.761813587408807,36.6309932135282],[4.738186412591193,36.6309932135282],[4.726372825182385,36.61667],[4.738186412591193,36.6023467864718],[4.761813587408807,36.6023467864718],[4.773627174817615,36.61667]]]}},{"type":"Feature","properties":{"nameAr":"برباشة","nameFr":"Barbacha","wilayaCode":6,"code":634},"geometry":{"type":"Polygon","coordinates":[[[4.996085036812426,36.5667],[4.981377518406212,36.58453191839297],[4.951962481593787,36.58453191839297],[4.9372549631875735,36.5667],[4.951962481593787,36.548868081607026],[4.981377518406212,36.548868081607026],[4.996085036812426,36.5667]]]}},{"type":"Feature","properties":{"nameAr":"الفلاي","nameFr":"Leflaye","wilayaCode":6,"code":643},"geometry":{"type":"Polygon","coordinates":[[[4.911605194466867,36.60916667],[4.896502597233433,36.62747759601419],[4.866297402766567,36.62747759601419],[4.851194805533133,36.60916667],[4.866297402766567,36.59085574398581],[4.896502597233433,36.59085574398581],[4.911605194466867,36.60916667]]]}},{"type":"Feature","properties":{"nameAr":"كنديرة","nameFr":"Kendira","wilayaCode":6,"code":613},"geometry":{"type":"Polygon","coordinates":[[[5.049381744767054,36.653],[5.033340872383527,36.6724485241762],[5.001259127616472,36.6724485241762],[4.985218255232946,36.653],[5.001259127616472,36.6335514758238],[5.033340872383527,36.6335514758238],[5.049381744767054,36.653]]]}},{"type":"Feature","properties":{"nameAr":"سيدي عيش","nameFr":"Sidi-Aich","wilayaCode":6,"code":639},"geometry":{"type":"Polygon","coordinates":[[[4.707322202295843,36.612944],[4.697810101147921,36.62447680973245],[4.6787858988520785,36.62447680973245],[4.6692737977041565,36.612944],[4.6787858988520785,36.60141119026755],[4.697810101147921,36.60141119026755],[4.707322202295843,36.612944]]]}},{"type":"Feature","properties":{"nameAr":"تيفرة","nameFr":"Tifra","wilayaCode":6,"code":614},"geometry":{"type":"Polygon","coordinates":[[[4.720397141184027,36.6667365],[4.708373370592013,36.68131454709474],[4.684325829407986,36.68131454709474],[4.672302058815972,36.6667365],[4.684325829407986,36.652158452905255],[4.708373370592013,36.652158452905255],[4.720397141184027,36.6667365]]]}},{"type":"Feature","properties":{"nameAr":"تينبدار","nameFr":"Tinebdar","wilayaCode":6,"code":610},"geometry":{"type":"Polygon","coordinates":[[[4.6994842187225006,36.6253],[4.69024210936125,36.63650546208796],[4.67175789063875,36.63650546208796],[4.6625157812774995,36.6253],[4.67175789063875,36.614094537912045],[4.69024210936125,36.614094537912045],[4.6994842187225006,36.6253]]]}},{"type":"Feature","properties":{"nameAr":"القصر","nameFr":"El Kseur","wilayaCode":6,"code":640},"geometry":{"type":"Polygon","coordinates":[[[4.880553704428279,36.684389],[4.86638785221414,36.701564183037185],[4.838056147785861,36.701564183037185],[4.823890295571721,36.684389],[4.838056147785861,36.66721381696282],[4.86638785221414,36.66721381696282],[4.880553704428279,36.684389]]]}},{"type":"Feature","properties":{"nameAr":"فناية الماثن","nameFr":"Fenaia Il Maten","wilayaCode":6,"code":618},"geometry":{"type":"Polygon","coordinates":[[[4.817398152576595,36.671667],[4.8039765762882976,36.68793979643429],[4.777133423711703,36.68793979643429],[4.763711847423406,36.671667],[4.777133423711703,36.655394203565706],[4.8039765762882976,36.655394203565706],[4.817398152576595,36.671667]]]}},{"type":"Feature","properties":{"nameAr":"توجة","nameFr":"Toudja","wilayaCode":6,"code":619},"geometry":{"type":"Polygon","coordinates":[[[4.9336320824835145,36.75],[4.912929891241758,36.775100072941115],[4.871525508758243,36.775100072941115],[4.850823317516486,36.75],[4.871525508758243,36.724899927058885],[4.912929891241758,36.724899927058885],[4.9336320824835145,36.75]]]}},{"type":"Feature","properties":{"nameAr":"ذراع القايد","nameFr":"Dra El Caid","wilayaCode":6,"code":645},"geometry":{"type":"Polygon","coordinates":[[[5.300139349587807,36.4295337],[5.273845574793904,36.46141320770607],[5.2212580252060965,36.46141320770607],[5.194964250412193,36.4295337],[5.2212580252060965,36.39765419229393],[5.273845574793904,36.39765419229393],[5.300139349587807,36.4295337]]]}},{"type":"Feature","properties":{"nameAr":"خراطة","nameFr":"Kherrata","wilayaCode":6,"code":644},"geometry":{"type":"Polygon","coordinates":[[[5.322388593178789,36.492724],[5.300194296589394,36.51963315453176],[5.255805703410605,36.51963315453176],[5.23361140682121,36.492724],[5.255805703410605,36.465814845468245],[5.300194296589394,36.465814845468245],[5.322388593178789,36.492724]]]}},{"type":"Feature","properties":{"nameAr":"بجاية","nameFr":"Bejaia","wilayaCode":6,"code":601},"geometry":{"type":"Polygon","coordinates":[[[5.106778821818218,36.7508896],[5.081756060909109,36.78122808526816],[5.031710539090891,36.78122808526816],[5.0066877781817825,36.7508896],[5.031710539090891,36.72055111473184],[5.081756060909109,36.72055111473184],[5.106778821818218,36.7508896]]]}},{"type":"Feature","properties":{"nameAr":"وادي غير","nameFr":"Oued Ghir","wilayaCode":6,"code":651},"geometry":{"type":"Polygon","coordinates":[[[5.018514524359559,36.710277],[5.000923762179779,36.73160466568746],[4.965742237820221,36.73160466568746],[4.948151475640441,36.710277],[4.965742237820221,36.68894933431253],[5.000923762179779,36.68894933431253],[5.018514524359559,36.710277]]]}},{"type":"Feature","properties":{"nameAr":"بني معوش","nameFr":"Benimaouche","wilayaCode":6,"code":650},"geometry":{"type":"Polygon","coordinates":[[[4.662546965473974,36.478051],[4.650493982736988,36.49266446493825],[4.626388017263013,36.49266446493825],[4.614335034526026,36.478051],[4.626388017263013,36.46343753506175],[4.650493982736988,36.46343753506175],[4.662546965473974,36.478051]]]}},{"type":"Feature","properties":{"nameAr":"بني جليل","nameFr":"Beni Djellil","wilayaCode":6,"code":623},"geometry":{"type":"Polygon","coordinates":[[[4.8408865158050185,36.5729271],[4.825843257902509,36.59116608089896],[4.795756742097492,36.59116608089896],[4.780713484194982,36.5729271],[4.795756742097492,36.554688119101044],[4.825843257902509,36.554688119101044],[4.8408865158050185,36.5729271]]]}},{"type":"Feature","properties":{"nameAr":"فرعون","nameFr":"Feraoun","wilayaCode":6,"code":603},"geometry":{"type":"Polygon","coordinates":[[[4.887237950639155,36.5569444],[4.870888975319578,36.57676647913364],[4.838191024680422,36.57676647913364],[4.821842049360845,36.5569444],[4.838191024680422,36.53712232086636],[4.870888975319578,36.53712232086636],[4.887237950639155,36.5569444]]]}},{"type":"Feature","properties":{"nameAr":"سمعون","nameFr":"Smaoun","wilayaCode":6,"code":612},"geometry":{"type":"Polygon","coordinates":[[[4.8246578430684846,36.6389],[4.812328921534242,36.65384802294989],[4.787671078465758,36.65384802294989],[4.775342156931515,36.6389],[4.787671078465758,36.62395197705011],[4.812328921534242,36.62395197705011],[4.8246578430684846,36.6389]]]}},{"type":"Feature","properties":{"nameAr":"تيمزريت","nameFr":"Timezrit","wilayaCode":6,"code":607},"geometry":{"type":"Polygon","coordinates":[[[4.79014449584709,36.615556],[4.778422247923546,36.62976847028775],[4.754977752076455,36.62976847028775],[4.74325550415291,36.615556],[4.754977752076455,36.601343529712246],[4.778422247923546,36.601343529712246],[4.79014449584709,36.615556]]]}},{"type":"Feature","properties":{"nameAr":"مالبو","nameFr":"Melbou","wilayaCode":6,"code":641},"geometry":{"type":"Polygon","coordinates":[[[5.395493663601885,36.671389],[5.378126331800942,36.69244577074979],[5.343391668199057,36.69244577074979],[5.326024336398115,36.671389],[5.343391668199057,36.6503322292502],[5.378126331800942,36.6503322292502],[5.395493663601885,36.671389]]]}},{"type":"Feature","properties":{"nameAr":"سوق لإثنين","nameFr":"Souk El Tenine","wilayaCode":6,"code":608},"geometry":{"type":"Polygon","coordinates":[[[5.361927133206402,36.6256524],[5.3489743166032016,36.641356855520506],[5.323068683396799,36.641356855520506],[5.310115866793598,36.6256524],[5.323068683396799,36.609947944479494],[5.3489743166032016,36.609947944479494],[5.361927133206402,36.6256524]]]}},{"type":"Feature","properties":{"nameAr":"تامريجت","nameFr":"Tamridjet","wilayaCode":6,"code":646},"geometry":{"type":"Polygon","coordinates":[[[5.465069321803666,36.5833119],[5.445222510901833,36.60737487939513],[5.405528889098167,36.60737487939513],[5.385682078196334,36.5833119],[5.405528889098167,36.559248920604865],[5.445222510901833,36.559248920604865],[5.465069321803666,36.5833119]]]}},{"type":"Feature","properties":{"nameAr":"بوخليفة","nameFr":"Boukhelifa","wilayaCode":6,"code":648},"geometry":{"type":"Polygon","coordinates":[[[4.993858987795957,36.5831],[4.980279493897979,36.59956426136066],[4.953120506102022,36.59956426136066],[4.939541012204043,36.5831],[4.953120506102022,36.56663573863934],[4.980279493897979,36.56663573863934],[4.993858987795957,36.5831]]]}},{"type":"Feature","properties":{"nameAr":"تالة حمزة","nameFr":"Tala Hamza","wilayaCode":6,"code":633},"geometry":{"type":"Polygon","coordinates":[[[5.040956012715444,36.6876795],[5.0244005563577225,36.707751924087844],[4.991289643642278,36.707751924087844],[4.974734187284556,36.6876795],[4.991289643642277,36.66760707591216],[5.0244005563577225,36.66760707591216],[5.040956012715444,36.6876795]]]}},{"type":"Feature","properties":{"nameAr":"تيشي","nameFr":"Tichy","wilayaCode":6,"code":611},"geometry":{"type":"Polygon","coordinates":[[[5.207495796034472,36.6961],[5.181291998017236,36.727870416661986],[5.128884401982764,36.727870416661986],[5.102680603965528,36.6961],[5.128884401982764,36.66432958333802],[5.181291998017236,36.66432958333802],[5.207495796034472,36.6961]]]}},{"type":"Feature","properties":{"nameAr":"أيت رزين","nameFr":"Ait R'zine","wilayaCode":6,"code":628},"geometry":{"type":"Polygon","coordinates":[[[4.524426756367914,36.37034683],[4.5056133781839565,36.39315683881364],[4.467986621816043,36.39315683881364],[4.449173243632085,36.37034683],[4.467986621816043,36.34753682118637],[4.5056133781839565,36.34753682118637],[4.524426756367914,36.37034683]]]}},{"type":"Feature","properties":{"nameAr":"إغيل علي","nameFr":"Ighil-Ali","wilayaCode":6,"code":617},"geometry":{"type":"Polygon","coordinates":[[[4.509881136269014,36.3379865],[4.490047118134507,36.362033968989046],[4.450379081865492,36.362033968989046],[4.430545063730985,36.3379865],[4.450379081865492,36.31393903101095],[4.490047118134507,36.31393903101095],[4.509881136269014,36.3379865]]]}},{"type":"Feature","properties":{"nameAr":"أيت إسماعيل","nameFr":"Ait-Smail","wilayaCode":6,"code":647},"geometry":{"type":"Polygon","coordinates":[[[4.885403725824249,36.7333],[4.867701862912124,36.754762368166695],[4.832298137087875,36.754762368166695],[4.81459627417575,36.7333],[4.832298137087875,36.711837631833305],[4.867701862912124,36.711837631833305],[4.885403725824249,36.7333]]]}},{"type":"Feature","properties":{"nameAr":"درقينة","nameFr":"Darguina","wilayaCode":6,"code":620},"geometry":{"type":"Polygon","coordinates":[[[5.404521806710599,36.6344],[5.390058403355299,36.65193594462322],[5.3611315966447,36.65193594462322],[5.346668193289401,36.6344],[5.3611315966447,36.61686405537678],[5.390058403355299,36.61686405537678],[5.404521806710599,36.6344]]]}},{"type":"Feature","properties":{"nameAr":"تاسكريوت","nameFr":"Taskriout","wilayaCode":6,"code":631},"geometry":{"type":"Polygon","coordinates":[[[5.306899741684591,36.56667],[5.290099870842295,36.58703876090162],[5.256500129157705,36.58703876090162],[5.239700258315409,36.56667],[5.256500129157704,36.54630123909838],[5.290099870842295,36.54630123909838],[5.306899741684591,36.56667]]]}},{"type":"Feature","properties":{"nameAr":"أوقاس","nameFr":"Aokas","wilayaCode":6,"code":622},"geometry":{"type":"Polygon","coordinates":[[[5.285908265999123,36.6333],[5.267954132999561,36.65506822939276],[5.232045867000439,36.65506822939276],[5.214091734000877,36.6333],[5.232045867000439,36.611531770607236],[5.267954132999561,36.611531770607236],[5.285908265999123,36.6333]]]}},{"type":"Feature","properties":{"nameAr":"تيزي نبربر","nameFr":"Tizi-N'berber","wilayaCode":6,"code":649},"geometry":{"type":"Polygon","coordinates":[[[5.258262917090968,36.6134619],[5.2379473085454835,36.63809326633122],[5.197316091454517,36.63809326633122],[5.177000482909032,36.6134619],[5.197316091454517,36.58883053366878],[5.2379473085454835,36.58883053366878],[5.258262917090968,36.6134619]]]}},{"type":"Feature","properties":{"nameAr":"أدكار","nameFr":"Adekar","wilayaCode":6,"code":624},"geometry":{"type":"Polygon","coordinates":[[[4.694788568016771,36.683333],[4.6807442840083855,36.70036078942091],[4.652655715991614,36.70036078942091],[4.638611431983228,36.683333],[4.652655715991614,36.66630521057908],[4.6807442840083855,36.66630521057908],[4.694788568016771,36.683333]]]}},{"type":"Feature","properties":{"nameAr":"بني كسيلة","nameFr":"Beni K'sila","wilayaCode":6,"code":635},"geometry":{"type":"Polygon","coordinates":[[[4.775405487505005,36.839681],[4.741233543752503,36.8811122799409],[4.672889656247498,36.8811122799409],[4.638717712494995,36.839681],[4.672889656247498,36.7982497200591],[4.741233543752503,36.7982497200591],[4.775405487505005,36.839681]]]}},{"type":"Feature","properties":{"nameAr":"تاوريرت إغيل","nameFr":"Taourit Ighil","wilayaCode":6,"code":604},"geometry":{"type":"Polygon","coordinates":[[[4.7755221516101605,36.7202155],[4.75681107580508,36.74290147377107],[4.71938892419492,36.74290147377107],[4.70067784838984,36.7202155],[4.71938892419492,36.697529526228934],[4.75681107580508,36.697529526228934],[4.7755221516101605,36.7202155]]]}},{"type":"Feature","properties":{"nameAr":"أقبو","nameFr":"Akbou","wilayaCode":6,"code":625},"geometry":{"type":"Polygon","coordinates":[[[4.568215280267853,36.4575],[4.551577640133926,36.47767206662101],[4.518302359866073,36.47767206662101],[4.501664719732147,36.4575],[4.518302359866073,36.437327933378995],[4.551577640133926,36.437327933378995],[4.568215280267853,36.4575]]]}},{"type":"Feature","properties":{"nameAr":"شلاطة","nameFr":"Chellata","wilayaCode":6,"code":605},"geometry":{"type":"Polygon","coordinates":[[[4.547589614287205,36.5135502],[4.529237907143602,36.53580046242484],[4.4925344928563975,36.53580046242484],[4.474182785712794,36.5135502],[4.4925344928563975,36.49129993757516],[4.529237907143602,36.49129993757516],[4.547589614287205,36.5135502]]]}},{"type":"Feature","properties":{"nameAr":"اغرم","nameFr":"Ighram","wilayaCode":6,"code":615},"geometry":{"type":"Polygon","coordinates":[[[4.542280195798015,36.46295],[4.5236400978990075,36.4855499176334],[4.486359902100992,36.4855499176334],[4.467719804201985,36.46295],[4.486359902100992,36.4403500823666],[4.5236400978990075,36.4403500823666],[4.542280195798015,36.46295]]]}},{"type":"Feature","properties":{"nameAr":"تامقرة","nameFr":"Tamokra","wilayaCode":6,"code":606},"geometry":{"type":"Polygon","coordinates":[[[4.695369565282357,36.3932],[4.679934782641179,36.41191367941681],[4.649065217358822,36.41191367941681],[4.633630434717643,36.3932],[4.649065217358822,36.37448632058319],[4.679934782641179,36.37448632058319],[4.695369565282357,36.3932]]]}},{"type":"Feature","properties":{"nameAr":"أمالو","nameFr":"Amalou","wilayaCode":6,"code":616},"geometry":{"type":"Polygon","coordinates":[[[4.657601182394489,36.477777],[4.645467091197245,36.492488803720114],[4.621198908802755,36.492488803720114],[4.609064817605511,36.477777],[4.621198908802755,36.46306519627989],[4.645467091197245,36.46306519627989],[4.657601182394489,36.477777]]]}},{"type":"Feature","properties":{"nameAr":"بوحمزة","nameFr":"Bouhamza","wilayaCode":6,"code":637},"geometry":{"type":"Polygon","coordinates":[[[4.631484665610701,36.489722],[4.61894233280535,36.50492877036501],[4.59385766719465,36.50492877036501],[4.5813153343892985,36.489722],[4.59385766719465,36.47451522963499],[4.61894233280535,36.47451522963499],[4.631484665610701,36.489722]]]}},{"type":"Feature","properties":{"nameAr":"مسيسنة","nameFr":"M'cisna","wilayaCode":6,"code":609},"geometry":{"type":"Polygon","coordinates":[[[4.735574600507372,36.563407],[4.722971300253686,36.5786876894677],[4.697764699746314,36.5786876894677],[4.685161399492628,36.563407],[4.697764699746314,36.5481263105323],[4.722971300253686,36.5481263105323],[4.735574600507372,36.563407]]]}},{"type":"Feature","properties":{"nameAr":"صدوق","nameFr":"Seddouk","wilayaCode":6,"code":626},"geometry":{"type":"Polygon","coordinates":[[[4.737696074569726,36.547],[4.722738037284863,36.56513565639122],[4.692821962715136,36.56513565639122],[4.677863925430273,36.547],[4.692821962715136,36.528864343608774],[4.722738037284863,36.528864343608774],[4.737696074569726,36.547]]]}},{"type":"Feature","properties":{"nameAr":"بني مليكش","nameFr":"Beni-Mallikeche","wilayaCode":6,"code":638},"geometry":{"type":"Polygon","coordinates":[[[4.694486543785164,36.43333333],[4.682937771892582,36.44733547177809],[4.659840228107417,36.44733547177809],[4.648291456214835,36.43333333],[4.659840228107417,36.41933118822192],[4.682937771892582,36.41933118822192],[4.694486543785164,36.43333333]]]}},{"type":"Feature","properties":{"nameAr":"بو جليل","nameFr":"Boudjellil","wilayaCode":6,"code":652},"geometry":{"type":"Polygon","coordinates":[[[4.4472817692143,36.334],[4.43072438460715,36.35407476196603],[4.39760961539285,36.35407476196603],[4.3810522307857,36.334],[4.39760961539285,36.313925238033974],[4.43072438460715,36.313925238033974],[4.4472817692143,36.334]]]}},{"type":"Feature","properties":{"nameAr":"تازمالت","nameFr":"Tazmalt","wilayaCode":6,"code":627},"geometry":{"type":"Polygon","coordinates":[[[4.443441704390966,36.3878041],[4.4256815021954825,36.409337200788684],[4.390161097804517,36.409337200788684],[4.372400895609034,36.3878041],[4.390161097804517,36.36627099921131],[4.4256815021954825,36.36627099921131],[4.443441704390966,36.3878041]]]}},{"type":"Feature","properties":{"nameAr":"أكفادو","nameFr":"Akfadou","wilayaCode":6,"code":642},"geometry":{"type":"Polygon","coordinates":[[[4.618082556480322,36.6333333],[4.603791278240161,36.65066055401194],[4.575208721759839,36.65066055401194],[4.560917443519679,36.6333333],[4.575208721759839,36.61600604598805],[4.603791278240161,36.61600604598805],[4.618082556480322,36.6333333]]]}},{"type":"Feature","properties":{"nameAr":"شميني","nameFr":"Chemini","wilayaCode":6,"code":629},"geometry":{"type":"Polygon","coordinates":[[[4.639586251016223,36.5944017],[4.630313675508112,36.60564410032794],[4.611768524491889,36.60564410032794],[4.602495948983777,36.5944017],[4.611768524491889,36.583159299672054],[4.630313675508112,36.583159299672054],[4.639586251016223,36.5944017]]]}},{"type":"Feature","properties":{"nameAr":"سوق اوفلا","nameFr":"Souk Oufella","wilayaCode":6,"code":630},"geometry":{"type":"Polygon","coordinates":[[[4.656151391849223,36.606111],[4.647525695924611,36.61656910051445],[4.630274304075388,36.61656910051445],[4.621648608150776,36.606111],[4.630274304075388,36.59565289948555],[4.647525695924611,36.59565289948555],[4.656151391849223,36.606111]]]}},{"type":"Feature","properties":{"nameAr":"طيبان","nameFr":"Tibane","wilayaCode":6,"code":632},"geometry":{"type":"Polygon","coordinates":[[[4.668949655977145,36.613585],[4.660067327988573,36.62435425035599],[4.642302672011427,36.62435425035599],[4.633420344022855,36.613585],[4.642302672011427,36.60281574964401],[4.660067327988573,36.60281574964401],[4.668949655977145,36.613585]]]}},{"type":"Feature","properties":{"nameAr":"أوزلاقن","nameFr":"Ouzellaguen","wilayaCode":6,"code":636},"geometry":{"type":"Polygon","coordinates":[[[4.636653552561161,36.54203],[4.62471562628058,36.55650396639848],[4.600839773719419,36.55650396639848],[4.588901847438838,36.54203],[4.600839773719419,36.52755603360151],[4.62471562628058,36.52755603360151],[4.636653552561161,36.54203]]]}},{"type":"Feature","properties":{"nameAr":"أميزور","nameFr":"Amizour","wilayaCode":6,"code":602},"geometry":{"type":"Polygon","coordinates":[[[4.933992109393087,36.64022],[4.917646054696544,36.6600385380664],[4.884953945303456,36.6600385380664],[4.868607890606913,36.64022],[4.884953945303456,36.6204014619336],[4.917646054696544,36.6204014619336],[4.933992109393087,36.64022]]]}},{"type":"Feature","properties":{"nameAr":"الفيض","nameFr":"El Feidh","wilayaCode":7,"code":716},"geometry":{"type":"Polygon","coordinates":[[[6.699510003163605,34.4668996],[6.617577451581803,34.56623753949341],[6.453712348418198,34.56623753949341],[6.371779796836396,34.4668996],[6.453712348418198,34.36756166050659],[6.617577451581803,34.36756166050659],[6.699510003163605,34.4668996]]]}},{"type":"Feature","properties":{"nameAr":"ليشانة","nameFr":"Lichana","wilayaCode":7,"code":723},"geometry":{"type":"Polygon","coordinates":[[[5.468518638919707,34.71753],[5.448751969459853,34.74149581306062],[5.409218630540146,34.74149581306062],[5.389451961080293,34.71753],[5.409218630540146,34.693564186939376],[5.448751969459853,34.693564186939376],[5.468518638919707,34.71753]]]}},{"type":"Feature","properties":{"nameAr":"بوشقرون","nameFr":"Bouchakroun","wilayaCode":7,"code":729},"geometry":{"type":"Polygon","coordinates":[[[5.390631556488002,34.8091667],[5.3658712782440015,34.839186941949706],[5.316350721755998,34.839186941949706],[5.291590443511997,34.8091667],[5.316350721755998,34.77914645805029],[5.3658712782440015,34.77914645805029],[5.390631556488002,34.8091667]]]}},{"type":"Feature","properties":{"nameAr":"مخادمة","nameFr":"Mekhadma","wilayaCode":7,"code":730},"geometry":{"type":"Polygon","coordinates":[[[5.950006112129022,34.64779],[5.908892056064511,34.69763814380628],[5.82666394393549,34.69763814380628],[5.785549887870979,34.64779],[5.82666394393549,34.59794185619372],[5.908892056064511,34.59794185619372],[5.950006112129022,34.64779]]]}},{"type":"Feature","properties":{"nameAr":"خنقة سيدي ناجي","nameFr":"Khenguet Sidi Nadji","wilayaCode":7,"code":733},"geometry":{"type":"Polygon","coordinates":[[[6.806109429620758,34.821721],[6.751001664810379,34.88853561398019],[6.640786135189621,34.88853561398019],[6.585678370379242,34.821721],[6.640786135189621,34.754906386019805],[6.751001664810379,34.754906386019805],[6.806109429620758,34.821721]]]}},{"type":"Feature","properties":{"nameAr":"زريبة الوادي","nameFr":"Zeribet El Oued","wilayaCode":7,"code":715},"geometry":{"type":"Polygon","coordinates":[[[6.641022788418471,34.683],[6.576011394209236,34.7618221264889],[6.445988605790764,34.7618221264889],[6.380977211581529,34.683],[6.445988605790764,34.6041778735111],[6.576011394209236,34.6041778735111],[6.641022788418471,34.683]]]}},{"type":"Feature","properties":{"nameAr":"المزيرعة","nameFr":"Meziraa","wilayaCode":7,"code":728},"geometry":{"type":"Polygon","coordinates":[[[5.714621891339944,34.6953],[5.690660945669972,34.724351102708454],[5.642739054330027,34.724351102708454],[5.618778108660055,34.6953],[5.642739054330027,34.66624889729155],[5.690660945669972,34.66624889729155],[5.714621891339944,34.6953]]]}},{"type":"Feature","properties":{"nameAr":"بسكرة","nameFr":"Biskra","wilayaCode":7,"code":701},"geometry":{"type":"Polygon","coordinates":[[[5.806828939569962,34.8],[5.778938219784981,34.83381570060907],[5.72315678021502,34.83381570060907],[5.695266060430039,34.8],[5.72315678021502,34.76618429939092],[5.778938219784981,34.76618429939092],[5.806828939569962,34.8]]]}},{"type":"Feature","properties":{"nameAr":"الحاجب","nameFr":"El Hadjab","wilayaCode":7,"code":732},"geometry":{"type":"Polygon","coordinates":[[[5.643654961209741,34.79027],[5.62029948060487,34.818587015329975],[5.57358851939513,34.818587015329975],[5.5502330387902585,34.79027],[5.573588519395129,34.761952984670025],[5.62029948060487,34.761952984670025],[5.643654961209741,34.79027]]]}},{"type":"Feature","properties":{"nameAr":"مليلي","nameFr":"M'lili","wilayaCode":7,"code":725},"geometry":{"type":"Polygon","coordinates":[[[5.609556720126682,34.805833],[5.581901860063341,34.83936273589414],[5.5265921399366595,34.83936273589414],[5.498937279873318,34.805833],[5.5265921399366595,34.77230326410586],[5.581901860063341,34.77230326410586],[5.609556720126682,34.805833]]]}},{"type":"Feature","properties":{"nameAr":"فوغالة","nameFr":"Foughala","wilayaCode":7,"code":726},"geometry":{"type":"Polygon","coordinates":[[[5.350299861392476,34.7326063],[5.3334832656962385,34.75299533870936],[5.2998500743037615,34.75299533870936],[5.283033478607524,34.7326063],[5.2998500743037615,34.71221726129064],[5.3334832656962385,34.71221726129064],[5.350299861392476,34.7326063]]]}},{"type":"Feature","properties":{"nameAr":"الغروس","nameFr":"El Ghrous","wilayaCode":7,"code":731},"geometry":{"type":"Polygon","coordinates":[[[5.327483645240804,34.7233926],[5.306380322620402,34.748979018890935],[5.264173677379597,34.748979018890935],[5.243070354759196,34.7233926],[5.264173677379597,34.69780618110906],[5.306380322620402,34.69780618110906],[5.327483645240804,34.7233926]]]}},{"type":"Feature","properties":{"nameAr":"برج بن عزوز","nameFr":"Bordj Ben Azzouz","wilayaCode":7,"code":727},"geometry":{"type":"Polygon","coordinates":[[[5.3928056960130615,34.697222],[5.377791348006531,34.715425929512875],[5.347762651993469,34.715425929512875],[5.332748303986939,34.697222],[5.347762651993469,34.67901807048712],[5.377791348006531,34.67901807048712],[5.3928056960130615,34.697222]]]}},{"type":"Feature","properties":{"nameAr":"أورلال","nameFr":"Ourlal","wilayaCode":7,"code":724},"geometry":{"type":"Polygon","coordinates":[[[5.585724557206517,34.655556],[5.555809778603259,34.69182574150661],[5.495980221396741,34.69182574150661],[5.466065442793483,34.655556],[5.495980221396741,34.61928625849338],[5.555809778603259,34.61928625849338],[5.585724557206517,34.655556]]]}},{"type":"Feature","properties":{"nameAr":"أوماش","nameFr":"Oumache","wilayaCode":7,"code":702},"geometry":{"type":"Polygon","coordinates":[[[5.739659041961859,34.69292],[5.71397952098093,34.7240547645371],[5.66262047901907,34.7240547645371],[5.63694095803814,34.69292],[5.66262047901907,34.6617852354629],[5.71397952098093,34.6617852354629],[5.739659041961859,34.69292]]]}},{"type":"Feature","properties":{"nameAr":"عين الناقة","nameFr":"Ain Naga","wilayaCode":7,"code":714},"geometry":{"type":"Polygon","coordinates":[[[6.2066476204187,34.68762],[6.15041881020935,34.75579380929222],[6.03796118979065,34.75579380929222],[5.981732379581301,34.68762],[6.03796118979065,34.619446190707784],[6.15041881020935,34.619446190707784],[6.2066476204187,34.68762]]]}},{"type":"Feature","properties":{"nameAr":"شتمة","nameFr":"Chetma","wilayaCode":7,"code":704},"geometry":{"type":"Polygon","coordinates":[[[5.707173374772152,34.801667],[5.683447787386076,34.83043274595447],[5.6359966126139245,34.83043274595447],[5.612271025227848,34.801667],[5.6359966126139245,34.772901254045536],[5.683447787386076,34.772901254045536],[5.707173374772152,34.801667]]]}},{"type":"Feature","properties":{"nameAr":"الحوش","nameFr":"El Haouch","wilayaCode":7,"code":713},"geometry":{"type":"Polygon","coordinates":[[[6.109774959776816,34.8667],[6.067674379888408,34.917744240376386],[5.983473220111592,34.917744240376386],[5.941372640223184,34.8667],[5.983473220111592,34.81565575962362],[6.067674379888408,34.81565575962362],[6.109774959776816,34.8667]]]}},{"type":"Feature","properties":{"nameAr":"سيدي عقبة","nameFr":"Sidi Okba","wilayaCode":7,"code":711},"geometry":{"type":"Polygon","coordinates":[[[5.972376743208699,34.74512],[5.9361883716043495,34.78899606878334],[5.863811628395651,34.78899606878334],[5.827623256791302,34.74512],[5.863811628395651,34.70124393121666],[5.9361883716043495,34.70124393121666],[5.972376743208699,34.74512]]]}},{"type":"Feature","properties":{"nameAr":"مشونش","nameFr":"M'chouneche","wilayaCode":7,"code":712},"geometry":{"type":"Polygon","coordinates":[[[6.083819637660793,34.9497],[6.043859818830397,34.99814870553285],[5.963940181169603,34.99814870553285],[5.923980362339207,34.9497],[5.963940181169603,34.90125129446715],[6.043859818830397,34.90125129446715],[6.083819637660793,34.9497]]]}},{"type":"Feature","properties":{"nameAr":"ليوة","nameFr":"Lioua","wilayaCode":7,"code":722},"geometry":{"type":"Polygon","coordinates":[[[5.446674880182617,34.63099],[5.423337440091309,34.65928514236972],[5.3766625599086915,34.65928514236972],[5.3533251198173835,34.63099],[5.3766625599086915,34.602694857630276],[5.423337440091309,34.602694857630276],[5.446674880182617,34.63099]]]}},{"type":"Feature","properties":{"nameAr":"طولقة","nameFr":"Tolga","wilayaCode":7,"code":721},"geometry":{"type":"Polygon","coordinates":[[[5.410093064419968,34.7214],[5.395153232209983,34.73951358391098],[5.365273567790016,34.73951358391098],[5.350333735580032,34.7214],[5.365273567790016,34.70328641608903],[5.395153232209983,34.70328641608903],[5.410093064419968,34.7214]]]}},{"type":"Feature","properties":{"nameAr":"بشار","nameFr":"Bechar","wilayaCode":8,"code":801},"geometry":{"type":"Polygon","coordinates":[[[-2.0207399137810214,31.61667],[-2.1187049568905105,31.735446302421916],[-2.3146350431094898,31.735446302421916],[-2.412600086218979,31.61667],[-2.3146350431094898,31.497893697578082],[-2.1187049568905105,31.497893697578082],[-2.0207399137810214,31.61667]]]}},{"type":"Feature","properties":{"nameAr":"بوكايس","nameFr":"Boukais","wilayaCode":8,"code":815},"geometry":{"type":"Polygon","coordinates":[[[-2.2688203369487914,31.923333],[-2.3662151684743957,32.04141795761787],[-2.5610048315256044,32.04141795761787],[-2.658399663051209,31.923333],[-2.5610048315256044,31.80524804238213],[-2.3662151684743957,31.80524804238213],[-2.2688203369487914,31.923333]]]}},{"type":"Feature","properties":{"nameAr":"لحمر","nameFr":"Lahmar","wilayaCode":8,"code":806},"geometry":{"type":"Polygon","coordinates":[[[-2.0609946934944228,31.931388],[-2.1603473467472116,32.05184669031042],[-2.3590526532527885,32.05184669031042],[-2.4584053065055773,31.931388],[-2.359052653252789,31.810929309689577],[-2.1603473467472116,31.810929309689577],[-2.0609946934944228,31.931388]]]}},{"type":"Feature","properties":{"nameAr":"موغل","nameFr":"Mogheul","wilayaCode":8,"code":816},"geometry":{"type":"Polygon","coordinates":[[[-2.004554880938353,32.0225],[-2.1136400404691766,32.1547587270614],[-2.3318103595308237,32.1547587270614],[-2.4408955190616473,32.0225],[-2.3318103595308237,31.8902412729386],[-2.1136400404691766,31.8902412729386],[-2.004554880938353,32.0225]]]}},{"type":"Feature","properties":{"nameAr":"المريجة","nameFr":"Meridja","wilayaCode":8,"code":804},"geometry":{"type":"Polygon","coordinates":[[[-2.6954526114385553,31.55],[-2.8227263057192777,31.70431115347284],[-3.0772736942807226,31.70431115347284],[-3.204547388561445,31.55],[-3.0772736942807226,31.39568884652716],[-2.8227263057192777,31.39568884652716],[-2.6954526114385553,31.55]]]}},{"type":"Feature","properties":{"nameAr":"تاغيت","nameFr":"Taghit","wilayaCode":8,"code":813},"geometry":{"type":"Polygon","coordinates":[[[-1.7283691901586096,30.9201058],[-1.8802931950793047,31.104303866788392],[-2.184141204920695,31.104303866788392],[-2.33606520984139,30.9201058],[-2.184141204920695,30.73590773321161],[-1.8802931950793047,30.73590773321161],[-1.7283691901586096,30.9201058]]]}},{"type":"Feature","properties":{"nameAr":"العبادلة","nameFr":"Abadla","wilayaCode":8,"code":817},"geometry":{"type":"Polygon","coordinates":[[[-2.5260286290780023,31.019],[-2.624949314539001,31.13893495719659],[-2.8227906854609985,31.13893495719659],[-2.9217113709219973,31.019],[-2.8227906854609985,30.899065042803407],[-2.624949314539001,30.899065042803407],[-2.5260286290780023,31.019]]]}},{"type":"Feature","properties":{"nameAr":"عرق فراج","nameFr":"Erg-Ferradj","wilayaCode":8,"code":802},"geometry":{"type":"Polygon","coordinates":[[[-2.5854929215692675,31.0347],[-2.688440960784634,31.159517864122424],[-2.8943370392153662,31.159517864122424],[-2.9972850784307328,31.0347],[-2.8943370392153662,30.909882135877577],[-2.688440960784634,30.909882135877577],[-2.5854929215692675,31.0347]]]}},{"type":"Feature","properties":{"nameAr":"مشرع هواري بومدين","nameFr":"Machraa-Houari-Boumediene","wilayaCode":8,"code":809},"geometry":{"type":"Polygon","coordinates":[[[-2.5230659939691265,30.9322468],[-2.6303056969845633,31.062268029947937],[-2.844785103015437,31.062268029947937],[-2.952024806030874,30.9322468],[-2.844785103015437,30.802225570052066],[-2.6303056969845633,30.802225570052066],[-2.5230659939691265,30.9322468]]]}},{"type":"Feature","properties":{"nameAr":"بني ونيف","nameFr":"Beni-Ounif","wilayaCode":8,"code":821},"geometry":{"type":"Polygon","coordinates":[[[-0.8945274146638797,32.0492426],[-1.0729637073319398,32.26558510737072],[-1.4298362926680601,32.26558510737072],[-1.6082725853361204,32.0492426],[-1.4298362926680603,31.83290009262928],[-1.0729637073319398,31.83290009262928],[-0.8945274146638797,32.0492426]]]}},{"type":"Feature","properties":{"nameAr":"تبلبالة","nameFr":"Tabelbala","wilayaCode":8,"code":812},"geometry":{"type":"Polygon","coordinates":[[[-2.6382983764538004,29.41005],[-2.9454541882269,29.782456630281747],[-3.559765811773099,29.782456630281747],[-3.866921623546199,29.41005],[-3.5597658117730995,29.03764336971825],[-2.9454541882269,29.03764336971825],[-2.6382983764538004,29.41005]]]}},{"type":"Feature","properties":{"nameAr":"القنادسة","nameFr":"Kenadsa","wilayaCode":8,"code":810},"geometry":{"type":"Polygon","coordinates":[[[-2.2472246497754123,31.5544],[-2.339962324887706,31.666838455549218],[-2.525437675112294,31.666838455549218],[-2.618175350224588,31.5544],[-2.5254376751122942,31.441961544450784],[-2.339962324887706,31.441961544450784],[-2.2472246497754123,31.5544]]]}},{"type":"Feature","properties":{"nameAr":"بني مراد","nameFr":"Beni Mered","wilayaCode":9,"code":921},"geometry":{"type":"Polygon","coordinates":[[[2.880020234710985,36.52389],[2.8706651173554922,36.53523247699934],[2.851954882644508,36.53523247699934],[2.842599765289015,36.52389],[2.851954882644508,36.51254752300066],[2.8706651173554922,36.51254752300066],[2.880020234710985,36.52389]]]}},{"type":"Feature","properties":{"nameAr":"اولاد سلامة","nameFr":"Ouled Slama","wilayaCode":9,"code":915},"geometry":{"type":"Polygon","coordinates":[[[3.1406603827300708,36.548333],[3.1253301913650353,36.56691986923379],[3.0946698086349644,36.56691986923379],[3.079339617269929,36.548333],[3.0946698086349644,36.529746130766206],[3.1253301913650353,36.529746130766206],[3.1406603827300708,36.548333]]]}},{"type":"Feature","properties":{"nameAr":"موزاية","nameFr":"Mouzaia","wilayaCode":9,"code":912},"geometry":{"type":"Polygon","coordinates":[[[2.7291633829072133,36.4669],[2.709531691453607,36.490702160925316],[2.6702683085463934,36.490702160925316],[2.650636617092787,36.4669],[2.6702683085463934,36.44309783907469],[2.709531691453607,36.44309783907469],[2.7291633829072133,36.4669]]]}},{"type":"Feature","properties":{"nameAr":"حمام ملوان","nameFr":"Hammam Elouane","wilayaCode":9,"code":909},"geometry":{"type":"Polygon","coordinates":[[[3.0848605656231323,36.486667],[3.064930282811566,36.51083118370719],[3.0250697171884338,36.51083118370719],[3.0051394343768676,36.486667],[3.0250697171884338,36.462502816292805],[3.064930282811566,36.462502816292805],[3.0848605656231323,36.486667]]]}},{"type":"Feature","properties":{"nameAr":"بوقرة","nameFr":"Bougara","wilayaCode":9,"code":922},"geometry":{"type":"Polygon","coordinates":[[[3.109315790339481,36.54],[3.0951578951697405,36.55716553563356],[3.0668421048302594,36.55716553563356],[3.052684209660519,36.54],[3.0668421048302594,36.52283446436644],[3.0951578951697405,36.52283446436644],[3.109315790339481,36.54]]]}},{"type":"Feature","properties":{"nameAr":"صوحان","nameFr":"Souhane","wilayaCode":9,"code":913},"geometry":{"type":"Polygon","coordinates":[[[3.2915698400118405,36.5329164],[3.26993782000592,36.559143830404416],[3.2266737799940794,36.559143830404416],[3.205041759988159,36.5329164],[3.2266737799940794,36.50668896959558],[3.26993782000592,36.50668896959558],[3.2915698400118405,36.5329164]]]}},{"type":"Feature","properties":{"nameAr":"الأربعاء","nameFr":"Larbaa","wilayaCode":9,"code":917},"geometry":{"type":"Polygon","coordinates":[[[3.188327730718275,36.56527778],[3.1711303653591374,36.58612847739085],[3.1367356346408624,36.58612847739085],[3.119538269281725,36.56527778],[3.1367356346408624,36.544427082609154],[3.1711303653591374,36.544427082609154],[3.188327730718275,36.56527778]]]}},{"type":"Feature","properties":{"nameAr":"الصومعة","nameFr":"Soumaa","wilayaCode":9,"code":911},"geometry":{"type":"Polygon","coordinates":[[[2.929257813134222,36.51833],[2.917267906567111,36.53286698914657],[2.893288093432889,36.53286698914657],[2.881298186865778,36.51833],[2.893288093432889,36.50379301085343],[2.917267906567111,36.50379301085343],[2.929257813134222,36.51833]]]}},{"type":"Feature","properties":{"nameAr":"قرواو","nameFr":"Guerrouaou","wilayaCode":9,"code":923},"geometry":{"type":"Polygon","coordinates":[[[2.903688530055918,36.516667],[2.8940442650279588,36.528360049921055],[2.874755734972041,36.528360049921055],[2.8651114699440816,36.516667],[2.874755734972041,36.50497395007894],[2.8940442650279588,36.50497395007894],[2.903688530055918,36.516667]]]}},{"type":"Feature","properties":{"nameAr":"بوفاريك","nameFr":"Boufarik","wilayaCode":9,"code":916},"geometry":{"type":"Polygon","coordinates":[[[2.9373984278748297,36.57413],[2.924115863937415,36.59023425291607],[2.8975507360625854,36.59023425291607],[2.8842681721251706,36.57413],[2.8975507360625854,36.558025747083924],[2.924115863937415,36.558025747083924],[2.9373984278748297,36.57413]]]}},{"type":"Feature","properties":{"nameAr":"مفتاح","nameFr":"Meftah","wilayaCode":9,"code":914},"geometry":{"type":"Polygon","coordinates":[[[3.2555656999536984,36.6204],[3.239022849976849,36.64045713966332],[3.205937150023151,36.64045713966332],[3.1893943000463016,36.6204],[3.205937150023151,36.600342860336674],[3.239022849976849,36.600342860336674],[3.2555656999536984,36.6204]]]}},{"type":"Feature","properties":{"nameAr":"الشفة","nameFr":"Chiffa","wilayaCode":9,"code":908},"geometry":{"type":"Polygon","coordinates":[[[2.786354437349757,36.4669],[2.7681772186748788,36.48893870639963],[2.7318227813251212,36.48893870639963],[2.713645562650243,36.4669],[2.7318227813251212,36.444861293600376],[2.7681772186748788,36.444861293600376],[2.786354437349757,36.4669]]]}},{"type":"Feature","properties":{"nameAr":"عين الرمانة","nameFr":"Ain Romana","wilayaCode":9,"code":924},"geometry":{"type":"Polygon","coordinates":[[[2.689362826747645,36.3963569],[2.6690357633738224,36.42100215457249],[2.628381636626177,36.42100215457249],[2.6080545732523546,36.3963569],[2.628381636626177,36.37171164542751],[2.6690357633738224,36.37171164542751],[2.689362826747645,36.3963569]]]}},{"type":"Feature","properties":{"nameAr":"وادي جر","nameFr":"Oued Djer","wilayaCode":9,"code":918},"geometry":{"type":"Polygon","coordinates":[[[2.589709488747452,36.4201457],[2.569610344373726,36.444514617470766],[2.529412055626274,36.444514617470766],[2.509312911252548,36.4201457],[2.529412055626274,36.39577678252923],[2.569610344373726,36.39577678252923],[2.589709488747452,36.4201457]]]}},{"type":"Feature","properties":{"nameAr":"العفرون","nameFr":"El-Affroun","wilayaCode":9,"code":907},"geometry":{"type":"Polygon","coordinates":[[[2.661946917463722,36.4701],[2.643473458731861,36.49249787838058],[2.606526541268139,36.49249787838058],[2.588053082536278,36.4701],[2.606526541268139,36.44770212161942],[2.643473458731861,36.44770212161942],[2.661946917463722,36.4701]]]}},{"type":"Feature","properties":{"nameAr":"أولاد يعيش","nameFr":"Ouled Yaich","wilayaCode":9,"code":905},"geometry":{"type":"Polygon","coordinates":[[[2.8795099520300145,36.50393],[2.8707049760150074,36.51460546607219],[2.8530950239849924,36.51460546607219],[2.8442900479699853,36.50393],[2.8530950239849924,36.493254533927804],[2.8707049760150074,36.493254533927804],[2.8795099520300145,36.50393]]]}},{"type":"Feature","properties":{"nameAr":"الشريعة","nameFr":"Chrea","wilayaCode":9,"code":906},"geometry":{"type":"Polygon","coordinates":[[[2.91118445460395,36.425556],[2.893925727301975,36.446481094792695],[2.8594082726980248,36.446481094792695],[2.8421495453960497,36.425556],[2.8594082726980248,36.404630905207306],[2.893925727301975,36.404630905207306],[2.91118445460395,36.425556]]]}},{"type":"Feature","properties":{"nameAr":"جبابرة","nameFr":"Djebabra","wilayaCode":9,"code":925},"geometry":{"type":"Polygon","coordinates":[[[3.3057401895910346,36.58416667],[3.287321594795517,36.6064980293929],[3.2504844052044826,36.6064980293929],[3.2320658104089652,36.58416667],[3.2504844052044826,36.5618353106071],[3.287321594795517,36.5618353106071],[3.3057401895910346,36.58416667]]]}},{"type":"Feature","properties":{"nameAr":"وادي العلايق","nameFr":"Oued El Alleug","wilayaCode":9,"code":904},"geometry":{"type":"Polygon","coordinates":[[[2.823125058053693,36.55528],[2.806702529026847,36.5751912582643],[2.7738574709731534,36.5751912582643],[2.757434941946307,36.55528],[2.7738574709731534,36.53536874173571],[2.806702529026847,36.53536874173571],[2.823125058053693,36.55528]]]}},{"type":"Feature","properties":{"nameAr":"بن خليل","nameFr":"Benkhelil","wilayaCode":9,"code":910},"geometry":{"type":"Polygon","coordinates":[[[2.9060629295247535,36.6202778],[2.8912259647623766,36.63826666375898],[2.8615520352376236,36.63826666375898],[2.8467150704752466,36.6202778],[2.8615520352376236,36.60228893624102],[2.8912259647623766,36.60228893624102],[2.9060629295247535,36.6202778]]]}},{"type":"Feature","properties":{"nameAr":"بني تامو","nameFr":"Beni-Tamou","wilayaCode":9,"code":919},"geometry":{"type":"Polygon","coordinates":[[[2.8401642455850444,36.536389],[2.8281321227925225,36.55097717359969],[2.8040678772074776,36.55097717359969],[2.7920357544149557,36.536389],[2.8040678772074776,36.52180082640031],[2.8281321227925225,36.52180082640031],[2.8401642455850444,36.536389]]]}},{"type":"Feature","properties":{"nameAr":"الشبلي","nameFr":"Chebli","wilayaCode":9,"code":902},"geometry":{"type":"Polygon","coordinates":[[[3.0341377816658848,36.567222],[3.0213279908329427,36.58275304598989],[2.9957084091670576,36.58275304598989],[2.9828986183341155,36.567222],[2.9957084091670576,36.55169095401011],[3.0213279908329427,36.55169095401011],[3.0341377816658848,36.567222]]]}},{"type":"Feature","properties":{"nameAr":"بوعينان","nameFr":"Bouinan","wilayaCode":9,"code":903},"geometry":{"type":"Polygon","coordinates":[[[3.0234689070744123,36.53167],[3.0077044535372064,36.550783384136],[2.9761755464627937,36.550783384136],[2.960411092925588,36.53167],[2.9761755464627937,36.512556615864],[3.0077044535372064,36.512556615864],[3.0234689070744123,36.53167]]]}},{"type":"Feature","properties":{"nameAr":"بوعرفة","nameFr":"Bouarfa","wilayaCode":9,"code":920},"geometry":{"type":"Polygon","coordinates":[[[2.841305254353038,36.466944],[2.8288471271765188,36.482048676465816],[2.8039308728234813,36.482048676465816],[2.791472745646962,36.466944],[2.8039308728234813,36.45183932353418],[2.8288471271765188,36.45183932353418],[2.841305254353038,36.466944]]]}},{"type":"Feature","properties":{"nameAr":"البليدة","nameFr":"Blida","wilayaCode":9,"code":901},"geometry":{"type":"Polygon","coordinates":[[[2.8545776423526803,36.47004],[2.84323882117634,36.48378759006275],[2.82056117882366,36.48378759006275],[2.80922235764732,36.47004],[2.82056117882366,36.45629240993725],[2.84323882117634,36.45629240993725],[2.8545776423526803,36.47004]]]}},{"type":"Feature","properties":{"nameAr":"عين العلوي","nameFr":"Ain Laloui","wilayaCode":10,"code":1041},"geometry":{"type":"Polygon","coordinates":[[[3.7881716105128875,36.316667],[3.7690858052564438,36.33980730908527],[3.7309141947435562,36.33980730908527],[3.7118283894871125,36.316667],[3.7309141947435562,36.29352669091473],[3.7690858052564438,36.29352669091473],[3.7881716105128875,36.316667]]]}},{"type":"Feature","properties":{"nameAr":"الحجرة الزرقاء","nameFr":"Hadjera Zerga","wilayaCode":10,"code":1042},"geometry":{"type":"Polygon","coordinates":[[[3.906788366529653,35.957778],[3.8781161832648268,35.99254117472502],[3.8207718167351734,35.99254117472502],[3.792099633470347,35.957778],[3.8207718167351734,35.923014825274976],[3.8781161832648268,35.923014825274976],[3.906788366529653,35.957778]]]}},{"type":"Feature","properties":{"nameAr":"مزدور","nameFr":"Mezdour","wilayaCode":10,"code":1011},"geometry":{"type":"Polygon","coordinates":[[[4.108869559560422,36.376111],[4.089714779780211,36.39933493625099],[4.05140522021979,36.39933493625099],[4.0322504404395785,36.376111],[4.05140522021979,36.352887063749016],[4.089714779780211,36.352887063749016],[4.108869559560422,36.376111]]]}},{"type":"Feature","properties":{"nameAr":"تاقديت","nameFr":"Taguedite","wilayaCode":10,"code":1028},"geometry":{"type":"Polygon","coordinates":[[[4.060610823215797,36.0175],[4.027666516607899,36.057442849005504],[3.9617779033921012,36.057442849005504],[3.9288335967842025,36.0175],[3.9617779033921012,35.97755715099449],[4.027666516607899,35.97755715099449],[4.060610823215797,36.0175]]]}},{"type":"Feature","properties":{"nameAr":"ريدان","nameFr":"Ridane","wilayaCode":10,"code":1032},"geometry":{"type":"Polygon","coordinates":[[[3.4984148656144853,36.073888],[3.4800374328072428,36.09616945313437],[3.4432825671927576,36.09616945313437],[3.424905134385515,36.073888],[3.4432825671927576,36.05160654686562],[3.4800374328072428,36.05160654686562],[3.4984148656144853,36.073888]]]}},{"type":"Feature","properties":{"nameAr":"المعمورة","nameFr":"Maamora","wilayaCode":10,"code":1039},"geometry":{"type":"Polygon","coordinates":[[[3.6698672460664596,36.033056],[3.6450186230332298,36.06318335431418],[3.59532137696677,36.06318335431418],[3.57047275393354,36.033056],[3.59532137696677,36.00292864568583],[3.6450186230332298,36.00292864568583],[3.6698672460664596,36.033056]]]}},{"type":"Feature","properties":{"nameAr":"الحاكمية","nameFr":"El-Hakimia","wilayaCode":10,"code":1020},"geometry":{"type":"Polygon","coordinates":[[[3.8348727403512024,36.0914921],[3.8077363701756015,36.124393200314],[3.753463629824399,36.124393200314],[3.726327259648798,36.0914921],[3.753463629824399,36.058590999686004],[3.8077363701756015,36.058590999686004],[3.8348727403512024,36.0914921]]]}},{"type":"Feature","properties":{"nameAr":"أهل القصر","nameFr":"Ahl El Ksar","wilayaCode":10,"code":1022},"geometry":{"type":"Polygon","coordinates":[[[4.078427498679866,36.2549],[4.058933749339933,36.27853491500074],[4.019946250660067,36.27853491500074],[4.000452501320134,36.2549],[4.019946250660067,36.23126508499926],[4.058933749339933,36.23126508499926],[4.078427498679866,36.2549]]]}},{"type":"Feature","properties":{"nameAr":"ديرة","nameFr":"Dirah","wilayaCode":10,"code":1007},"geometry":{"type":"Polygon","coordinates":[[[3.7147532685650453,36.0003],[3.6873366342825227,36.03354090248491],[3.6325033657174775,36.03354090248491],[3.605086731434955,36.0003],[3.6325033657174775,35.9670590975151],[3.6873366342825227,35.9670590975151],[3.7147532685650453,36.0003]]]}},{"type":"Feature","properties":{"nameAr":"الدشمية","nameFr":"Dechmia","wilayaCode":10,"code":1031},"geometry":{"type":"Polygon","coordinates":[[[3.619737637271636,36.13],[3.598218818635818,36.15609018103727],[3.5551811813641825,36.15609018103727],[3.5336623627283643,36.13],[3.5551811813641825,36.103909818962734],[3.598218818635818,36.103909818962734],[3.619737637271636,36.13]]]}},{"type":"Feature","properties":{"nameAr":"بشلول","nameFr":"Bechloul","wilayaCode":10,"code":1033},"geometry":{"type":"Polygon","coordinates":[[[4.110862865386757,36.316667],[4.092931432693379,36.33840770673421],[4.057068567306621,36.33840770673421],[4.039137134613243,36.316667],[4.057068567306621,36.294926293265796],[4.092931432693379,36.294926293265796],[4.110862865386757,36.316667]]]}},{"type":"Feature","properties":{"nameAr":"آث منصور","nameFr":"Ath Mansour","wilayaCode":10,"code":1043},"geometry":{"type":"Polygon","coordinates":[[[4.332244160673031,36.330823],[4.316695580336515,36.34967465178989],[4.2855984196634855,36.34967465178989],[4.27004983932697,36.330823],[4.2855984196634855,36.311971348210115],[4.316695580336515,36.311971348210115],[4.332244160673031,36.330823]]]}},{"type":"Feature","properties":{"nameAr":"سحاريج","nameFr":"Saharidj","wilayaCode":10,"code":1030},"geometry":{"type":"Polygon","coordinates":[[[3.8948095442344166,36.396944],[3.8783547721172082,36.41689435093378],[3.8454452278827915,36.41689435093378],[3.828990455765583,36.396944],[3.8454452278827915,36.376993649066215],[3.8783547721172082,36.376993649066215],[3.8948095442344166,36.396944]]]}},{"type":"Feature","properties":{"nameAr":"العجيبة","nameFr":"El Adjiba","wilayaCode":10,"code":1019},"geometry":{"type":"Polygon","coordinates":[[[4.205225923588924,36.3749965],[4.183420111794462,36.40143464174981],[4.139808488205539,36.40143464174981],[4.118002676411076,36.3749965],[4.139808488205539,36.348558358250195],[4.183420111794462,36.348558358250195],[4.205225923588924,36.3749965]]]}},{"type":"Feature","properties":{"nameAr":"الأسنام","nameFr":"El Asnam","wilayaCode":10,"code":1002},"geometry":{"type":"Polygon","coordinates":[[[4.044708887245723,36.3206],[4.0292989436228615,36.339283563707596],[3.998479056377138,36.339283563707596],[3.9830691127542766,36.3206],[3.998479056377138,36.3019164362924],[4.0292989436228615,36.3019164362924],[4.044708887245723,36.3206]]]}},{"type":"Feature","properties":{"nameAr":"أمشدالة","nameFr":"M Chedallah","wilayaCode":10,"code":1037},"geometry":{"type":"Polygon","coordinates":[[[4.297436289208779,36.3713916],[4.28076964460439,36.39159883267255],[4.247436355395611,36.39159883267255],[4.230769710791222,36.3713916],[4.247436355395611,36.351184367327456],[4.28076964460439,36.351184367327456],[4.297436289208779,36.3713916]]]}},{"type":"Feature","properties":{"nameAr":"برج أوخريص","nameFr":"Bordj Okhriss","wilayaCode":10,"code":1018},"geometry":{"type":"Polygon","coordinates":[[[4.0404708242042515,36.083333],[4.007457412102126,36.123359634964466],[3.9414305878978744,36.123359634964466],[3.908417175795748,36.083333],[3.941430587897874,36.04330636503554],[4.007457412102126,36.04330636503554],[4.0404708242042515,36.083333]]]}},{"type":"Feature","properties":{"nameAr":"سور الغزلان","nameFr":"Sour El Ghozlane","wilayaCode":10,"code":1038},"geometry":{"type":"Polygon","coordinates":[[[3.7392619689475572,36.14766],[3.715245984473779,36.17677783371166],[3.6672140155262216,36.17677783371166],[3.6431980310524428,36.14766],[3.667214015526221,36.11854216628834],[3.715245984473779,36.11854216628834],[3.7392619689475572,36.14766]]]}},{"type":"Feature","properties":{"nameAr":"حنيف","nameFr":"Hanif","wilayaCode":10,"code":1006},"geometry":{"type":"Polygon","coordinates":[[[4.371245668994988,36.335801],[4.356367834497495,36.35383941567938],[4.326612165502506,36.35383941567938],[4.311734331005012,36.335801],[4.326612165502506,36.31776258432061],[4.356367834497495,36.31776258432061],[4.371245668994988,36.335801]]]}},{"type":"Feature","properties":{"nameAr":"شرفة","nameFr":"Chorfa","wilayaCode":10,"code":1017},"geometry":{"type":"Polygon","coordinates":[[[4.352796723734801,36.36505],[4.3382038618674,36.382742904727515],[4.3090181381326,36.382742904727515],[4.294425276265199,36.36505],[4.3090181381326,36.34735709527248],[4.3382038618674,36.34735709527248],[4.352796723734801,36.36505]]]}},{"type":"Feature","properties":{"nameAr":"أولاد راشد","nameFr":"Ouled Rached","wilayaCode":10,"code":1040},"geometry":{"type":"Polygon","coordinates":[[[4.1589565702182725,36.21525],[4.134778285109136,36.244564612774234],[4.0864217148908635,36.244564612774234],[4.062243429781727,36.21525],[4.0864217148908635,36.18593538722576],[4.134778285109136,36.18593538722576],[4.1589565702182725,36.21525]]]}},{"type":"Feature","properties":{"nameAr":"عين الحجر","nameFr":"Ain El Hadjar","wilayaCode":10,"code":1025},"geometry":{"type":"Polygon","coordinates":[[[3.8418883395677828,36.33889],[3.8241386697838915,36.36041033091829],[3.788639330216108,36.36041033091829],[3.770889660432217,36.33889],[3.788639330216108,36.31736966908171],[3.8241386697838915,36.31736966908171],[3.8418883395677828,36.33889]]]}},{"type":"Feature","properties":{"nameAr":"أغبالو","nameFr":"Aghbalou","wilayaCode":10,"code":1027},"geometry":{"type":"Polygon","coordinates":[[[4.262381644968276,36.3713916],[4.243690822484138,36.39405301792445],[4.206309177515862,36.39405301792445],[4.187618355031724,36.3713916],[4.206309177515862,36.348730182075556],[4.243690822484138,36.348730182075556],[4.262381644968276,36.3713916]]]}},{"type":"Feature","properties":{"nameAr":"روراوة","nameFr":"Raouraoua","wilayaCode":10,"code":1010},"geometry":{"type":"Polygon","coordinates":[[[3.770280335456842,36.55528],[3.753890167728421,36.57515202227514],[3.7211098322715785,36.57515202227514],[3.7047196645431577,36.55528],[3.7211098322715785,36.535407977724866],[3.753890167728421,36.535407977724866],[3.770280335456842,36.55528]]]}},{"type":"Feature","properties":{"nameAr":"الخبوزية","nameFr":"El Khabouzia","wilayaCode":10,"code":1021},"geometry":{"type":"Polygon","coordinates":[[[3.6394863252787353,36.3159],[3.6201598126393675,36.339332151277155],[3.5815067873606328,36.339332151277155],[3.562180274721265,36.3159],[3.5815067873606328,36.29246784872284],[3.6201598126393675,36.29246784872284],[3.6394863252787353,36.3159]]]}},{"type":"Feature","properties":{"nameAr":"بئر غبالو","nameFr":"Bir Ghbalou","wilayaCode":10,"code":1036},"geometry":{"type":"Polygon","coordinates":[[[3.762322275688093,36.26416667],[3.7423611378440462,36.288368263445946],[3.7024388621559536,36.288368263445946],[3.682477724311907,36.26416667],[3.7024388621559536,36.23996507655406],[3.7423611378440462,36.23996507655406],[3.762322275688093,36.26416667]]]}},{"type":"Feature","properties":{"nameAr":"البويرة","nameFr":"Bouira","wilayaCode":10,"code":1001},"geometry":{"type":"Polygon","coordinates":[[[3.9294761027583625,36.37763],[3.912855451379181,36.397781468850546],[3.8796141486208193,36.397781468850546],[3.862993497241638,36.37763],[3.879614148620819,36.35747853114946],[3.912855451379181,36.35747853114946],[3.9294761027583625,36.37763]]]}},{"type":"Feature","properties":{"nameAr":"عين الترك","nameFr":"Ain Turk","wilayaCode":10,"code":1029},"geometry":{"type":"Polygon","coordinates":[[[3.8578984525039774,36.3932],[3.841249226251989,36.41338611404261],[3.807950773748012,36.41338611404261],[3.791301547496023,36.3932],[3.8079507737480114,36.37301388595739],[3.841249226251989,36.37301388595739],[3.8578984525039774,36.3932]]]}},{"type":"Feature","properties":{"nameAr":"أيت لعزيز","nameFr":"Ait Laaziz","wilayaCode":10,"code":1008},"geometry":{"type":"Polygon","coordinates":[[[3.9462631276258864,36.4428933],[3.927451563812943,36.46570110900569],[3.889828436187057,36.46570110900569],[3.871016872374114,36.4428933],[3.8898284361870568,36.42008549099431],[3.927451563812943,36.42008549099431],[3.9462631276258864,36.4428933]]]}},{"type":"Feature","properties":{"nameAr":"عين بسام","nameFr":"Ain-Bessem","wilayaCode":10,"code":1035},"geometry":{"type":"Polygon","coordinates":[[[3.712134747701442,36.296667],[3.691067373850721,36.322209833324045],[3.648932626149279,36.322209833324045],[3.627865252298558,36.296667],[3.648932626149279,36.27112416667595],[3.691067373850721,36.27112416667595],[3.712134747701442,36.296667]]]}},{"type":"Feature","properties":{"nameAr":"المقراني","nameFr":"El-Mokrani","wilayaCode":10,"code":1044},"geometry":{"type":"Polygon","coordinates":[[[3.645871523065954,36.42889],[3.6248107615329768,36.45442481631485],[3.582689238467023,36.45442481631485],[3.5616284769340454,36.42889],[3.582689238467023,36.40335518368516],[3.6248107615329768,36.40335518368516],[3.645871523065954,36.42889]]]}},{"type":"Feature","properties":{"nameAr":"سوق الخميس","nameFr":"Souk El Khemis","wilayaCode":10,"code":1004},"geometry":{"type":"Polygon","coordinates":[[[3.6764504311296076,36.388056],[3.6557252155648037,36.41318398844924],[3.614274784435196,36.41318398844924],[3.593549568870392,36.388056],[3.614274784435196,36.36292801155076],[3.6557252155648037,36.36292801155076],[3.6764504311296076,36.388056]]]}},{"type":"Feature","properties":{"nameAr":"أعمر","nameFr":"Aomar","wilayaCode":10,"code":1016},"geometry":{"type":"Polygon","coordinates":[[[3.827970637132357,36.4925],[3.8109853185661784,36.513093604317554],[3.7770146814338217,36.513093604317554],[3.760029362867643,36.4925],[3.7770146814338217,36.471906395682446],[3.8109853185661784,36.471906395682446],[3.827970637132357,36.4925]]]}},{"type":"Feature","properties":{"nameAr":"جباحية","nameFr":"Djebahia","wilayaCode":10,"code":1026},"geometry":{"type":"Polygon","coordinates":[[[3.7947724131772236,36.4764],[3.7767862065886115,36.498207116552834],[3.7408137934113883,36.498207116552834],[3.7228275868227763,36.4764],[3.7408137934113883,36.45459288344716],[3.7767862065886115,36.45459288344716],[3.7947724131772236,36.4764]]]}},{"type":"Feature","properties":{"nameAr":"الهاشمية","nameFr":"El Hachimia","wilayaCode":10,"code":1015},"geometry":{"type":"Polygon","coordinates":[[[3.863403277723874,36.24071],[3.8397516388619373,36.2693860881338],[3.792448361138063,36.2693860881338],[3.768796722276126,36.24071],[3.792448361138063,36.2120339118662],[3.8397516388619373,36.2120339118662],[3.863403277723874,36.24071]]]}},{"type":"Feature","properties":{"nameAr":"حيزر","nameFr":"Haizer","wilayaCode":10,"code":1012},"geometry":{"type":"Polygon","coordinates":[[[4.0370267538558755,36.39702],[4.018098376927938,36.4199694373808],[3.980241623072062,36.4199694373808],[3.9613132461441243,36.39702],[3.980241623072062,36.374070562619195],[4.018098376927938,36.374070562619195],[4.0370267538558755,36.39702]]]}},{"type":"Feature","properties":{"nameAr":"تاغزوت","nameFr":"Taghzout","wilayaCode":10,"code":1009},"geometry":{"type":"Polygon","coordinates":[[[4.001501515677757,36.3167],[3.9841007578388785,36.337797297666995],[3.9492992421611213,36.337797297666995],[3.931898484322243,36.3167],[3.9492992421611213,36.295602702333],[3.9841007578388785,36.295602702333],[4.001501515677757,36.3167]]]}},{"type":"Feature","properties":{"nameAr":"بودربالة","nameFr":"Bouderbala","wilayaCode":10,"code":1023},"geometry":{"type":"Polygon","coordinates":[[[3.550556995951412,36.58],[3.529728497975706,36.60525321171749],[3.4880715020242943,36.60525321171749],[3.4672430040485884,36.58],[3.4880715020242943,36.55474678828251],[3.529728497975706,36.55474678828251],[3.550556995951412,36.58]]]}},{"type":"Feature","properties":{"nameAr":"بوكرم","nameFr":"Boukram","wilayaCode":10,"code":1034},"geometry":{"type":"Polygon","coordinates":[[[3.41415171151468,36.5261],[3.39009585575734,36.55526617507388],[3.3419841442426597,36.55526617507388],[3.31792828848532,36.5261],[3.3419841442426597,36.49693382492612],[3.39009585575734,36.49693382492612],[3.41415171151468,36.5261]]]}},{"type":"Feature","properties":{"nameAr":"قرومة","nameFr":"Guerrouma","wilayaCode":10,"code":1003},"geometry":{"type":"Polygon","coordinates":[[[3.482288113420027,36.4630499],[3.4559663567100136,36.49496333397635],[3.4033228432899865,36.49496333397635],[3.377001086579973,36.4630499],[3.4033228432899865,36.43113646602365],[3.4559663567100136,36.43113646602365],[3.482288113420027,36.4630499]]]}},{"type":"Feature","properties":{"nameAr":"الأخضرية","nameFr":"Lakhdaria","wilayaCode":10,"code":1013},"geometry":{"type":"Polygon","coordinates":[[[3.6356974115415355,36.56448],[3.616223705770768,36.58809061346464],[3.5772762942292324,36.58809061346464],[3.5578025884584648,36.56448],[3.5772762942292324,36.54086938653537],[3.616223705770768,36.54086938653537],[3.6356974115415355,36.56448]]]}},{"type":"Feature","properties":{"nameAr":"معلة","nameFr":"Maala","wilayaCode":10,"code":1014},"geometry":{"type":"Polygon","coordinates":[[[3.6183624203079794,36.492778],[3.5959867101539897,36.5199071067895],[3.5512352898460104,36.5199071067895],[3.528859579692021,36.492778],[3.5512352898460104,36.4656488932105],[3.5959867101539897,36.4656488932105],[3.6183624203079794,36.492778]]]}},{"type":"Feature","properties":{"nameAr":"قادرية","nameFr":"Kadiria","wilayaCode":10,"code":1005},"geometry":{"type":"Polygon","coordinates":[[[3.7327098330016795,36.5200245],[3.71273146650084,36.54424698208218],[3.67277473349916,36.54424698208218],[3.6527963669983206,36.5200245],[3.67277473349916,36.49580201791782],[3.71273146650084,36.49580201791782],[3.7327098330016795,36.5200245]]]}},{"type":"Feature","properties":{"nameAr":"زبربر","nameFr":"Z'barbar (El Isseri )","wilayaCode":10,"code":1024},"geometry":{"type":"Polygon","coordinates":[[[3.8943868734066323,36.567222],[3.878859936703316,36.586047410279235],[3.8478060632966837,36.586047410279235],[3.8322791265933676,36.567222],[3.8478060632966837,36.54839658972077],[3.878859936703316,36.54839658972077],[3.8943868734066323,36.567222]]]}},{"type":"Feature","properties":{"nameAr":"وادي البردي","nameFr":"Oued El Berdi","wilayaCode":10,"code":1045},"geometry":{"type":"Polygon","coordinates":[[[3.9725627154500036,36.2638925],[3.949606457725002,36.29172548331194],[3.903693942274998,36.29172548331194],[3.8807376845499966,36.2638925],[3.903693942274998,36.23605951668805],[3.949606457725002,36.23605951668805],[3.9725627154500036,36.2638925]]]}},{"type":"Feature","properties":{"nameAr":"تاظروك","nameFr":"Tazrouk","wilayaCode":11,"code":1106},"geometry":{"type":"Polygon","coordinates":[[[6.984529360462813,23.4133],[6.625042680231406,23.84915443636354],[5.906069319768594,23.84915443636354],[5.5465826395371876,23.4133],[5.906069319768593,22.977445563636458],[6.625042680231406,22.977445563636458],[6.984529360462813,23.4133]]]}},{"type":"Feature","properties":{"nameAr":"ابلسة","nameFr":"Abelsa","wilayaCode":11,"code":1102},"geometry":{"type":"Polygon","coordinates":[[[5.653662369824934,22.6589167],[5.251831184912467,23.146111119833797],[4.4481688150875325,23.146111119833797],[4.046337630175065,22.6589167],[4.448168815087532,22.1717222801662],[5.251831184912467,22.1717222801662],[5.653662369824934,22.6589167]]]}},{"type":"Feature","properties":{"nameAr":"تمنراست","nameFr":"Tamanrasset","wilayaCode":11,"code":1101},"geometry":{"type":"Polygon","coordinates":[[[6.261785512558656,22.7888209],[5.892282756279328,23.236819183188775],[5.153277243720672,23.236819183188775],[4.783774487441344,22.7888209],[5.153277243720672,22.340822616811227],[5.892282756279328,22.340822616811227],[6.261785512558656,22.7888209]]]}},{"type":"Feature","properties":{"nameAr":"عين امقل","nameFr":"Ain Amguel","wilayaCode":11,"code":1109},"geometry":{"type":"Polygon","coordinates":[[[5.976653641335256,23.6987],[5.569276820667628,24.192618145855544],[4.754523179332373,24.192618145855544],[4.3471463586647445,23.6987],[4.754523179332372,23.204781854144453],[5.569276820667628,23.204781854144453],[5.976653641335256,23.6987]]]}},{"type":"Feature","properties":{"nameAr":"أدلس","nameFr":"Idles","wilayaCode":11,"code":1105},"geometry":{"type":"Polygon","coordinates":[[[6.658269466235532,23.8173973],[6.296317933117766,24.256240211666192],[5.572414866882234,24.256240211666192],[5.210463333764468,23.8173973],[5.572414866882234,23.378554388333807],[6.296317933117766,23.378554388333807],[6.658269466235532,23.8173973]]]}},{"type":"Feature","properties":{"nameAr":"الحويجبات","nameFr":"El-Houidjbet","wilayaCode":12,"code":1206},"geometry":{"type":"Polygon","coordinates":[[[8.345678312411774,35.29331683],[8.312309693705886,35.333774130083896],[8.245572456294115,35.333774130083896],[8.212203837588227,35.29331683],[8.245572456294115,35.25285952991611],[8.312309693705886,35.25285952991611],[8.345678312411774,35.29331683]]]}},{"type":"Feature","properties":{"nameAr":"العوينات","nameFr":"El-Aouinet","wilayaCode":12,"code":1205},"geometry":{"type":"Polygon","coordinates":[[[7.953187533676271,35.867],[7.920482766838136,35.906652422469335],[7.855073233161864,35.906652422469335],[7.822368466323729,35.867],[7.855073233161864,35.82734757753066],[7.920482766838136,35.82734757753066],[7.953187533676271,35.867]]]}},{"type":"Feature","properties":{"nameAr":"بئر مقدم","nameFr":"Bir Mokkadem","wilayaCode":12,"code":1210},"geometry":{"type":"Polygon","coordinates":[[[7.900409321699297,35.3725],[7.855006510849648,35.42754798263862],[7.764200889150352,35.42754798263862],[7.718798078300703,35.3725],[7.764200889150352,35.31745201736138],[7.855006510849648,35.31745201736138],[7.900409321699297,35.3725]]]}},{"type":"Feature","properties":{"nameAr":"بئر الذهب","nameFr":"Bir Dheheb","wilayaCode":12,"code":1214},"geometry":{"type":"Polygon","coordinates":[[[8.066304229639044,34.908056],[8.002318614819522,34.985634435074665],[7.874347385180478,34.985634435074665],[7.810361770360957,34.908056],[7.874347385180478,34.83047756492534],[8.002318614819522,34.83047756492534],[8.066304229639044,34.908056]]]}},{"type":"Feature","properties":{"nameAr":"صفصاف الوسرى","nameFr":"Saf Saf El Ouesra","wilayaCode":12,"code":1207},"geometry":{"type":"Polygon","coordinates":[[[8.335741010734393,34.9565856],[8.271684605367197,35.03424986405234],[8.143571794632804,35.03424986405234],[8.079515389265607,34.9565856],[8.143571794632804,34.87892133594765],[8.271684605367197,34.87892133594765],[8.335741010734393,34.9565856]]]}},{"type":"Feature","properties":{"nameAr":"قريقر","nameFr":"Guorriguer","wilayaCode":12,"code":1216},"geometry":{"type":"Polygon","coordinates":[[[7.6565998660369,35.422777],[7.62496643301845,35.46113049924405],[7.5616995669815505,35.46113049924405],[7.530066133963101,35.422777],[7.5616995669815505,35.38442350075596],[7.62496643301845,35.38442350075596],[7.6565998660369,35.422777]]]}},{"type":"Feature","properties":{"nameAr":"بكارية","nameFr":"Bekkaria","wilayaCode":12,"code":1217},"geometry":{"type":"Polygon","coordinates":[[[8.298897846521978,35.366667],[8.27056002326099,35.40102478476476],[8.213884376739012,35.40102478476476],[8.185546553478023,35.366667],[8.213884376739012,35.33230921523524],[8.27056002326099,35.33230921523524],[8.298897846521978,35.366667]]]}},{"type":"Feature","properties":{"nameAr":"بولحاف الدير","nameFr":"Boulhaf Dyr","wilayaCode":12,"code":1225},"geometry":{"type":"Polygon","coordinates":[[[8.18157729951525,35.52052],[8.143693649757624,35.56645148430945],[8.067926350242375,35.56645148430945],[8.03004270048475,35.52052],[8.067926350242375,35.47458851569055],[8.143693649757624,35.47458851569055],[8.18157729951525,35.52052]]]}},{"type":"Feature","properties":{"nameAr":"أم علي","nameFr":"Oum Ali","wilayaCode":12,"code":1221},"geometry":{"type":"Polygon","coordinates":[[[8.365529805754049,35.3333],[8.333214902877025,35.37247973753726],[8.268585097122976,35.37247973753726],[8.236270194245952,35.3333],[8.268585097122976,35.29412026246274],[8.333214902877025,35.29412026246274],[8.365529805754049,35.3333]]]}},{"type":"Feature","properties":{"nameAr":"بوخضرة","nameFr":"Boukhadra","wilayaCode":12,"code":1218},"geometry":{"type":"Polygon","coordinates":[[[8.10905879385523,35.744444],[8.070779396927614,35.790855302253206],[7.994220603072386,35.790855302253206],[7.955941206144772,35.744444],[7.994220603072386,35.6980326977468],[8.070779396927614,35.6980326977468],[8.10905879385523,35.744444]]]}},{"type":"Feature","properties":{"nameAr":"الماء الابيض","nameFr":"El Malabiod","wilayaCode":12,"code":1220},"geometry":{"type":"Polygon","coordinates":[[[8.254575731936471,35.2056],[8.212565865968235,35.256534255593294],[8.128546134031764,35.256534255593294],[8.086536268063528,35.2056],[8.128546134031764,35.1546657444067],[8.212565865968235,35.1546657444067],[8.254575731936471,35.2056]]]}},{"type":"Feature","properties":{"nameAr":"الونزة","nameFr":"Ouenza","wilayaCode":12,"code":1219},"geometry":{"type":"Polygon","coordinates":[[[8.221783093052919,35.9533],[8.17547654652646,36.00944370391481],[8.082863453473541,36.00944370391481],[8.036556906947082,35.9533],[8.082863453473541,35.897156296085186],[8.17547654652646,35.897156296085186],[8.221783093052919,35.9533]]]}},{"type":"Feature","properties":{"nameAr":"المريج","nameFr":"El Meridj","wilayaCode":12,"code":1224},"geometry":{"type":"Polygon","coordinates":[[[8.327105370593491,35.79308],[8.278307685296745,35.85224404915801],[8.180712314703253,35.85224404915801],[8.131914629406507,35.79308],[8.180712314703253,35.733915950842],[8.278307685296745,35.733915950842],[8.327105370593491,35.79308]]]}},{"type":"Feature","properties":{"nameAr":"عين الزرقاء","nameFr":"Ain Zerga","wilayaCode":12,"code":1223},"geometry":{"type":"Polygon","coordinates":[[[8.350956566725623,35.648611],[8.306033783362812,35.70307698024126],[8.216188216637187,35.70307698024126],[8.171265433274376,35.648611],[8.216188216637187,35.59414501975874],[8.306033783362812,35.59414501975874],[8.350956566725623,35.648611]]]}},{"type":"Feature","properties":{"nameAr":"سطح قنطيس","nameFr":"Stah Guentis","wilayaCode":12,"code":1204},"geometry":{"type":"Polygon","coordinates":[[[7.440734969712689,34.9984],[7.374512484856345,35.078690495862254],[7.242067515143656,35.078690495862254],[7.175845030287312,34.9984],[7.242067515143656,34.91810950413774],[7.374512484856345,34.91810950413774],[7.440734969712689,34.9984]]]}},{"type":"Feature","properties":{"nameAr":"العقلة","nameFr":"El Ogla","wilayaCode":12,"code":1213},"geometry":{"type":"Polygon","coordinates":[[[7.55856321365833,35.183333],[7.513091606829165,35.238464393330936],[7.422148393170835,35.238464393330936],[7.376676786341671,35.183333],[7.422148393170835,35.12820160666906],[7.513091606829165,35.12820160666906],[7.55856321365833,35.183333]]]}},{"type":"Feature","properties":{"nameAr":"المزرعة","nameFr":"El Mezeraa","wilayaCode":12,"code":1227},"geometry":{"type":"Polygon","coordinates":[[[7.651978127087931,35.266667],[7.6159890635439655,35.31030142060248],[7.544010936456035,35.31030142060248],[7.508021872912069,35.266667],[7.544010936456035,35.22303257939752],[7.6159890635439655,35.22303257939752],[7.651978127087931,35.266667]]]}},{"type":"Feature","properties":{"nameAr":"بجن","nameFr":"Bedjene","wilayaCode":12,"code":1226},"geometry":{"type":"Polygon","coordinates":[[[7.531134854694876,35.40417],[7.502893377347438,35.4384109715526],[7.446410422652561,35.4384109715526],[7.418168945305123,35.40417],[7.446410422652561,35.3699290284474],[7.502893377347438,35.3699290284474],[7.531134854694876,35.40417]]]}},{"type":"Feature","properties":{"nameAr":"مرسط","nameFr":"Morsott","wilayaCode":12,"code":1212},"geometry":{"type":"Polygon","coordinates":[[[8.090937479297349,35.66944],[8.053803739648675,35.71446226662258],[7.979536260351325,35.71446226662258],[7.942402520702649,35.66944],[7.979536260351325,35.62441773337742],[8.053803739648675,35.62441773337742],[8.090937479297349,35.66944]]]}},{"type":"Feature","properties":{"nameAr":"ثليجان","nameFr":"Telidjen","wilayaCode":12,"code":1222},"geometry":{"type":"Polygon","coordinates":[[[7.8499986963893384,35.21525],[7.808610348194669,35.26543070534016],[7.725833651805331,35.26543070534016],[7.684445303610662,35.21525],[7.725833651805331,35.16506929465984],[7.808610348194669,35.16506929465984],[7.8499986963893384,35.21525]]]}},{"type":"Feature","properties":{"nameAr":"الشريعة","nameFr":"Cheria","wilayaCode":12,"code":1203},"geometry":{"type":"Polygon","coordinates":[[[7.82292774887989,35.2684831],[7.785015124439944,35.31444971424478],[7.709189875560055,35.31444971424478],[7.6712772511201095,35.2684831],[7.709189875560055,35.222516485755214],[7.785015124439944,35.222516485755214],[7.82292774887989,35.2684831]]]}},{"type":"Feature","properties":{"nameAr":"تبسة","nameFr":"Tebessa","wilayaCode":12,"code":1201},"geometry":{"type":"Polygon","coordinates":[[[8.197428413652492,35.405556],[8.160799206826246,35.4499665530848],[8.087540793173753,35.4499665530848],[8.050911586347507,35.405556],[8.087540793173753,35.361145446915195],[8.160799206826246,35.361145446915195],[8.197428413652492,35.405556]]]}},{"type":"Feature","properties":{"nameAr":"الحمامات","nameFr":"Hammamet","wilayaCode":12,"code":1208},"geometry":{"type":"Polygon","coordinates":[[[8.03255510639997,35.590833],[7.992777553199985,35.639060720200206],[7.913222446800016,35.639060720200206],[7.873444893600031,35.590833],[7.913222446800016,35.5426052797998],[7.992777553199985,35.5426052797998],[8.03255510639997,35.590833]]]}},{"type":"Feature","properties":{"nameAr":"الكويف","nameFr":"El Kouif","wilayaCode":12,"code":1211},"geometry":{"type":"Polygon","coordinates":[[[8.400877045490889,35.498333],[8.361410522745444,35.54618361581523],[8.282477477254556,35.54618361581523],[8.243010954509112,35.498333],[8.282477477254556,35.450482384184774],[8.361410522745444,35.450482384184774],[8.400877045490889,35.498333]]]}},{"type":"Feature","properties":{"nameAr":"باب العسة","nameFr":"Bab El Assa","wilayaCode":13,"code":1318},"geometry":{"type":"Polygon","coordinates":[[[-1.9689174174899355,34.960317],[-2.000358708744968,34.99843753973651],[-2.063241291255032,34.99843753973651],[-2.094682582510065,34.960317],[-2.063241291255032,34.9221964602635],[-2.000358708744968,34.9221964602635],[-1.9689174174899355,34.960317]]]}},{"type":"Feature","properties":{"nameAr":"تيرني بني هديل","nameFr":"Terny Beni Hediel","wilayaCode":13,"code":1323},"geometry":{"type":"Polygon","coordinates":[[[-1.3122393823248846,34.79583],[-1.3351796911624423,34.823643646313585],[-1.3810603088375577,34.823643646313585],[-1.4040006176751154,34.79583],[-1.3810603088375577,34.76801635368642],[-1.3351796911624423,34.76801635368642],[-1.3122393823248846,34.79583]]]}},{"type":"Feature","properties":{"nameAr":"منصورة","nameFr":"Mansourah","wilayaCode":13,"code":1351},"geometry":{"type":"Polygon","coordinates":[[[-1.303756756305581,34.871111],[-1.3208776281527905,34.891868953936466],[-1.3551193718472097,34.891868953936466],[-1.3722402436944192,34.871111],[-1.3551193718472097,34.85035304606353],[-1.3208776281527905,34.85035304606353],[-1.303756756305581,34.871111]]]}},{"type":"Feature","properties":{"nameAr":"بني مستر","nameFr":"Beni Mester","wilayaCode":13,"code":1302},"geometry":{"type":"Polygon","coordinates":[[[-1.3798463910907295,34.87045],[-1.4015181955453646,34.89672566648498],[-1.4448618044546353,34.89672566648498],[-1.4665336089092704,34.87045],[-1.4448618044546353,34.844174333515014],[-1.4015181955453646,34.844174333515014],[-1.3798463910907295,34.87045]]]}},{"type":"Feature","properties":{"nameAr":"عين غرابة","nameFr":"Ain Ghoraba","wilayaCode":13,"code":1349},"geometry":{"type":"Polygon","coordinates":[[[-1.3384427896056441,34.713889],[-1.363804894802822,34.744638918351896],[-1.414529105197178,34.744638918351896],[-1.439891210394356,34.713889],[-1.414529105197178,34.68313908164811],[-1.363804894802822,34.68313908164811],[-1.3384427896056441,34.713889]]]}},{"type":"Feature","properties":{"nameAr":"شتوان","nameFr":"Chetouane","wilayaCode":13,"code":1350},"geometry":{"type":"Polygon","coordinates":[[[-1.2575579016625398,34.9203342],[-1.2775444008312697,34.944566542417974],[-1.3175173991687301,34.944566542417974],[-1.33750389833746,34.9203342],[-1.3175173991687301,34.896101857582025],[-1.2775444008312697,34.896101857582025],[-1.2575579016625398,34.9203342]]]}},{"type":"Feature","properties":{"nameAr":"عمير","nameFr":"Amieur","wilayaCode":13,"code":1314},"geometry":{"type":"Polygon","coordinates":[[[-1.1932284425968838,35.035277],[-1.2166142212984419,35.063630749819964],[-1.263385778701558,35.063630749819964],[-1.2867715574031162,35.035277],[-1.263385778701558,35.00692325018004],[-1.2166142212984419,35.00692325018004],[-1.1932284425968838,35.035277]]]}},{"type":"Feature","properties":{"nameAr":"عين فزة","nameFr":"Ain Fezza","wilayaCode":13,"code":1312},"geometry":{"type":"Polygon","coordinates":[[[-1.1321291677233536,34.87],[-1.1594645838616768,34.903142430718326],[-1.2141354161383233,34.903142430718326],[-1.2414708322766466,34.87],[-1.2141354161383233,34.83685756928167],[-1.1594645838616768,34.83685756928167],[-1.1321291677233536,34.87]]]}},{"type":"Feature","properties":{"nameAr":"هنين","nameFr":"Honnaine","wilayaCode":13,"code":1344},"geometry":{"type":"Polygon","coordinates":[[[-1.5920969796468243,35.1789336],[-1.6207250898234122,35.213643338945374],[-1.6779813101765877,35.213643338945374],[-1.7066094203531756,35.1789336],[-1.6779813101765877,35.14422386105463],[-1.6207250898234122,35.14422386105463],[-1.5920969796468243,35.1789336]]]}},{"type":"Feature","properties":{"nameAr":"بني خلاد","nameFr":"Beni Khellad","wilayaCode":13,"code":1348},"geometry":{"type":"Polygon","coordinates":[[[-1.513767962247443,35.1725],[-1.5354839811237213,35.19882927362229],[-1.5789160188762785,35.19882927362229],[-1.600632037752557,35.1725],[-1.5789160188762785,35.14617072637771],[-1.5354839811237213,35.14617072637771],[-1.513767962247443,35.1725]]]}},{"type":"Feature","properties":{"nameAr":"ندرومة","nameFr":"Nedroma","wilayaCode":13,"code":1340},"geometry":{"type":"Polygon","coordinates":[[[-1.7054851013010237,35.01361],[-1.7267425506505119,35.03938328761885],[-1.7692574493494881,35.03938328761885],[-1.7905148986989763,35.01361],[-1.7692574493494881,34.98783671238115],[-1.7267425506505119,34.98783671238115],[-1.7054851013010237,35.01361]]]}},{"type":"Feature","properties":{"nameAr":"مسيردة الفواقة","nameFr":"M'sirda Fouaga","wilayaCode":13,"code":1330},"geometry":{"type":"Polygon","coordinates":[[[-2.0001209505198028,35.019722],[-2.0325604752599014,35.05905283351627],[-2.0974395247400985,35.05905283351627],[-2.129879049480197,35.019722],[-2.0974395247400985,34.980391166483734],[-2.0325604752599014,34.980391166483734],[-2.0001209505198028,35.019722]]]}},{"type":"Feature","properties":{"nameAr":"مرسى بن مهيدي","nameFr":"Marsa Ben M'hidi","wilayaCode":13,"code":1339},"geometry":{"type":"Polygon","coordinates":[[[-2.0848840535629334,35.08669],[-2.1412970267814666,35.155087095074364],[-2.254122973218533,35.155087095074364],[-2.3105359464370663,35.08669],[-2.254122973218533,35.01829290492563],[-2.1412970267814666,35.01829290492563],[-2.0848840535629334,35.08669]]]}},{"type":"Feature","properties":{"nameAr":"سيدي مجاهد","nameFr":"Sidi Medjahed","wilayaCode":13,"code":1337},"geometry":{"type":"Polygon","coordinates":[[[-1.586595886037769,34.775277],[-1.6116479430188846,34.805651004867784],[-1.6617520569811155,34.805651004867784],[-1.6868041139622312,34.775277],[-1.6617520569811157,34.74490299513222],[-1.6116479430188846,34.74490299513222],[-1.586595886037769,34.775277]]]}},{"type":"Feature","properties":{"nameAr":"بني بوسعيد","nameFr":"Beni Boussaid","wilayaCode":13,"code":1338},"geometry":{"type":"Polygon","coordinates":[[[-1.6615991451573047,34.65],[-1.7073295725786524,34.70544519662193],[-1.7987904274213478,34.70544519662193],[-1.8445208548426955,34.65],[-1.7987904274213478,34.59455480337807],[-1.7073295725786524,34.59455480337807],[-1.6615991451573047,34.65]]]}},{"type":"Feature","properties":{"nameAr":"بوحلو","nameFr":"Bouhlou","wilayaCode":13,"code":1347},"geometry":{"type":"Polygon","coordinates":[[[-1.529158418943858,34.773889],[-1.5511292094719291,34.80052716783395],[-1.5950707905280708,34.80052716783395],[-1.6170415810561418,34.773889],[-1.5950707905280708,34.747250832166046],[-1.5511292094719291,34.747250832166046],[-1.529158418943858,34.773889]]]}},{"type":"Feature","properties":{"nameAr":"مغنية","nameFr":"Maghnia","wilayaCode":13,"code":1327},"geometry":{"type":"Polygon","coordinates":[[[-1.672593862020533,34.8534497],[-1.7015749310102666,34.88858737876351],[-1.7595370689897334,34.88858737876351],[-1.788518137979467,34.8534497],[-1.7595370689897336,34.81831202123649],[-1.7015749310102666,34.81831202123649],[-1.672593862020533,34.8534497]]]}},{"type":"Feature","properties":{"nameAr":"حمام بوغرارة","nameFr":"Hammam Boughrara","wilayaCode":13,"code":1328},"geometry":{"type":"Polygon","coordinates":[[[-1.5913626137307875,34.8935],[-1.6149813068653938,34.92213614356226],[-1.6622186931346064,34.92213614356226],[-1.6858373862692126,34.8935],[-1.6622186931346064,34.86486385643774],[-1.6149813068653938,34.86486385643774],[-1.5913626137307875,34.8935]]]}},{"type":"Feature","properties":{"nameAr":"زناتة","nameFr":"Zenata","wilayaCode":13,"code":1316},"geometry":{"type":"Polygon","coordinates":[[[-1.4173478567666264,35.0167],[-1.4378239283833132,35.04152591746566],[-1.4787760716166867,35.04152591746566],[-1.4992521432333734,35.0167],[-1.4787760716166867,34.99187408253434],[-1.4378239283833132,34.99187408253434],[-1.4173478567666264,35.0167]]]}},{"type":"Feature","properties":{"nameAr":"أولاد رياح","nameFr":"Ouled Riyah","wilayaCode":13,"code":1346},"geometry":{"type":"Polygon","coordinates":[[[-1.4485640684562862,34.9625],[-1.472893139228143,34.99199743067445],[-1.5215512807718572,34.99199743067445],[-1.545880351543714,34.9625],[-1.5215512807718572,34.933002569325545],[-1.472893139228143,34.933002569325545],[-1.4485640684562862,34.9625]]]}},{"type":"Feature","properties":{"nameAr":"الحناية","nameFr":"Hennaya","wilayaCode":13,"code":1326},"geometry":{"type":"Polygon","coordinates":[[[-1.3321684317922065,34.9513889],[-1.3516043158961033,34.97495365713058],[-1.3904760841038966,34.97495365713058],[-1.4099119682077934,34.9513889],[-1.3904760841038966,34.92782414286942],[-1.3516043158961033,34.92782414286942],[-1.3321684317922065,34.9513889]]]}},{"type":"Feature","properties":{"nameAr":"سيدي العبدلي","nameFr":"Sidi Abdelli","wilayaCode":13,"code":1334},"geometry":{"type":"Polygon","coordinates":[[[-1.0797455209633926,35.069],[-1.1084227604816963,35.10376930510657],[-1.1657772395183037,35.10376930510657],[-1.1944544790366074,35.069],[-1.1657772395183037,35.03423069489344],[-1.1084227604816963,35.03423069489344],[-1.0797455209633926,35.069]]]}},{"type":"Feature","properties":{"nameAr":"سوق الثلاثاء","nameFr":"Souk Tleta","wilayaCode":13,"code":1333},"geometry":{"type":"Polygon","coordinates":[[[-1.8844787773484781,35.023889],[-1.905850388674239,35.04980070165908],[-1.948593611325761,35.04980070165908],[-1.9699652226515219,35.023889],[-1.948593611325761,34.99797729834091],[-1.905850388674239,34.99797729834091],[-1.8844787773484781,35.023889]]]}},{"type":"Feature","properties":{"nameAr":"بن سكران","nameFr":"Bensekrane","wilayaCode":13,"code":1324},"geometry":{"type":"Polygon","coordinates":[[[-1.1821143520732127,35.0739077],[-1.2047921760366065,35.10140310031679],[-1.2501478239633936,35.10140310031679],[-1.2728256479267874,35.0739077],[-1.2501478239633936,35.04641229968321],[-1.2047921760366065,35.04641229968321],[-1.1821143520732127,35.0739077]]]}},{"type":"Feature","properties":{"nameAr":"فلاوسن","nameFr":"Fellaoucene","wilayaCode":13,"code":1320},"geometry":{"type":"Polygon","coordinates":[[[-1.5630112331978743,35.035],[-1.5844221165989372,35.0609593165199],[-1.627243883401063,35.0609593165199],[-1.6486547668021259,35.035],[-1.627243883401063,35.009040683480094],[-1.5844221165989372,35.009040683480094],[-1.5630112331978743,35.035]]]}},{"type":"Feature","properties":{"nameAr":"عين الكبيرة","nameFr":"Ain Kebira","wilayaCode":13,"code":1353},"geometry":{"type":"Polygon","coordinates":[[[-1.6260964769858761,35.032777],[-1.645687238492938,35.056529536002444],[-1.684868761507062,35.056529536002444],[-1.704459523014124,35.032777],[-1.684868761507062,35.00902446399756],[-1.645687238492938,35.00902446399756],[-1.6260964769858761,35.032777]]]}},{"type":"Feature","properties":{"nameAr":"عين فتاح","nameFr":"Ain Fetah","wilayaCode":13,"code":1331},"geometry":{"type":"Polygon","coordinates":[[[-1.598785774763795,34.965556],[-1.6186983873818976,34.98969875973619],[-1.6585236126181024,34.98969875973619],[-1.678436225236205,34.965556],[-1.6585236126181024,34.941413240263806],[-1.6186983873818976,34.941413240263806],[-1.598785774763795,34.965556]]]}},{"type":"Feature","properties":{"nameAr":"تلمسان","nameFr":"Tlemcen","wilayaCode":13,"code":1301},"geometry":{"type":"Polygon","coordinates":[[[-1.2825028070288038,34.882777],[-1.299584903514402,34.903487941308995],[-1.333749096485598,34.903487941308995],[-1.3508311929711962,34.882777],[-1.3337490964855983,34.862066058691],[-1.299584903514402,34.862066058691],[-1.2825028070288038,34.882777]]]}},{"type":"Feature","properties":{"nameAr":"عين النحالة","nameFr":"Ain Nehala","wilayaCode":13,"code":1325},"geometry":{"type":"Polygon","coordinates":[[[-0.89323079228071,35.027326],[-0.912726396140355,35.0509631634864],[-0.951717603859645,35.0509631634864],[-0.97121320771929,35.027326],[-0.951717603859645,35.003688836513604],[-0.912726396140355,35.003688836513604],[-0.89323079228071,35.027326]]]}},{"type":"Feature","properties":{"nameAr":"عين تالوت","nameFr":"Ain Tellout","wilayaCode":13,"code":1303},"geometry":{"type":"Polygon","coordinates":[[[-0.8897184678936206,34.805556],[-0.9220814339468103,34.84479401104143],[-0.9868073660531896,34.84479401104143],[-1.0191703321063792,34.805556],[-0.9868073660531896,34.766317988958576],[-0.9220814339468103,34.766317988958576],[-0.8897184678936206,34.805556]]]}},{"type":"Feature","properties":{"nameAr":"عين يوسف","nameFr":"Ain Youcef","wilayaCode":13,"code":1315},"geometry":{"type":"Polygon","coordinates":[[[-1.3319213212927417,35.047222],[-1.3529106606463708,35.072670221524454],[-1.394889339353629,35.072670221524454],[-1.4158786787072581,35.047222],[-1.394889339353629,35.02177377847554],[-1.3529106606463708,35.02177377847554],[-1.3319213212927417,35.047222]]]}},{"type":"Feature","properties":{"nameAr":"بني وارسوس","nameFr":"Beni Ouarsous","wilayaCode":13,"code":1336},"geometry":{"type":"Polygon","coordinates":[[[-1.5128223721695842,35.083333],[-1.535066186084792,35.110302191098675],[-1.5795538139152079,35.110302191098675],[-1.6017976278304158,35.083333],[-1.5795538139152079,35.05636380890133],[-1.535066186084792,35.05636380890133],[-1.5128223721695842,35.083333]]]}},{"type":"Feature","properties":{"nameAr":"الفحول","nameFr":"El Fehoul","wilayaCode":13,"code":1305},"geometry":{"type":"Polygon","coordinates":[[[-1.2505670362065682,35.12],[-1.272505518103284,35.146598995700224],[-1.3163824818967158,35.146598995700224],[-1.3383209637934317,35.12],[-1.3163824818967158,35.09340100429977],[-1.272505518103284,35.09340100429977],[-1.2505670362065682,35.12]]]}},{"type":"Feature","properties":{"nameAr":"الرمشي","nameFr":"Remchi","wilayaCode":13,"code":1304},"geometry":{"type":"Polygon","coordinates":[[[-1.3912123684482787,35.06196],[-1.4124161842241392,35.087668260366684],[-1.4548238157758606,35.087668260366684],[-1.4760276315517211,35.06196],[-1.4548238157758606,35.036251739633315],[-1.4124161842241392,35.036251739633315],[-1.3912123684482787,35.06196]]]}},{"type":"Feature","properties":{"nameAr":"سبعة شيوخ","nameFr":"Sebbaa Chioukh","wilayaCode":13,"code":1322},"geometry":{"type":"Polygon","coordinates":[[[-1.3096689923424367,35.156111],[-1.3327511461712183,35.1840966242257],[-1.3789154538287818,35.1840966242257],[-1.4019976076575633,35.156111],[-1.3789154538287818,35.1281253757743],[-1.3327511461712183,35.1281253757743],[-1.3096689923424367,35.156111]]]}},{"type":"Feature","properties":{"nameAr":"السواني","nameFr":"Souani","wilayaCode":13,"code":1308},"geometry":{"type":"Polygon","coordinates":[[[-1.8554146200378776,34.9218192],[-1.8863332600189386,34.95930605874369],[-1.9481705399810612,34.95930605874369],[-1.9790891799621222,34.9218192],[-1.9481705399810612,34.88433234125631],[-1.8863332600189386,34.88433234125631],[-1.8554146200378776,34.9218192]]]}},{"type":"Feature","properties":{"nameAr":"صبرة","nameFr":"Sabra","wilayaCode":13,"code":1306},"geometry":{"type":"Polygon","coordinates":[[[-1.478953778069143,34.8280257],[-1.5036268890345716,34.85794025724103],[-1.5529731109654283,34.85794025724103],[-1.577646221930857,34.8280257],[-1.5529731109654283,34.79811114275896],[-1.5036268890345716,34.79811114275896],[-1.478953778069143,34.8280257]]]}},{"type":"Feature","properties":{"nameAr":"دار يغمراسن","nameFr":"Dar Yaghmoracen","wilayaCode":13,"code":1319},"geometry":{"type":"Polygon","coordinates":[[[-1.758516019774308,35.10055556],[-1.779674509887154,35.12620886592082],[-1.8219914901128458,35.12620886592082],[-1.8431499802256919,35.10055556],[-1.8219914901128458,35.07490225407917],[-1.779674509887154,35.07490225407917],[-1.758516019774308,35.10055556]]]}},{"type":"Feature","properties":{"nameAr":"الغزوات","nameFr":"Ghazaouet","wilayaCode":13,"code":1307},"geometry":{"type":"Polygon","coordinates":[[[-1.8210097537668708,35.093858],[-1.8406948768834352,35.117724943373794],[-1.8800651231165646,35.117724943373794],[-1.899750246233129,35.093858],[-1.8800651231165646,35.0699910566262],[-1.8406948768834352,35.0699910566262],[-1.8210097537668708,35.093858]]]}},{"type":"Feature","properties":{"nameAr":"السواحلية","nameFr":"Souahlia","wilayaCode":13,"code":1329},"geometry":{"type":"Polygon","coordinates":[[[-1.8496425748543166,35.033333],[-1.8688712874271582,35.05664657499821],[-1.9073287125728415,35.05664657499821],[-1.9265574251456832,35.033333],[-1.9073287125728415,35.010019425001786],[-1.8688712874271582,35.010019425001786],[-1.8496425748543166,35.033333]]]}},{"type":"Feature","properties":{"nameAr":"تيانت","nameFr":"Tianet","wilayaCode":13,"code":1345},"geometry":{"type":"Polygon","coordinates":[[[-1.8019146505150023,35.090833],[-1.820407325257501,35.1132541765553],[-1.857392674742499,35.1132541765553],[-1.8758853494849976,35.090833],[-1.857392674742499,35.068411823444706],[-1.820407325257501,35.068411823444706],[-1.8019146505150023,35.090833]]]}},{"type":"Feature","properties":{"nameAr":"بني صميل","nameFr":"Beni Smiel","wilayaCode":13,"code":1352},"geometry":{"type":"Polygon","coordinates":[[[-0.967456541710429,34.816666],[-0.9970782708552145,34.852580437920764],[-1.0563217291447853,34.852580437920764],[-1.0859434582895708,34.816666],[-1.0563217291447855,34.78075156207923],[-0.9970782708552145,34.78075156207923],[-0.967456541710429,34.816666]]]}},{"type":"Feature","properties":{"nameAr":"وادي الخضر","nameFr":"Oued Lakhdar","wilayaCode":13,"code":1311},"geometry":{"type":"Polygon","coordinates":[[[-1.0764799128038376,34.8749625],[-1.105297156401919,34.90990155103218],[-1.1629316435980812,34.90990155103218],[-1.1917488871961626,34.8749625],[-1.1629316435980814,34.84002344896783],[-1.105297156401919,34.84002344896783],[-1.0764799128038376,34.8749625]]]}},{"type":"Feature","properties":{"nameAr":"أولاد ميمون","nameFr":"Ouled Mimoun","wilayaCode":13,"code":1313},"geometry":{"type":"Polygon","coordinates":[[[-0.981263477100106,34.90472],[-1.007981738550053,34.93711417042485],[-1.061418261449947,34.93711417042485],[-1.0881365228998938,34.90472],[-1.061418261449947,34.872325829575146],[-1.007981738550053,34.872325829575146],[-0.981263477100106,34.90472]]]}},{"type":"Feature","properties":{"nameAr":"جبالة","nameFr":"Djebala","wilayaCode":13,"code":1309},"geometry":{"type":"Polygon","coordinates":[[[-1.6836400374005713,34.976388],[-1.7042200187002856,35.00133990126095],[-1.7453799812997146,35.00133990126095],[-1.765959962599429,34.976388],[-1.7453799812997146,34.95143609873905],[-1.7042200187002856,34.95143609873905],[-1.6836400374005713,34.976388]]]}},{"type":"Feature","properties":{"nameAr":"مهدية","nameFr":"Mahdia","wilayaCode":14,"code":1415},"geometry":{"type":"Polygon","coordinates":[[[1.8255657562083178,35.4270876],[1.7902828781041589,35.46986581625956],[1.719717121895841,35.46986581625956],[1.684434243791682,35.4270876],[1.719717121895841,35.38430938374044],[1.7902828781041589,35.38430938374044],[1.8255657562083178,35.4270876]]]}},{"type":"Feature","properties":{"nameAr":"عين دزاريت","nameFr":"Ain Dzarit","wilayaCode":14,"code":1405},"geometry":{"type":"Polygon","coordinates":[[[1.7305249806421448,35.35339],[1.6987574903210725,35.39190603508553],[1.6352225096789275,35.39190603508553],[1.6034550193578552,35.35339],[1.6352225096789275,35.31487396491446],[1.6987574903210725,35.31487396491446],[1.7305249806421448,35.35339]]]}},{"type":"Feature","properties":{"nameAr":"السبعين","nameFr":"Sebaine","wilayaCode":14,"code":1425},"geometry":{"type":"Polygon","coordinates":[[[1.7377541332195858,34.63797],[1.6706825666097929,34.719289952777984],[1.536539433390207,34.719289952777984],[1.469467866780414,34.63797],[1.536539433390207,34.55665004722202],[1.6706825666097929,34.55665004722202],[1.7377541332195858,34.63797]]]}},{"type":"Feature","properties":{"nameAr":"الفايجة","nameFr":"Faidja","wilayaCode":14,"code":1441},"geometry":{"type":"Polygon","coordinates":[[[1.8278391019918656,34.87],[1.7666975509959328,34.94413019094496],[1.6444144490040673,34.94413019094496],[1.5832728980081345,34.87],[1.6444144490040673,34.795869809055034],[1.7666975509959328,34.795869809055034],[1.8278391019918656,34.87]]]}},{"type":"Feature","properties":{"nameAr":"سي عبد الغني","nameFr":"Si Abdelghani","wilayaCode":14,"code":1417},"geometry":{"type":"Polygon","coordinates":[[[1.716171917911241,35.2194],[1.6773914589556205,35.26641880767638],[1.5998305410443796,35.26641880767638],[1.5610500820887592,35.2194],[1.5998305410443796,35.17238119232362],[1.6773914589556205,35.17238119232362],[1.716171917911241,35.2194]]]}},{"type":"Feature","properties":{"nameAr":"السوقر","nameFr":"Sougueur","wilayaCode":14,"code":1416},"geometry":{"type":"Polygon","coordinates":[[[1.5800881458066987,35.18568],[1.5381040729033493,35.23658298316409],[1.4541359270966505,35.23658298316409],[1.4121518541933011,35.18568],[1.4541359270966505,35.134777016835905],[1.5381040729033493,35.134777016835905],[1.5800881458066987,35.18568]]]}},{"type":"Feature","properties":{"nameAr":"توسنينة","nameFr":"Tousnina","wilayaCode":14,"code":1426},"geometry":{"type":"Polygon","coordinates":[[[1.3945301447099954,34.02],[1.3354595723549978,34.09161926278573],[1.2173184276450024,34.09161926278573],[1.1582478552900046,34.02],[1.2173184276450022,33.94838073721428],[1.3354595723549978,33.94838073721428],[1.3945301447099954,34.02]]]}},{"type":"Feature","properties":{"nameAr":"مغيلة","nameFr":"Meghila","wilayaCode":14,"code":1421},"geometry":{"type":"Polygon","coordinates":[[[1.4717427445600715,35.5964786],[1.4426713722800357,35.63172576568434],[1.3845286277199642,35.63172576568434],[1.3554572554399285,35.5964786],[1.3845286277199642,35.56123143431566],[1.4426713722800357,35.56123143431566],[1.4717427445600715,35.5964786]]]}},{"type":"Feature","properties":{"nameAr":"السبت","nameFr":"Sebt","wilayaCode":14,"code":1411},"geometry":{"type":"Polygon","coordinates":[[[1.4224171018760103,35.656111],[1.3976085509380052,35.686189769480755],[1.3479914490619949,35.686189769480755],[1.3231828981239897,35.656111],[1.3479914490619949,35.62603223051925],[1.3976085509380052,35.62603223051925],[1.4224171018760103,35.656111]]]}},{"type":"Feature","properties":{"nameAr":"سيدي حسني","nameFr":"Sidi Hosni","wilayaCode":14,"code":1423},"geometry":{"type":"Polygon","coordinates":[[[1.5748206489720025,35.4711],[1.5482013244860013,35.50337421573104],[1.4949626755139989,35.50337421573104],[1.4683433510279975,35.4711],[1.4949626755139986,35.43882578426896],[1.5482013244860013,35.43882578426896],[1.5748206489720025,35.4711]]]}},{"type":"Feature","properties":{"nameAr":"عين الحديد","nameFr":"Ain El Hadid","wilayaCode":14,"code":1418},"geometry":{"type":"Polygon","coordinates":[[[0.9779087995999715,35.05783],[0.9313493997999858,35.11428027221645],[0.8382306002000142,35.11428027221645],[0.7916712004000285,35.05783],[0.8382306002000142,35.00137972778356],[0.9313493997999858,35.00137972778356],[0.9779087995999715,35.05783]]]}},{"type":"Feature","properties":{"nameAr":"فرندة","nameFr":"Frenda","wilayaCode":14,"code":1427},"geometry":{"type":"Polygon","coordinates":[[[1.1294455165486579,35.05],[1.0916353582743288,35.09584238062135],[1.016015041725671,35.09584238062135],[0.9782048834513419,35.05],[1.0160150417256708,35.004157619378645],[1.0916353582743288,35.004157619378645],[1.1294455165486579,35.05]]]}},{"type":"Feature","properties":{"nameAr":"تخمرت","nameFr":"Takhemaret","wilayaCode":14,"code":1437},"geometry":{"type":"Polygon","coordinates":[[[0.7896002941556339,35.035],[0.736466813577817,35.09942092156062],[0.630199852422183,35.09942092156062],[0.577066371844366,35.035],[0.630199852422183,34.97057907843937],[0.736466813577817,34.97057907843937],[0.7896002941556339,35.035]]]}},{"type":"Feature","properties":{"nameAr":"عين كرمس","nameFr":"Ain Kermes","wilayaCode":14,"code":1428},"geometry":{"type":"Polygon","coordinates":[[[1.1708202366797003,34.908176],[1.1394451183398502,34.94621630934067],[1.07669488166015,34.94621630934067],[1.0453197633203,34.908176],[1.07669488166015,34.870135690659325],[1.1394451183398502,34.870135690659325],[1.1708202366797003,34.908176]]]}},{"type":"Feature","properties":{"nameAr":"جبيلات الرصفاء","nameFr":"Djebilet Rosfa","wilayaCode":14,"code":1419},"geometry":{"type":"Polygon","coordinates":[[[1.085194074762129,34.86375],[1.0500970373810643,34.90630289635741],[0.9799029626189354,34.90630289635741],[0.9448059252378709,34.86375],[0.9799029626189354,34.8211971036426],[1.0500970373810643,34.8211971036426],[1.085194074762129,34.86375]]]}},{"type":"Feature","properties":{"nameAr":"مادنة","nameFr":"Madna","wilayaCode":14,"code":1410},"geometry":{"type":"Polygon","coordinates":[[[1.077551029387034,34.753055],[1.030165514693517,34.81050688329439],[0.9353944853064831,34.81050688329439],[0.888008970612966,34.753055],[0.935394485306483,34.69560311670562],[1.030165514693517,34.69560311670562],[1.077551029387034,34.753055]]]}},{"type":"Feature","properties":{"nameAr":"مدريسة","nameFr":"Medrissa","wilayaCode":14,"code":1408},"geometry":{"type":"Polygon","coordinates":[[[1.3175851944906116,34.8959],[1.2791425972453059,34.94250917212264],[1.202257402754694,34.94250917212264],[1.1638148055093882,34.8959],[1.202257402754694,34.849290827877354],[1.2791425972453059,34.849290827877354],[1.3175851944906116,34.8959]]]}},{"type":"Feature","properties":{"nameAr":"سيدي عبد الرحمن","nameFr":"Sidi Abderrahmane","wilayaCode":14,"code":1438},"geometry":{"type":"Polygon","coordinates":[[[1.2008570065249236,34.79861],[1.1655675032624617,34.841396248837114],[1.094988496737538,34.841396248837114],[1.0596989934750762,34.79861],[1.094988496737538,34.75582375116288],[1.1655675032624617,34.75582375116288],[1.2008570065249236,34.79861]]]}},{"type":"Feature","properties":{"nameAr":"قرطوفة","nameFr":"Guertoufa","wilayaCode":14,"code":1422},"geometry":{"type":"Polygon","coordinates":[[[1.3136847537465643,35.393056],[1.2818423768732823,35.4316628302048],[1.218157623126718,35.4316628302048],[1.1863152462534357,35.393056],[1.2181576231267177,35.3544491697952],[1.2818423768732823,35.3544491697952],[1.3136847537465643,35.393056]]]}},{"type":"Feature","properties":{"nameAr":"وادي ليلي","nameFr":"Oued Lilli","wilayaCode":14,"code":1433},"geometry":{"type":"Polygon","coordinates":[[[1.3241999073857356,35.5107],[1.2977499536928678,35.54276886455772],[1.2448500463071324,35.54276886455772],[1.2184000926142646,35.5107],[1.2448500463071324,35.47863113544228],[1.2977499536928678,35.47863113544228],[1.3241999073857356,35.5107]]]}},{"type":"Feature","properties":{"nameAr":"سيدي علي ملال","nameFr":"Sidi Ali Mellal","wilayaCode":14,"code":1404},"geometry":{"type":"Polygon","coordinates":[[[1.2809986887678713,35.563333],[1.2532993443839355,35.59691667026652],[1.1979006556160645,35.59691667026652],[1.1702013112321288,35.563333],[1.1979006556160645,35.52974932973348],[1.2532993443839355,35.52974932973348],[1.2809986887678713,35.563333]]]}},{"type":"Feature","properties":{"nameAr":"جيلالي بن عمار","nameFr":"Djillali Ben Amar","wilayaCode":14,"code":1424},"geometry":{"type":"Polygon","coordinates":[[[0.9226320114998786,35.44444],[0.8861771107499393,35.48863921819864],[0.8132673092500607,35.48863921819864],[0.7768124085001215,35.44444],[0.8132673092500607,35.40024078180136],[0.8861771107499393,35.40024078180136],[0.9226320114998786,35.44444]]]}},{"type":"Feature","properties":{"nameAr":"مشرع الصفا","nameFr":"Mechraa Safa","wilayaCode":14,"code":1434},"geometry":{"type":"Polygon","coordinates":[[[1.1335677356430702,35.38388889],[1.0857988678215351,35.44180556426086],[0.990261132178465,35.44180556426086],[0.9424922643569299,35.38388889],[0.9902611321784649,35.32597221573914],[1.0857988678215351,35.32597221573914],[1.1335677356430702,35.38388889]]]}},{"type":"Feature","properties":{"nameAr":"تاقدمت","nameFr":"Tagdempt","wilayaCode":14,"code":1432},"geometry":{"type":"Polygon","coordinates":[[[1.5946920749957334,35.335556],[1.5698843374978666,35.365633783236994],[1.5202688625021334,35.365633783236994],[1.4954611250042666,35.335556],[1.5202688625021334,35.305478216763],[1.5698843374978666,35.305478216763],[1.5946920749957334,35.335556]]]}},{"type":"Feature","properties":{"nameAr":"تيدة","nameFr":"Tidda","wilayaCode":14,"code":1442},"geometry":{"type":"Polygon","coordinates":[[[1.3171588367515292,35.5825],[1.2916984183757645,35.61336911674615],[1.2407775816242355,35.61336911674615],[1.2153171632484707,35.5825],[1.2407775816242352,35.55163088325386],[1.2916984183757645,35.55163088325386],[1.3171588367515292,35.5825]]]}},{"type":"Feature","properties":{"nameAr":"الناظورة","nameFr":"Nadorah","wilayaCode":14,"code":1431},"geometry":{"type":"Polygon","coordinates":[[[2.034022576545628,35.069],[1.962289288272814,35.15597198991775],[1.818822711727186,35.15597198991775],[1.747089423454372,35.069],[1.8188227117271858,34.98202801008225],[1.962289288272814,34.98202801008225],[2.034022576545628,35.069]]]}},{"type":"Feature","properties":{"nameAr":"تيارت","nameFr":"Tiaret","wilayaCode":14,"code":1401},"geometry":{"type":"Polygon","coordinates":[[[1.3832429222851468,35.3667],[1.3499714611425735,35.407039502798696],[1.2834285388574265,35.407039502798696],[1.2501570777148532,35.3667],[1.2834285388574265,35.32636049720131],[1.3499714611425735,35.32636049720131],[1.3832429222851468,35.3667]]]}},{"type":"Feature","properties":{"nameAr":"مدروسة","nameFr":"Medroussa","wilayaCode":14,"code":1402},"geometry":{"type":"Polygon","coordinates":[[[1.2881484563776087,35.17721],[1.2458797281888043,35.22845810935603],[1.1613422718111956,35.22845810935603],[1.1190735436223913,35.17721],[1.1613422718111956,35.12596189064397],[1.2458797281888043,35.12596189064397],[1.2881484563776087,35.17721]]]}},{"type":"Feature","properties":{"nameAr":"ملاكو","nameFr":"Mellakou","wilayaCode":14,"code":1412},"geometry":{"type":"Polygon","coordinates":[[[1.3132761178146921,35.2497888],[1.273521108907346,35.29798918669801],[1.194011091092654,35.29798918669801],[1.1542560821853078,35.2497888],[1.194011091092654,35.201588413301984],[1.273521108907346,35.201588413301984],[1.3132761178146921,35.2497888]]]}},{"type":"Feature","properties":{"nameAr":"سيدي بختي","nameFr":"Sidi Bakhti","wilayaCode":14,"code":1407},"geometry":{"type":"Polygon","coordinates":[[[1.0678735330900526,35.156111],[1.0230867665450263,35.2104120686139],[0.9335132334549737,35.2104120686139],[0.8887264669099474,35.156111],[0.9335132334549736,35.10180993138611],[1.0230867665450263,35.10180993138611],[1.0678735330900526,35.156111]]]}},{"type":"Feature","properties":{"nameAr":"عين الذهب","nameFr":"Ain Deheb","wilayaCode":14,"code":1406},"geometry":{"type":"Polygon","coordinates":[[[1.64946895746718,34.8422],[1.5972727787335899,34.90548450346927],[1.4928804212664102,34.90548450346927],[1.4406842425328201,34.8422],[1.4928804212664102,34.77891549653073],[1.5972727787335899,34.77891549653073],[1.64946895746718,34.8422]]]}},{"type":"Feature","properties":{"nameAr":"شحيمة","nameFr":"Chehaima","wilayaCode":14,"code":1436},"geometry":{"type":"Polygon","coordinates":[[[1.395275755350152,34.8959],[1.350015677675076,34.95077492786142],[1.259495522324924,34.95077492786142],[1.214235444649848,34.8959],[1.259495522324924,34.84102507213858],[1.350015677675076,34.84102507213858],[1.395275755350152,34.8959]]]}},{"type":"Feature","properties":{"nameAr":"النعيمة","nameFr":"Naima","wilayaCode":14,"code":1420},"geometry":{"type":"Polygon","coordinates":[[[1.596805769443487,34.639444],[1.5371528847217435,34.711769279009275],[1.4178471152782566,34.711769279009275],[1.3581942305565131,34.639444],[1.4178471152782566,34.56711872099072],[1.5371528847217435,34.56711872099072],[1.596805769443487,34.639444]]]}},{"type":"Feature","properties":{"nameAr":"عين بوشقيف","nameFr":"Ain Bouchekif","wilayaCode":14,"code":1403},"geometry":{"type":"Polygon","coordinates":[[[1.5620752179003699,35.355833],[1.5363176089501849,35.38706244116825],[1.484802391049815,35.38706244116825],[1.45904478209963,35.355833],[1.484802391049815,35.32460355883175],[1.5363176089501849,35.32460355883175],[1.5620752179003699,35.355833]]]}},{"type":"Feature","properties":{"nameAr":"دحموني","nameFr":"Dahmouni","wilayaCode":14,"code":1413},"geometry":{"type":"Polygon","coordinates":[[[1.536898606572021,35.4157148],[1.5101158032860105,35.44818722324235],[1.4565501967139896,35.44818722324235],[1.429767393427979,35.4157148],[1.4565501967139896,35.38324237675766],[1.5101158032860105,35.38324237675766],[1.536898606572021,35.4157148]]]}},{"type":"Feature","properties":{"nameAr":"الرحوية","nameFr":"Rahouia","wilayaCode":14,"code":1414},"geometry":{"type":"Polygon","coordinates":[[[1.6587314595438185,35.530278],[1.6293657297719093,35.5658820551764],[1.5706342702280909,35.5658820551764],[1.5412685404561817,35.530278],[1.5706342702280909,35.4946739448236],[1.6293657297719093,35.4946739448236],[1.6587314595438185,35.530278]]]}},{"type":"Feature","properties":{"nameAr":"ميزرانـــة","nameFr":"Mizrana","wilayaCode":15,"code":1562},"geometry":{"type":"Polygon","coordinates":[[[4.1434572968832795,36.89623],[4.1197841484416395,36.924932167113234],[4.07243785155836,36.924932167113234],[4.04876470311672,36.89623],[4.07243785155836,36.86752783288677],[4.1197841484416395,36.86752783288677],[4.1434572968832795,36.89623]]]}},{"type":"Feature","properties":{"nameAr":"إيجــار","nameFr":"Idjeur","wilayaCode":15,"code":1549},"geometry":{"type":"Polygon","coordinates":[[[4.55619599794258,36.6664],[4.53739799897129,36.689191362509234],[4.49980200102871,36.689191362509234],[4.48100400205742,36.6664],[4.49980200102871,36.64360863749077],[4.53739799897129,36.64360863749077],[4.55619599794258,36.6664]]]}},{"type":"Feature","properties":{"nameAr":"بني دوالة","nameFr":"Beni-Douala","wilayaCode":15,"code":1532},"geometry":{"type":"Polygon","coordinates":[[[4.110436412931484,36.61954],[4.096628206465741,36.63628156061205],[4.0690117935342585,36.63628156061205],[4.055203587068516,36.61954],[4.0690117935342585,36.60279843938795],[4.096628206465741,36.60279843938795],[4.110436412931484,36.61954]]]}},{"type":"Feature","properties":{"nameAr":"بني زيكــي","nameFr":"Beni-Zikki","wilayaCode":15,"code":1546},"geometry":{"type":"Polygon","coordinates":[[[4.317003941516982,36.55308],[4.309075470758492,36.56269275992602],[4.293218529241509,36.56269275992602],[4.285290058483018,36.55308],[4.293218529241509,36.54346724007398],[4.309075470758492,36.54346724007398],[4.317003941516982,36.55308]]]}},{"type":"Feature","properties":{"nameAr":"إيلولة أومـــالو","nameFr":"Illoula Oumalou","wilayaCode":15,"code":1519},"geometry":{"type":"Polygon","coordinates":[[[4.620061705569367,36.5667],[4.608085852784684,36.58121994984092],[4.584134147215317,36.58121994984092],[4.572158294430634,36.5667],[4.584134147215317,36.55218005015907],[4.608085852784684,36.55218005015907],[4.620061705569367,36.5667]]]}},{"type":"Feature","properties":{"nameAr":"أقني قغران","nameFr":"Agouni-Gueghrane","wilayaCode":15,"code":1561},"geometry":{"type":"Polygon","coordinates":[[[4.138392891864838,36.5152247],[4.126094295932419,36.530135955111696],[4.1014971040675805,36.530135955111696],[4.089198508135162,36.5152247],[4.1014971040675805,36.5003134448883],[4.126094295932419,36.5003134448883],[4.138392891864838,36.5152247]]]}},{"type":"Feature","properties":{"nameAr":"أيت بــوادو","nameFr":"Ait Bouaddou","wilayaCode":15,"code":1565},"geometry":{"type":"Polygon","coordinates":[[[4.074851134843134,36.50833333],[4.066592067421567,36.518346917078105],[4.050073932578433,36.518346917078105],[4.041814865156867,36.50833333],[4.050073932578433,36.49831974292189],[4.066592067421567,36.49831974292189],[4.074851134843134,36.50833333]]]}},{"type":"Feature","properties":{"nameAr":"واضية","nameFr":"Ouadhias","wilayaCode":15,"code":1536},"geometry":{"type":"Polygon","coordinates":[[[4.112014805438435,36.55611],[4.1008574027192175,36.56963763187313],[4.078542597280782,36.56963763187313],[4.067385194561564,36.55611],[4.078542597280782,36.542582368126865],[4.1008574027192175,36.542582368126865],[4.112014805438435,36.55611]]]}},{"type":"Feature","properties":{"nameAr":"تيزي نثلاثة","nameFr":"Tizi N'tleta","wilayaCode":15,"code":1551},"geometry":{"type":"Polygon","coordinates":[[[4.076251824685588,36.5457],[4.066625912342794,36.557370798472846],[4.047374087657206,36.557370798472846],[4.037748175314412,36.5457],[4.047374087657206,36.53402920152715],[4.066625912342794,36.53402920152715],[4.076251824685588,36.5457]]]}},{"type":"Feature","properties":{"nameAr":"أغريب","nameFr":"Aghribs","wilayaCode":15,"code":1553},"geometry":{"type":"Polygon","coordinates":[[[4.360326798694056,36.802222],[4.3415522493470275,36.824984931350784],[4.304003150652972,36.824984931350784],[4.285228601305943,36.802222],[4.304003150652972,36.77945906864922],[4.3415522493470275,36.77945906864922],[4.360326798694056,36.802222]]]}},{"type":"Feature","properties":{"nameAr":"أيت شافع","nameFr":"Ait-Chafaa","wilayaCode":15,"code":1513},"geometry":{"type":"Polygon","coordinates":[[[4.5844153345594325,36.81702],[4.558997667279716,36.84783728379684],[4.508162332720284,36.84783728379684],[4.482744665440567,36.81702],[4.508162332720284,36.78620271620316],[4.558997667279716,36.78620271620316],[4.5844153345594325,36.81702]]]}},{"type":"Feature","properties":{"nameAr":"أقرو","nameFr":"Akerrou","wilayaCode":15,"code":1544},"geometry":{"type":"Polygon","coordinates":[[[4.459422629657502,36.7992],[4.440011314828751,36.82273496846758],[4.40118868517125,36.82273496846758],[4.3817773703424985,36.7992],[4.40118868517125,36.77566503153242],[4.440011314828751,36.77566503153242],[4.459422629657502,36.7992]]]}},{"type":"Feature","properties":{"nameAr":"أزفون","nameFr":"Azeffoun","wilayaCode":15,"code":1537},"geometry":{"type":"Polygon","coordinates":[[[4.482430146611584,36.8895311],[4.453222623305792,36.92494334003022],[4.394807576694208,36.92494334003022],[4.365600053388416,36.8895311],[4.394807576694208,36.85411885996978],[4.453222623305792,36.85411885996978],[4.482430146611584,36.8895311]]]}},{"type":"Feature","properties":{"nameAr":"إفليـــسن","nameFr":"Iflissen","wilayaCode":15,"code":1554},"geometry":{"type":"Polygon","coordinates":[[[4.274697496289881,36.89623],[4.24889054814494,36.92751926176273],[4.197276651855059,36.92751926176273],[4.171469703710119,36.89623],[4.197276651855059,36.86494073823727],[4.24889054814494,36.86494073823727],[4.274697496289881,36.89623]]]}},{"type":"Feature","properties":{"nameAr":"تيقـزيرت","nameFr":"Tigzirt","wilayaCode":15,"code":1538},"geometry":{"type":"Polygon","coordinates":[[[4.166178389786213,36.89623],[4.1437991948931066,36.923363331811146],[4.099040805106893,36.923363331811146],[4.076661610213787,36.89623],[4.099040805106893,36.86909666818886],[4.1437991948931066,36.86909666818886],[4.166178389786213,36.89623]]]}},{"type":"Feature","properties":{"nameAr":"أسي يوسف","nameFr":"Assi-Youcef","wilayaCode":15,"code":1566},"geometry":{"type":"Polygon","coordinates":[[[4.014984021579971,36.5071],[4.007492010789986,36.516183580337376],[3.9925079892100146,36.516183580337376],[3.985015978420029,36.5071],[3.9925079892100146,36.498016419662626],[4.007492010789986,36.498016419662626],[4.014984021579971,36.5071]]]}},{"type":"Feature","properties":{"nameAr":"بوغني","nameFr":"Boghni","wilayaCode":15,"code":1540},"geometry":{"type":"Polygon","coordinates":[[[3.978192786907317,36.54222],[3.9656263934536584,36.55745594235075],[3.940493606546341,36.55745594235075],[3.9279272130926826,36.54222],[3.940493606546341,36.52698405764925],[3.9656263934536584,36.52698405764925],[3.978192786907317,36.54222]]]}},{"type":"Feature","properties":{"nameAr":"بونوح","nameFr":"Bounouh","wilayaCode":15,"code":1512},"geometry":{"type":"Polygon","coordinates":[[[4.089287795869537,36.49935],[4.079923897934769,36.510703122885936],[4.061196102065232,36.510703122885936],[4.051832204130464,36.49935],[4.061196102065232,36.487996877114064],[4.079923897934769,36.487996877114064],[4.089287795869537,36.49935]]]}},{"type":"Feature","properties":{"nameAr":"مشطراس","nameFr":"Mechtras","wilayaCode":15,"code":1506},"geometry":{"type":"Polygon","coordinates":[[[4.015372509752605,36.53117],[4.006736254876302,36.54164090256301],[3.9894637451236976,36.54164090256301],[3.9808274902473957,36.53117],[3.9894637451236976,36.520699097436996],[4.006736254876302,36.520699097436996],[4.015372509752605,36.53117]]]}},{"type":"Feature","properties":{"nameAr":"ذراع بن خدة","nameFr":"Draa-Ben-Khedda","wilayaCode":15,"code":1547},"geometry":{"type":"Polygon","coordinates":[[[3.994663937546181,36.7309604],[3.9799574187730906,36.74879110640222],[3.9505443812269094,36.74879110640222],[3.935837862453819,36.7309604],[3.9505443812269094,36.71312969359778],[3.9799574187730906,36.71312969359778],[3.994663937546181,36.7309604]]]}},{"type":"Feature","properties":{"nameAr":"سيدي نعمان","nameFr":"Sidi Namane","wilayaCode":15,"code":1559},"geometry":{"type":"Polygon","coordinates":[[[4.012507036142404,36.7169],[3.998203518071202,36.73424209401841],[3.9695964819287983,36.73424209401841],[3.955292963857597,36.7169],[3.9695964819287983,36.69955790598159],[3.998203518071202,36.69955790598159],[4.012507036142404,36.7169]]]}},{"type":"Feature","properties":{"nameAr":"تادمايت","nameFr":"Tadmait","wilayaCode":15,"code":1564},"geometry":{"type":"Polygon","coordinates":[[[3.933491614599405,36.74413],[3.9169708072997027,36.764160414337596],[3.8839291927002977,36.764160414337596],[3.867408385400595,36.74413],[3.8839291927002977,36.7240995856624],[3.9169708072997027,36.7240995856624],[3.933491614599405,36.74413]]]}},{"type":"Feature","properties":{"nameAr":"تيرمتين","nameFr":"Tirmitine","wilayaCode":15,"code":1543},"geometry":{"type":"Polygon","coordinates":[[[4.010681615186412,36.66180861],[3.9977018075932063,36.67754579035673],[3.971742192406794,36.67754579035673],[3.9587623848135878,36.66180861],[3.971742192406794,36.64607142964327],[3.9977018075932063,36.64607142964327],[4.010681615186412,36.66180861]]]}},{"type":"Feature","properties":{"nameAr":"أيت بومهدي","nameFr":"Ait Boumahdi","wilayaCode":15,"code":1530},"geometry":{"type":"Polygon","coordinates":[[[4.220523482945313,36.4883],[4.2013097914726565,36.51159536288212],[4.162882408527343,36.51159536288212],[4.143668717054687,36.4883],[4.162882408527343,36.465004637117886],[4.2013097914726565,36.465004637117886],[4.220523482945313,36.4883]]]}},{"type":"Feature","properties":{"nameAr":"أيت تودرت","nameFr":"Ait-Toudert","wilayaCode":15,"code":1567},"geometry":{"type":"Polygon","coordinates":[[[4.187827848182882,36.6914],[4.174663924091441,36.70736040974735],[4.148336075908559,36.70736040974735],[4.135172151817119,36.6914],[4.148336075908559,36.67543959025265],[4.174663924091441,36.67543959025265],[4.187827848182882,36.6914]]]}},{"type":"Feature","properties":{"nameAr":"بني عيسي","nameFr":"Beni-Aissi","wilayaCode":15,"code":1515},"geometry":{"type":"Polygon","coordinates":[[[4.12109068399568,36.6636279],[4.10744534199784,36.68017199793884],[4.08015465800216,36.68017199793884],[4.0665093160043195,36.6636279],[4.08015465800216,36.64708380206116],[4.10744534199784,36.64708380206116],[4.12109068399568,36.6636279]]]}},{"type":"Feature","properties":{"nameAr":"واسيف","nameFr":"Ouacif","wilayaCode":15,"code":1548},"geometry":{"type":"Polygon","coordinates":[[[4.238842716794956,36.5245],[4.222201358397478,36.54467657477598],[4.188918641602522,36.54467657477598],[4.1722772832050445,36.5245],[4.188918641602522,36.50432342522403],[4.222201358397478,36.50432342522403],[4.238842716794956,36.5245]]]}},{"type":"Feature","properties":{"nameAr":"أيت خليلي","nameFr":"Ait Khellili","wilayaCode":15,"code":1558},"geometry":{"type":"Polygon","coordinates":[[[4.342476363566593,36.6664742],[4.3279381817832965,36.68410080864884],[4.298861818216703,36.68410080864884],[4.284323636433406,36.6664742],[4.298861818216703,36.64884759135116],[4.3279381817832965,36.64884759135116],[4.342476363566593,36.6664742]]]}},{"type":"Feature","properties":{"nameAr":"مقــلع","nameFr":"Mekla","wilayaCode":15,"code":1550},"geometry":{"type":"Polygon","coordinates":[[[4.2902448345985364,36.68178],[4.277173917299268,36.69762764500471],[4.251032082700733,36.69762764500471],[4.237961165401464,36.68178],[4.251032082700733,36.6659323549953],[4.277173917299268,36.6659323549953],[4.2902448345985364,36.68178]]]}},{"type":"Feature","properties":{"nameAr":"صوامـــع","nameFr":"Souama","wilayaCode":15,"code":1505},"geometry":{"type":"Polygon","coordinates":[[[4.373159773187907,36.6718],[4.3574133865939535,36.690891479131444],[4.325920613406047,36.690891479131444],[4.3101742268120935,36.6718],[4.325920613406047,36.65270852086855],[4.3574133865939535,36.65270852086855],[4.373159773187907,36.6718]]]}},{"type":"Feature","properties":{"nameAr":"بني يني","nameFr":"Beni-Yenni","wilayaCode":15,"code":1552},"geometry":{"type":"Polygon","coordinates":[[[4.2376059058568325,36.5752],[4.222622952928416,36.593365865003605],[4.192657047071584,36.593365865003605],[4.177674094143167,36.5752],[4.192657047071584,36.5570341349964],[4.222622952928416,36.5570341349964],[4.2376059058568325,36.5752]]]}},{"type":"Feature","properties":{"nameAr":"إبودرارن","nameFr":"Iboudrarene","wilayaCode":15,"code":1560},"geometry":{"type":"Polygon","coordinates":[[[4.317802135416556,36.529],[4.308206567708278,36.540634007558744],[4.289015432291722,36.540634007558744],[4.279419864583445,36.529],[4.289015432291722,36.51736599244126],[4.308206567708278,36.51736599244126],[4.317802135416556,36.529]]]}},{"type":"Feature","properties":{"nameAr":"تيزي وزو","nameFr":"Tizi-Ouzou","wilayaCode":15,"code":1501},"geometry":{"type":"Polygon","coordinates":[[[4.0814008120995835,36.733333],[4.065700406049792,36.752368730684395],[4.034299593950208,36.752368730684395],[4.018599187900416,36.733333],[4.034299593950208,36.71429726931561],[4.065700406049792,36.71429726931561],[4.0814008120995835,36.733333]]]}},{"type":"Feature","properties":{"nameAr":"أبي يوسف","nameFr":"Abi-Youcef","wilayaCode":15,"code":1531},"geometry":{"type":"Polygon","coordinates":[[[4.36456964797251,36.538333],[4.354229323986255,36.55086997655764],[4.333548676013745,36.55086997655764],[4.32320835202749,36.538333],[4.333548676013745,36.52579602344236],[4.354229323986255,36.52579602344236],[4.36456964797251,36.538333]]]}},{"type":"Feature","properties":{"nameAr":"عين الحمام","nameFr":"Ain-El-Hammam","wilayaCode":15,"code":1502},"geometry":{"type":"Polygon","coordinates":[[[4.327539754729037,36.57056],[4.319324877364519,36.580520009481305],[4.302895122635482,36.580520009481305],[4.294680245270963,36.57056],[4.302895122635482,36.560599990518696],[4.319324877364519,36.560599990518696],[4.327539754729037,36.57056]]]}},{"type":"Feature","properties":{"nameAr":"أيت يحيى","nameFr":"Ait-Yahia","wilayaCode":15,"code":1527},"geometry":{"type":"Polygon","coordinates":[[[4.3542444038543975,36.6066637],[4.342261201927199,36.62119256020269],[4.318294798072801,36.62119256020269],[4.306311596145602,36.6066637],[4.318294798072801,36.59213483979731],[4.342261201927199,36.59213483979731],[4.3542444038543975,36.6066637]]]}},{"type":"Feature","properties":{"nameAr":"اقبيل","nameFr":"Akbil","wilayaCode":15,"code":1503},"geometry":{"type":"Polygon","coordinates":[[[4.330769126947504,36.4995515],[4.317961663473752,36.51507972421684],[4.292346736526247,36.51507972421684],[4.279539273052495,36.4995515],[4.292346736526247,36.484023275783166],[4.317961663473752,36.484023275783166],[4.330769126947504,36.4995515]]]}},{"type":"Feature","properties":{"nameAr":"بوجيمة","nameFr":"Boudjima","wilayaCode":15,"code":1555},"geometry":{"type":"Polygon","coordinates":[[[4.184202428823475,36.802],[4.166151214411737,36.82388593434961],[4.130048785588263,36.82388593434961],[4.111997571176525,36.802],[4.130048785588263,36.78011406565039],[4.166151214411737,36.78011406565039],[4.184202428823475,36.802]]]}},{"type":"Feature","properties":{"nameAr":"ماكودة","nameFr":"Makouda","wilayaCode":15,"code":1509},"geometry":{"type":"Polygon","coordinates":[[[4.101146572581711,36.791944],[4.082073286290855,36.81506913064615],[4.043926713709144,36.81506913064615],[4.0248534274182886,36.791944],[4.043926713709144,36.76881886935385],[4.082073286290855,36.76881886935385],[4.101146572581711,36.791944]]]}},{"type":"Feature","properties":{"nameAr":"عين الزاوية","nameFr":"Ain-Zaouia","wilayaCode":15,"code":1525},"geometry":{"type":"Polygon","coordinates":[[[3.925475022708025,36.5504491],[3.9098175113540123,36.56943282362967],[3.8785024886459873,36.56943282362967],[3.862844977291975,36.5504491],[3.8785024886459873,36.531465376370335],[3.9098175113540123,36.531465376370335],[3.925475022708025,36.5504491]]]}},{"type":"Feature","properties":{"nameAr":"أيت يحي موسى","nameFr":"Ait Yahia Moussa","wilayaCode":15,"code":1556},"geometry":{"type":"Polygon","coordinates":[[[3.927104592837445,36.64111111],[3.9085522964187223,36.66360457399601],[3.871447703581278,36.66360457399601],[3.8528954071625554,36.64111111],[3.871447703581278,36.61861764600398],[3.9085522964187223,36.61861764600398],[3.927104592837445,36.64111111]]]}},{"type":"Feature","properties":{"nameAr":"ذراع الميزان","nameFr":"Draa-El-Mizan","wilayaCode":15,"code":1510},"geometry":{"type":"Polygon","coordinates":[[[3.8635174537870953,36.536],[3.8482587268935475,36.55450022316691],[3.817741273106453,36.55450022316691],[3.802482546212905,36.536],[3.817741273106453,36.51749977683309],[3.8482587268935475,36.51749977683309],[3.8635174537870953,36.536]]]}},{"type":"Feature","properties":{"nameAr":"فريقات","nameFr":"Frikat","wilayaCode":15,"code":1514},"geometry":{"type":"Polygon","coordinates":[[[4.012934202528783,36.4926443],[4.003828206264391,36.50368473372842],[3.9856162137356086,36.50368473372842],[3.9765102174712172,36.4926443],[3.9856162137356086,36.481603866271584],[4.003828206264391,36.481603866271584],[4.012934202528783,36.4926443]]]}},{"type":"Feature","properties":{"nameAr":"مكيرة","nameFr":"M'kira","wilayaCode":15,"code":1526},"geometry":{"type":"Polygon","coordinates":[[[4.0217325256570025,36.6253],[4.007671762828501,36.6423477689285],[3.979550237171499,36.6423477689285],[3.965489474342998,36.6253],[3.979550237171499,36.6082522310715],[4.007671762828501,36.6082522310715],[4.0217325256570025,36.6253]]]}},{"type":"Feature","properties":{"nameAr":"تيزي غنيف","nameFr":"Tizi-Gheniff","wilayaCode":15,"code":1511},"geometry":{"type":"Polygon","coordinates":[[[3.8102533887196466,36.58839],[3.7923516943598234,36.61009465092094],[3.7565483056401763,36.61009465092094],[3.738646611280353,36.58839],[3.7565483056401763,36.56668534907905],[3.7923516943598234,36.56668534907905],[3.8102533887196466,36.58839]]]}},{"type":"Feature","properties":{"nameAr":"يطــافن","nameFr":"Yatafene","wilayaCode":15,"code":1545},"geometry":{"type":"Polygon","coordinates":[[[4.3171181833810275,36.575278],[4.308009091690513,36.58632218673314],[4.289790908309486,36.58632218673314],[4.280681816618972,36.575278],[4.289790908309486,36.56423381326685],[4.308009091690513,36.56423381326685],[4.3171181833810275,36.575278]]]}},{"type":"Feature","properties":{"nameAr":"إيلـيــلتـن","nameFr":"Illilten","wilayaCode":15,"code":1533},"geometry":{"type":"Polygon","coordinates":[[[4.065759477745393,36.5167],[4.0577297388726965,36.52643554098932],[4.041670261127303,36.52643554098932],[4.033640522254606,36.5167],[4.041670261127303,36.50696445901068],[4.0577297388726965,36.50696445901068],[4.065759477745393,36.5167]]]}},{"type":"Feature","properties":{"nameAr":"إمســوحال","nameFr":"Imsouhal","wilayaCode":15,"code":1563},"geometry":{"type":"Polygon","coordinates":[[[4.4212241623693656,36.574444],[4.405612081184683,36.59337264247663],[4.374387918815317,36.59337264247663],[4.358775837630634,36.574444],[4.374387918815317,36.55551535752337],[4.405612081184683,36.55551535752337],[4.4212241623693656,36.574444]]]}},{"type":"Feature","properties":{"nameAr":"عزازقة","nameFr":"Azazga","wilayaCode":15,"code":1518},"geometry":{"type":"Polygon","coordinates":[[[4.403642088351348,36.74472],[4.387931044175674,36.76376862872656],[4.356508955824327,36.76376862872656],[4.340797911648653,36.74472],[4.356508955824327,36.72567137127344],[4.387931044175674,36.72567137127344],[4.403642088351348,36.74472]]]}},{"type":"Feature","properties":{"nameAr":"فريحة","nameFr":"Freha","wilayaCode":15,"code":1504},"geometry":{"type":"Polygon","coordinates":[[[4.350607114500704,36.76124],[4.335003557250352,36.78015830775549],[4.303796442749648,36.78015830775549],[4.288192885499296,36.76124],[4.303796442749648,36.74232169224451],[4.335003557250352,36.74232169224451],[4.350607114500704,36.76124]]]}},{"type":"Feature","properties":{"nameAr":"إيفيغاء","nameFr":"Ifigha","wilayaCode":15,"code":1541},"geometry":{"type":"Polygon","coordinates":[[[4.507853625057527,36.671389],[4.488787812528764,36.69450506919118],[4.450656187471236,36.69450506919118],[4.4315903749424725,36.671389],[4.450656187471236,36.648272930808815],[4.488787812528764,36.648272930808815],[4.507853625057527,36.671389]]]}},{"type":"Feature","properties":{"nameAr":"إعــكورن","nameFr":"Yakourene","wilayaCode":15,"code":1520},"geometry":{"type":"Polygon","coordinates":[[[4.476592188080715,36.7305],[4.457601594040357,36.75352487162067],[4.419620405959643,36.75352487162067],[4.400629811919285,36.7305],[4.419620405959643,36.70747512837933],[4.457601594040357,36.70747512837933],[4.476592188080715,36.7305]]]}},{"type":"Feature","properties":{"nameAr":"زكري","nameFr":"Zekri","wilayaCode":15,"code":1523},"geometry":{"type":"Polygon","coordinates":[[[4.602503791262549,36.78027778],[4.577801895631275,36.810227236793644],[4.5283981043687245,36.810227236793644],[4.50369620873745,36.78027778],[4.5283981043687245,36.750328323206354],[4.577801895631275,36.750328323206354],[4.602503791262549,36.78027778]]]}},{"type":"Feature","properties":{"nameAr":"أيت عقـواشة","nameFr":"Ait Aggouacha","wilayaCode":15,"code":1535},"geometry":{"type":"Polygon","coordinates":[[[4.253671909440597,36.617777],[4.241835954720299,36.63212733245214],[4.218164045279702,36.63212733245214],[4.206328090559404,36.617777],[4.218164045279702,36.60342666754785],[4.241835954720299,36.60342666754785],[4.253671909440597,36.617777]]]}},{"type":"Feature","properties":{"nameAr":"إيرجـــن","nameFr":"Irdjen","wilayaCode":15,"code":1507},"geometry":{"type":"Polygon","coordinates":[[[4.1671968194961435,36.6562],[4.153680909748071,36.67258716967592],[4.126649090251928,36.67258716967592],[4.113133180503856,36.6562],[4.126649090251928,36.639812830324075],[4.153680909748071,36.639812830324075],[4.1671968194961435,36.6562]]]}},{"type":"Feature","properties":{"nameAr":"الأربعــاء ناث إيراثن","nameFr":"Larbaa Nath Irathen","wilayaCode":15,"code":1521},"geometry":{"type":"Polygon","coordinates":[[[4.228120152722144,36.63667],[4.217414576361072,36.649649821527184],[4.196003423638928,36.649649821527184],[4.185297847277856,36.63667],[4.196003423638928,36.62369017847282],[4.217414576361072,36.62369017847282],[4.228120152722144,36.63667]]]}},{"type":"Feature","properties":{"nameAr":"أيت أومالو","nameFr":"Ait-Oumalou","wilayaCode":15,"code":1542},"geometry":{"type":"Polygon","coordinates":[[[4.249425707125402,36.6586389],[4.238817503562701,36.67150066328334],[4.217601096437298,36.67150066328334],[4.206992892874597,36.6586389],[4.217601096437298,36.64577713671666],[4.238817503562701,36.64577713671666],[4.249425707125402,36.6586389]]]}},{"type":"Feature","properties":{"nameAr":"تيزي راشد","nameFr":"Tizi-Rached","wilayaCode":15,"code":1522},"geometry":{"type":"Polygon","coordinates":[[[4.230742077630894,36.6799518],[4.219735338815447,36.69329676159779],[4.197721861184553,36.69329676159779],[4.1867151223691055,36.6799518],[4.197721861184553,36.6666068384022],[4.219735338815447,36.6666068384022],[4.230742077630894,36.6799518]]]}},{"type":"Feature","properties":{"nameAr":"أيت عيسى ميمون","nameFr":"Ait-Aissa-Mimoun","wilayaCode":15,"code":1539},"geometry":{"type":"Polygon","coordinates":[[[4.144939000855788,36.7486964],[4.130269500427894,36.76648222404393],[4.100930499572105,36.76648222404393],[4.086260999144211,36.7486964],[4.100930499572105,36.73091057595607],[4.130269500427894,36.73091057595607],[4.144939000855788,36.7486964]]]}},{"type":"Feature","properties":{"nameAr":"واقنون","nameFr":"Ouaguenoun","wilayaCode":15,"code":1524},"geometry":{"type":"Polygon","coordinates":[[[4.2079363757067645,36.758895],[4.191329187853382,36.77903014519303],[4.158114812146618,36.77903014519303],[4.141507624293236,36.758895],[4.158114812146618,36.73875985480697],[4.191329187853382,36.73875985480697],[4.2079363757067645,36.758895]]]}},{"type":"Feature","properties":{"nameAr":"تيمـيزار","nameFr":"Timizart","wilayaCode":15,"code":1508},"geometry":{"type":"Polygon","coordinates":[[[4.306236298498564,36.8],[4.286468149249282,36.82396760720995],[4.246931850750718,36.82396760720995],[4.2271637015014365,36.8],[4.246931850750718,36.77603239279004],[4.286468149249282,36.77603239279004],[4.306236298498564,36.8]]]}},{"type":"Feature","properties":{"nameAr":"معـــاتقة","nameFr":"Maatkas","wilayaCode":15,"code":1529},"geometry":{"type":"Polygon","coordinates":[[[3.9865103684991396,36.6194358],[3.97187388424957,36.6371815940551],[3.94260091575043,36.6371815940551],[3.92796443150086,36.6194358],[3.94260091575043,36.601690005944896],[3.97187388424957,36.601690005944896],[3.9865103684991396,36.6194358]]]}},{"type":"Feature","properties":{"nameAr":"سوق الإثنين","nameFr":"Souk-El-Tenine","wilayaCode":15,"code":1557},"geometry":{"type":"Polygon","coordinates":[[[5.361832169187986,36.6194358],[5.348926834593993,36.63508268664383],[5.323116165406008,36.63508268664383],[5.310210830812014,36.6194358],[5.323116165406008,36.60378891335617],[5.348926834593993,36.60378891335617],[5.361832169187986,36.6194358]]]}},{"type":"Feature","properties":{"nameAr":"أيت محمود","nameFr":"Ait-Mahmoud","wilayaCode":15,"code":1528},"geometry":{"type":"Polygon","coordinates":[[[4.008643510772001,36.508394],[4.000915255386,36.517764011687696],[3.9854587446139993,36.517764011687696],[3.9777304892279988,36.508394],[3.9854587446139993,36.49902398831231],[4.000915255386,36.49902398831231],[4.008643510772001,36.508394]]]}},{"type":"Feature","properties":{"nameAr":"بنــــي زمنزار","nameFr":"Beni Zmenzer","wilayaCode":15,"code":1516},"geometry":{"type":"Polygon","coordinates":[[[4.069422288621872,36.64775],[4.055721144310936,36.664361754647864],[4.028318855689064,36.664361754647864],[4.014617711378128,36.64775],[4.028318855689064,36.63113824535214],[4.055721144310936,36.63113824535214],[4.069422288621872,36.64775]]]}},{"type":"Feature","properties":{"nameAr":"إفــرحــونان","nameFr":"Iferhounene","wilayaCode":15,"code":1517},"geometry":{"type":"Polygon","coordinates":[[[4.414745556691158,36.51667],[4.399037778345579,36.535714669118],[4.367622221654421,36.535714669118],[4.351914443308842,36.51667],[4.367622221654421,36.497625330881995],[4.399037778345579,36.497625330881995],[4.414745556691158,36.51667]]]}},{"type":"Feature","properties":{"nameAr":"بوزقــن","nameFr":"Bouzeguene","wilayaCode":15,"code":1534},"geometry":{"type":"Polygon","coordinates":[[[4.518880913054991,36.6167048],[4.499365356527496,36.64036615481052],[4.460334243472505,36.64036615481052],[4.4408186869450095,36.6167048],[4.460334243472505,36.59304344518948],[4.499365356527496,36.59304344518948],[4.518880913054991,36.6167048]]]}},{"type":"Feature","properties":{"nameAr":"حسين داي","nameFr":"Hussein Dey","wilayaCode":16,"code":1617},"geometry":{"type":"Polygon","coordinates":[[[3.101652631632834,36.744147],[3.096830315816417,36.74999374720292],[3.0871856841835825,36.74999374720292],[3.0823633683671656,36.744147],[3.0871856841835825,36.738300252797075],[3.096830315816417,36.738300252797075],[3.101652631632834,36.744147]]]}},{"type":"Feature","properties":{"nameAr":"الكاليتوس","nameFr":"Les Eucalyptus","wilayaCode":16,"code":1633},"geometry":{"type":"Polygon","coordinates":[[[3.1961744222389945,36.6664],[3.1820500611194973,36.683524877758394],[3.153801338880503,36.683524877758394],[3.1396769777610056,36.6664],[3.153801338880503,36.64927512224161],[3.1820500611194973,36.64927512224161],[3.1961744222389945,36.6664]]]}},{"type":"Feature","properties":{"nameAr":"سيدي موسى","nameFr":"Sidi Moussa","wilayaCode":16,"code":1637},"geometry":{"type":"Polygon","coordinates":[[[3.1169461156326492,36.605556],[3.102473057816325,36.62310365003513],[3.0735269421836753,36.62310365003513],[3.059053884367351,36.605556],[3.0735269421836753,36.58800834996487],[3.102473057816325,36.58800834996487],[3.1169461156326492,36.605556]]]}},{"type":"Feature","properties":{"nameAr":"القبة","nameFr":"Kouba","wilayaCode":16,"code":1618},"geometry":{"type":"Polygon","coordinates":[[[3.0953709268924072,36.74413],[3.0909224634462036,36.7495234752931],[3.0820255365537963,36.7495234752931],[3.0775770731075927,36.74413],[3.0820255365537963,36.738736524706894],[3.0909224634462036,36.738736524706894],[3.0953709268924072,36.74413]]]}},{"type":"Feature","properties":{"nameAr":"محمد بلوزداد","nameFr":"Mohamed Belouzdad","wilayaCode":16,"code":1604},"geometry":{"type":"Polygon","coordinates":[[[3.078165236382596,36.7505682],[3.074153618191298,36.75543202856952],[3.0661303818087022,36.75543202856952],[3.0621187636174043,36.7505682],[3.0661303818087022,36.74570437143047],[3.074153618191298,36.74570437143047],[3.078165236382596,36.7505682]]]}},{"type":"Feature","properties":{"nameAr":"عين طاية","nameFr":"Ain Taya","wilayaCode":16,"code":1641},"geometry":{"type":"Polygon","coordinates":[[[3.3128177282949407,36.7852529],[3.2998588641474704,36.80096468777826],[3.27394113585253,36.80096468777826],[3.2609822717050596,36.7852529],[3.27394113585253,36.769541112221745],[3.2998588641474704,36.769541112221745],[3.3128177282949407,36.7852529]]]}},{"type":"Feature","properties":{"nameAr":"باب الزوار","nameFr":"Bab Ezzouar","wilayaCode":16,"code":1621},"geometry":{"type":"Polygon","coordinates":[[[3.202540450020539,36.7206251],[3.1939202250102694,36.731076567383326],[3.17667977498973,36.731076567383326],[3.1680595499794606,36.7206251],[3.17667977498973,36.71017363261667],[3.1939202250102694,36.71017363261667],[3.202540450020539,36.7206251]]]}},{"type":"Feature","properties":{"nameAr":"برج الكيفان","nameFr":"Bordj El Kiffan","wilayaCode":16,"code":1630},"geometry":{"type":"Polygon","coordinates":[[[3.2093008203201765,36.74871],[3.200895410160088,36.758901018219014],[3.1840845898399115,36.758901018219014],[3.175679179679823,36.74871],[3.1840845898399115,36.73851898178099],[3.200895410160088,36.73851898178099],[3.2093008203201765,36.74871]]]}},{"type":"Feature","properties":{"nameAr":"الدار البيضاء","nameFr":"Dar El Beida","wilayaCode":16,"code":1620},"geometry":{"type":"Polygon","coordinates":[[[3.2342428671651353,36.7133],[3.2233714335825674,36.72648091272128],[3.2016285664174324,36.72648091272128],[3.1907571328348645,36.7133],[3.2016285664174324,36.700119087278715],[3.2233714335825674,36.700119087278715],[3.2342428671651353,36.7133]]]}},{"type":"Feature","properties":{"nameAr":"المرسى","nameFr":"El Marsa","wilayaCode":16,"code":1643},"geometry":{"type":"Polygon","coordinates":[[[3.2811376472854903,36.8111249],[3.267929823642745,36.827138535124654],[3.241514176357255,36.827138535124654],[3.22830635271451,36.8111249],[3.241514176357255,36.79511126487535],[3.267929823642745,36.79511126487535],[3.2811376472854903,36.8111249]]]}},{"type":"Feature","properties":{"nameAr":"المحمدية","nameFr":"Mohammadia","wilayaCode":16,"code":1629},"geometry":{"type":"Polygon","coordinates":[[[3.170038506825311,36.7349528],[3.1614538534126555,36.745361139113264],[3.1442845465873446,36.745361139113264],[3.135699893174689,36.7349528],[3.1442845465873446,36.72454446088674],[3.1614538534126555,36.72454446088674],[3.170038506825311,36.7349528]]]}},{"type":"Feature","properties":{"nameAr":"بئر توتة","nameFr":"Bir Touta","wilayaCode":16,"code":1636},"geometry":{"type":"Polygon","coordinates":[[[3.02176346050156,36.62815],[3.01032673025078,36.64201629850677],[2.9874532697492198,36.64201629850677],[2.9760165394984397,36.62815],[2.9874532697492198,36.61428370149323],[3.01032673025078,36.61428370149323],[3.02176346050156,36.62815]]]}},{"type":"Feature","properties":{"nameAr":"اولاد شبل","nameFr":"Ouled Chebel","wilayaCode":16,"code":1635},"geometry":{"type":"Polygon","coordinates":[[[3.010927032558449,36.6044691],[2.9992417662792246,36.618636732426914],[2.9758712337207758,36.618636732426914],[2.9641859674415514,36.6044691],[2.9758712337207758,36.59030146757309],[2.9992417662792246,36.59030146757309],[3.010927032558449,36.6044691]]]}},{"type":"Feature","properties":{"nameAr":"تسالة المرجة","nameFr":"Tessala El Merdja","wilayaCode":16,"code":1634},"geometry":{"type":"Polygon","coordinates":[[[2.9469881751224363,36.6222556],[2.934788737561218,36.637046631975856],[2.9103898624387816,36.637046631975856],[2.8981904248775634,36.6222556],[2.9103898624387816,36.60746456802415],[2.934788737561218,36.60746456802415],[2.9469881751224363,36.6222556]]]}},{"type":"Feature","properties":{"nameAr":"هراوة","nameFr":"Herraoua","wilayaCode":16,"code":1639},"geometry":{"type":"Polygon","coordinates":[[[3.273867363569571,36.77278],[3.2634616817847855,36.78539621867705],[3.2426503182152144,36.78539621867705],[3.232244636430429,36.77278],[3.2426503182152144,36.760163781322944],[3.2634616817847855,36.760163781322944],[3.273867363569571,36.77278]]]}},{"type":"Feature","properties":{"nameAr":"رغاية","nameFr":"Reghaia","wilayaCode":16,"code":1640},"geometry":{"type":"Polygon","coordinates":[[[3.365278039603671,36.7359],[3.3527390198018354,36.751102753561725],[3.3276609801981643,36.751102753561725],[3.3151219603963287,36.7359],[3.3276609801981643,36.72069724643828],[3.3527390198018354,36.72069724643828],[3.365278039603671,36.7359]]]}},{"type":"Feature","properties":{"nameAr":"الرويبة","nameFr":"Rouiba","wilayaCode":16,"code":1638},"geometry":{"type":"Polygon","coordinates":[[[3.306421591255992,36.7259091],[3.2936057956279963,36.741447426416975],[3.267974204372004,36.741447426416975],[3.255158408744008,36.7259091],[3.267974204372004,36.71037077358303],[3.2936057956279963,36.71037077358303],[3.306421591255992,36.7259091]]]}},{"type":"Feature","properties":{"nameAr":"المعالمة","nameFr":"Maalma","wilayaCode":16,"code":1646},"geometry":{"type":"Polygon","coordinates":[[[3.0554161092613605,36.6194358],[3.04298605463068,36.63450644031283],[3.0181259453693197,36.63450644031283],[3.005695890738639,36.6194358],[3.0181259453693197,36.60436515968716],[3.04298605463068,36.60436515968716],[3.0554161092613605,36.6194358]]]}},{"type":"Feature","properties":{"nameAr":"الرحمانية","nameFr":"Rahmania","wilayaCode":16,"code":1650},"geometry":{"type":"Polygon","coordinates":[[[2.92831909863965,36.680833],[2.917159549319825,36.69436323448806],[2.8948404506801753,36.69436323448806],[2.8836809013603504,36.680833],[2.8948404506801753,36.66730276551194],[2.917159549319825,36.66730276551194],[2.92831909863965,36.680833]]]}},{"type":"Feature","properties":{"nameAr":"سويدانية","nameFr":"Souidania","wilayaCode":16,"code":1655},"geometry":{"type":"Polygon","coordinates":[[[2.9250929113190685,36.7089832],[2.913855055659534,36.722608375879304],[2.8913793443404656,36.722608375879304],[2.8801414886809313,36.7089832],[2.8913793443404656,36.695358024120694],[2.913855055659534,36.695358024120694],[2.9250929113190685,36.7089832]]]}},{"type":"Feature","properties":{"nameAr":"سطاوالي","nameFr":"Staoueli","wilayaCode":16,"code":1653},"geometry":{"type":"Polygon","coordinates":[[[2.9209525880480176,36.753333],[2.9076982940240086,36.76940297746763],[2.8811897059759914,36.76940297746763],[2.8679354119519824,36.753333],[2.8811897059759914,36.73726302253237],[2.9076982940240086,36.73726302253237],[2.9209525880480176,36.753333]]]}},{"type":"Feature","properties":{"nameAr":"زرالدة","nameFr":"Zeralda","wilayaCode":16,"code":1644},"geometry":{"type":"Polygon","coordinates":[[[2.8602819487438955,36.6946148],[2.844039124371948,36.71430817794944],[2.8115534756280525,36.71430817794944],[2.795310651256105,36.6946148],[2.8115534756280525,36.67492142205055],[2.844039124371948,36.67492142205055],[2.8602819487438955,36.6946148]]]}},{"type":"Feature","properties":{"nameAr":"بابا حسن","nameFr":"Baba Hassen","wilayaCode":16,"code":1647},"geometry":{"type":"Polygon","coordinates":[[[2.9873301578764075,36.694697],[2.9796650789382038,36.70399041431549],[2.964334921061796,36.70399041431549],[2.9566698421235924,36.694697],[2.964334921061796,36.685403585684504],[2.9796650789382038,36.685403585684504],[2.9873301578764075,36.694697]]]}},{"type":"Feature","properties":{"nameAr":"الدويرة","nameFr":"Douira","wilayaCode":16,"code":1648},"geometry":{"type":"Polygon","coordinates":[[[2.94826104806981,36.67],[2.937922324034905,36.68253503671972],[2.9172448759650953,36.68253503671972],[2.9069061519301904,36.67],[2.9172448759650953,36.65746496328028],[2.937922324034905,36.65746496328028],[2.94826104806981,36.67]]]}},{"type":"Feature","properties":{"nameAr":"الدرارية","nameFr":"Draria","wilayaCode":16,"code":1649},"geometry":{"type":"Polygon","coordinates":[[[3.015386304781963,36.7172858],[3.0089739023909816,36.72506042471783],[2.9961490976090186,36.72506042471783],[2.989736695218037,36.7172858],[2.9961490976090186,36.70951117528217],[3.0089739023909816,36.70951117528217],[3.015386304781963,36.7172858]]]}},{"type":"Feature","properties":{"nameAr":"العاشور","nameFr":"El Achour","wilayaCode":16,"code":1654},"geometry":{"type":"Polygon","coordinates":[[[2.994172251004862,36.7285583],[2.988364075502431,36.73560033854864],[2.9767477244975686,36.73560033854864],[2.970939548995138,36.7285583],[2.9767477244975686,36.72151626145136],[2.988364075502431,36.72151626145136],[2.994172251004862,36.7285583]]]}},{"type":"Feature","properties":{"nameAr":"الخرايسية","nameFr":"Khraissia","wilayaCode":16,"code":1656},"geometry":{"type":"Polygon","coordinates":[[[2.9993841249127233,36.683333],[2.990742062456362,36.69381094387962],[2.9734579375436385,36.69381094387962],[2.9648158750872766,36.683333],[2.973457937543638,36.672855056120376],[2.990742062456362,36.672855056120376],[2.9993841249127233,36.683333]]]}},{"type":"Feature","properties":{"nameAr":"عين بنيان","nameFr":"Ain Benian","wilayaCode":16,"code":1657},"geometry":{"type":"Polygon","coordinates":[[[2.95796893388921,36.791944],[2.945880316944605,36.80660066911891],[2.921703083055395,36.80660066911891],[2.90961446611079,36.791944],[2.921703083055395,36.777287330881094],[2.945880316944605,36.777287330881094],[2.95796893388921,36.791944]]]}},{"type":"Feature","properties":{"nameAr":"الشراقة","nameFr":"Cheraga","wilayaCode":16,"code":1652},"geometry":{"type":"Polygon","coordinates":[[[2.97481458066157,36.7677],[2.9670272903307846,36.77714158775434],[2.951452709669215,36.77714158775434],[2.94366541933843,36.7677],[2.951452709669215,36.75825841224565],[2.9670272903307846,36.75825841224565],[2.97481458066157,36.7677]]]}},{"type":"Feature","properties":{"nameAr":"دالي ابراهيم","nameFr":"Dely Ibrahim","wilayaCode":16,"code":1623},"geometry":{"type":"Polygon","coordinates":[[[2.9920794710591,36.7528506],[2.98606763552955,36.76013956320875],[2.97404396447045,36.76013956320875],[2.9680321289409,36.7528506],[2.97404396447045,36.74556163679125],[2.98606763552955,36.74556163679125],[2.9920794710591,36.7528506]]]}},{"type":"Feature","properties":{"nameAr":"الحمامات","nameFr":"Hammamet","wilayaCode":16,"code":1624},"geometry":{"type":"Polygon","coordinates":[[[3.0202200991484687,36.8041635],[3.011810049574234,36.814360143209726],[2.994989950425766,36.814360143209726],[2.9865799008515315,36.8041635],[2.994989950425766,36.79396685679028],[3.011810049574234,36.79396685679028],[3.0202200991484687,36.8041635]]]}},{"type":"Feature","properties":{"nameAr":"اولاد فايت","nameFr":"Ouled Fayet","wilayaCode":16,"code":1651},"geometry":{"type":"Polygon","coordinates":[[[2.9654365342544606,36.7365],[2.9574402671272306,36.74619495865468],[2.9414477328727697,36.74619495865468],[2.9334514657455397,36.7365],[2.9414477328727697,36.72680504134532],[2.9574402671272306,36.72680504134532],[2.9654365342544606,36.7365]]]}},{"type":"Feature","properties":{"nameAr":"الجزائر الوسطى","nameFr":"Alger Centre","wilayaCode":16,"code":1601},"geometry":{"type":"Polygon","coordinates":[[[3.1038587813520064,36.76846],[3.097379390676003,36.77631584369705],[3.0844206093239968,36.77631584369705],[3.0779412186479935,36.76846],[3.0844206093239968,36.760604156302946],[3.097379390676003,36.760604156302946],[3.1038587813520064,36.76846]]]}},{"type":"Feature","properties":{"nameAr":"المدنية","nameFr":"El Madania","wilayaCode":16,"code":1603},"geometry":{"type":"Polygon","coordinates":[[[3.0771752456377897,36.7411788],[3.0730324228188945,36.74620170572636],[3.064746777181105,36.74620170572636],[3.06060395436221,36.7411788],[3.064746777181105,36.736155894273644],[3.0730324228188945,36.736155894273644],[3.0771752456377897,36.7411788]]]}},{"type":"Feature","properties":{"nameAr":"المرادية","nameFr":"El Mouradia","wilayaCode":16,"code":1627},"geometry":{"type":"Polygon","coordinates":[[[3.0573694163505665,36.7497677],[3.053112908175283,36.75492844189569],[3.044599891824717,36.75492844189569],[3.0403433836494336,36.7497677],[3.044599891824717,36.744606958104306],[3.053112908175283,36.744606958104306],[3.0573694163505665,36.7497677]]]}},{"type":"Feature","properties":{"nameAr":"سيدي امحمد","nameFr":"Sidi M'hamed","wilayaCode":16,"code":1602},"geometry":{"type":"Polygon","coordinates":[[[3.0640727388253075,36.7563368],[3.059594319412654,36.76176659497222],[3.0506374805873464,36.76176659497222],[3.0461590611746927,36.7563368],[3.0506374805873464,36.75090700502778],[3.059594319412654,36.75090700502778],[3.0640727388253075,36.7563368]]]}},{"type":"Feature","properties":{"nameAr":"السحاولة","nameFr":"Sehaoula","wilayaCode":16,"code":1645},"geometry":{"type":"Polygon","coordinates":[[[3.022786359482184,36.7046],[3.015652279741092,36.71324961200377],[3.0013841202589084,36.71324961200377],[2.9942500405178163,36.7046],[3.0013841202589084,36.69595038799623],[3.015652279741092,36.69595038799623],[3.022786359482184,36.7046]]]}},{"type":"Feature","properties":{"nameAr":"بولوغين بن زيري","nameFr":"Bologhine Ibnou Ziri","wilayaCode":16,"code":1606},"geometry":{"type":"Polygon","coordinates":[[[3.0516701511947786,36.80443],[3.045835075597389,36.811504653180485],[3.034164924402611,36.811504653180485],[3.0283298488052215,36.80443],[3.034164924402611,36.79735534681952],[3.045835075597389,36.79735534681952],[3.0516701511947786,36.80443]]]}},{"type":"Feature","properties":{"nameAr":"القصبة","nameFr":"Casbah","wilayaCode":16,"code":1607},"geometry":{"type":"Polygon","coordinates":[[[3.0695327330420605,36.7844961],[3.0642023665210303,36.79095882594617],[3.05354163347897,36.79095882594617],[3.0482112669579395,36.7844961],[3.05354163347897,36.77803337405383],[3.0642023665210303,36.77803337405383],[3.0695327330420605,36.7844961]]]}},{"type":"Feature","properties":{"nameAr":"وادي قريش","nameFr":"Oued Koriche","wilayaCode":16,"code":1608},"geometry":{"type":"Polygon","coordinates":[[[3.051355557561653,36.7836306],[3.0470267787808263,36.78887896534818],[3.038369221219174,36.78887896534818],[3.0340404424383474,36.7836306],[3.038369221219174,36.77838223465182],[3.0470267787808263,36.77838223465182],[3.051355557561653,36.7836306]]]}},{"type":"Feature","properties":{"nameAr":"الرايس حميدو","nameFr":"Rais Hamidou","wilayaCode":16,"code":1625},"geometry":{"type":"Polygon","coordinates":[[[3.2114526683301943,36.81784],[3.1957263341650974,36.83690716685353],[3.164273665834903,36.83690716685353],[3.148547331669806,36.81784],[3.164273665834903,36.798772833146465],[3.1957263341650974,36.798772833146465],[3.2114526683301943,36.81784]]]}},{"type":"Feature","properties":{"nameAr":"بئر مراد رايس","nameFr":"Bir Mourad Rais","wilayaCode":16,"code":1609},"geometry":{"type":"Polygon","coordinates":[[[3.054813706326017,36.7323254],[3.0499068531630082,36.73827464328853],[3.0400931468369916,36.73827464328853],[3.035186293673983,36.7323254],[3.0400931468369916,36.726376156711474],[3.0499068531630082,36.726376156711474],[3.054813706326017,36.7323254]]]}},{"type":"Feature","properties":{"nameAr":"بئر خادم","nameFr":"Birkhadem","wilayaCode":16,"code":1612},"geometry":{"type":"Polygon","coordinates":[[[3.061449994866481,36.71499],[3.05573499743324,36.72191906614365],[3.0443050025667597,36.72191906614365],[3.038590005133519,36.71499],[3.0443050025667597,36.70806093385635],[3.05573499743324,36.70806093385635],[3.061449994866481,36.71499]]]}},{"type":"Feature","properties":{"nameAr":"جسر قسنطينة","nameFr":"Djasr Kasentina","wilayaCode":16,"code":1626},"geometry":{"type":"Polygon","coordinates":[[[3.0736670410451836,36.6969],[3.066278020522592,36.70585871127431],[3.0514999794774083,36.70585871127431],[3.0441109589548168,36.6969],[3.0514999794774083,36.68794128872569],[3.066278020522592,36.68794128872569],[3.0736670410451836,36.6969]]]}},{"type":"Feature","properties":{"nameAr":"حيدرة","nameFr":"Hydra","wilayaCode":16,"code":1628},"geometry":{"type":"Polygon","coordinates":[[[3.0365793406347144,36.7409507],[3.030839670317357,36.74790968042585],[3.0193603296826432,36.74790968042585],[3.013620659365286,36.7409507],[3.0193603296826432,36.73399171957415],[3.030839670317357,36.73399171957415],[3.0365793406347144,36.7409507]]]}},{"type":"Feature","properties":{"nameAr":"المغارية","nameFr":"El Magharia","wilayaCode":16,"code":1631},"geometry":{"type":"Polygon","coordinates":[[[3.125389427038391,36.7319999],[3.1184386635191954,36.740427252896644],[3.104537136480805,36.740427252896644],[3.0975863729616093,36.7319999],[3.104537136480805,36.72357254710335],[3.1184386635191954,36.72357254710335],[3.125389427038391,36.7319999]]]}},{"type":"Feature","properties":{"nameAr":"ابن عكنون","nameFr":"Ben Aknoun","wilayaCode":16,"code":1622},"geometry":{"type":"Polygon","coordinates":[[[3.02322027961267,36.758895],[3.0166430398063353,36.7668694794627],[3.0034885601936647,36.7668694794627],[2.99691132038733,36.758895],[3.0034885601936647,36.750920520537306],[3.0166430398063353,36.750920520537306],[3.02322027961267,36.758895]]]}},{"type":"Feature","properties":{"nameAr":"بني مسوس","nameFr":"Beni Messous","wilayaCode":16,"code":1632},"geometry":{"type":"Polygon","coordinates":[[[2.9857577764245127,36.73962],[2.9801008882122564,36.74647861245746],[2.968787111787744,36.74647861245746],[2.9631302235754875,36.73962],[2.968787111787744,36.732761387542546],[2.9801008882122564,36.732761387542546],[2.9857577764245127,36.73962]]]}},{"type":"Feature","properties":{"nameAr":"بوزريعة","nameFr":"Bouzareah","wilayaCode":16,"code":1611},"geometry":{"type":"Polygon","coordinates":[[[3.029050127932344,36.79],[3.023375063966172,36.79688064938793],[3.012024936033828,36.79688064938793],[3.006349872067656,36.79],[3.012024936033828,36.78311935061207],[3.023375063966172,36.78311935061207],[3.029050127932344,36.79]]]}},{"type":"Feature","properties":{"nameAr":"الابيار","nameFr":"El Biar","wilayaCode":16,"code":1610},"geometry":{"type":"Polygon","coordinates":[[[3.040103723234307,36.7677],[3.0349018616171537,36.774006922030395],[3.0244981383828464,36.774006922030395],[3.0192962767656932,36.7677],[3.0244981383828464,36.7613930779696],[3.0349018616171537,36.7613930779696],[3.040103723234307,36.7677]]]}},{"type":"Feature","properties":{"nameAr":"باش جراح","nameFr":"Bachedjerah","wilayaCode":16,"code":1619},"geometry":{"type":"Polygon","coordinates":[[[3.080870149441765,36.7006],[3.0737850747208824,36.7091901965744],[3.0596149252791176,36.7091901965744],[3.052529850558235,36.7006],[3.0596149252791176,36.692009803425606],[3.0737850747208824,36.692009803425606],[3.080870149441765,36.7006]]]}},{"type":"Feature","properties":{"nameAr":"بوروبة","nameFr":"Bourouba","wilayaCode":16,"code":1616},"geometry":{"type":"Polygon","coordinates":[[[3.13395395853723,36.711707],[3.125226979268615,36.722287900042886],[3.1077730207313845,36.722287900042886],[3.0990460414627696,36.711707],[3.1077730207313845,36.70112609995711],[3.125226979268615,36.70112609995711],[3.13395395853723,36.711707]]]}},{"type":"Feature","properties":{"nameAr":"الحراش","nameFr":"El Harrach","wilayaCode":16,"code":1613},"geometry":{"type":"Polygon","coordinates":[[[3.739617925563876,36.7164],[3.727308962781938,36.731323824248754],[3.7026910372180617,36.731323824248754],[3.6903820744361235,36.7164],[3.7026910372180617,36.701476175751246],[3.727308962781938,36.701476175751246],[3.739617925563876,36.7164]]]}},{"type":"Feature","properties":{"nameAr":"وادي السمار","nameFr":"Oued Smar","wilayaCode":16,"code":1615},"geometry":{"type":"Polygon","coordinates":[[[3.1892879481105214,36.74472],[3.1807550850552606,36.755065546642015],[3.163689358944739,36.755065546642015],[3.155156495889478,36.74472],[3.163689358944739,36.73437445335799],[3.1807550850552606,36.73437445335799],[3.1892879481105214,36.74472]]]}},{"type":"Feature","properties":{"nameAr":"براقي","nameFr":"Baraki","wilayaCode":16,"code":1614},"geometry":{"type":"Polygon","coordinates":[[[3.1197408064358103,36.6667],[3.107920403217905,36.681031477257555],[3.084279596782095,36.681031477257555],[3.0724591935641894,36.6667],[3.084279596782095,36.65236852274244],[3.107920403217905,36.65236852274244],[3.1197408064358103,36.6667]]]}},{"type":"Feature","properties":{"nameAr":"برج البحري","nameFr":"Bordj El Bahri","wilayaCode":16,"code":1642},"geometry":{"type":"Polygon","coordinates":[[[3.243652172100326,36.779133],[3.233066086050163,36.79196794722453],[3.211893913949837,36.79196794722453],[3.201307827899674,36.779133],[3.211893913949837,36.766298052775475],[3.233066086050163,36.766298052775475],[3.243652172100326,36.779133]]]}},{"type":"Feature","properties":{"nameAr":"باب الوادي","nameFr":"Bab El Oued","wilayaCode":16,"code":1605},"geometry":{"type":"Polygon","coordinates":[[[3.059499588979717,36.790703],[3.0547497944898585,36.796461819767366],[3.045250205510141,36.796461819767366],[3.0405004110202825,36.790703],[3.045250205510141,36.784944180232635],[3.0547497944898585,36.784944180232635],[3.059499588979717,36.790703]]]}},{"type":"Feature","properties":{"nameAr":"حاسي العش","nameFr":"Hassi El Euch","wilayaCode":17,"code":1716},"geometry":{"type":"Polygon","coordinates":[[[3.364021317956825,35.15200699],[3.3062364024784126,35.222067476663774],[3.1906665715215876,35.222067476663774],[3.132881656043175,35.15200699],[3.1906665715215876,35.08194650333622],[3.3062364024784126,35.08194650333622],[3.364021317956825,35.15200699]]]}},{"type":"Feature","properties":{"nameAr":"عين الإبل","nameFr":"Ain El Ibel","wilayaCode":17,"code":1730},"geometry":{"type":"Polygon","coordinates":[[[3.3247370409608683,34.35472],[3.2743185204804344,34.4158492073802],[3.173481479519566,34.4158492073802],[3.1230629590391317,34.35472],[3.1734814795195656,34.2935907926198],[3.2743185204804344,34.2935907926198],[3.3247370409608683,34.35472]]]}},{"type":"Feature","properties":{"nameAr":"القديد","nameFr":"El Guedid","wilayaCode":17,"code":1703},"geometry":{"type":"Polygon","coordinates":[[[2.7313973832285194,34.64650126],[2.6738237451142597,34.71630558647334],[2.55867646888574,34.71630558647334],[2.5011028307714804,34.64650126],[2.55867646888574,34.57669693352666],[2.6738237451142597,34.57669693352666],[2.7313973832285194,34.64650126]]]}},{"type":"Feature","properties":{"nameAr":"الشارف","nameFr":"Charef","wilayaCode":17,"code":1726},"geometry":{"type":"Polygon","coordinates":[[[2.9098104268679172,34.621],[2.855460213433959,34.68689613174888],[2.746759786566041,34.68689613174888],[2.6924095731320827,34.621],[2.746759786566041,34.55510386825112],[2.855460213433959,34.55510386825112],[2.9098104268679172,34.621]]]}},{"type":"Feature","properties":{"nameAr":"بن يعقوب","nameFr":"Benyagoub","wilayaCode":17,"code":1727},"geometry":{"type":"Polygon","coordinates":[[[2.882590324458167,34.46649223],[2.8333338667290837,34.52621251117135],[2.7348209512709167,34.52621251117135],[2.685564493541833,34.46649223],[2.7348209512709163,34.40677194882865],[2.8333338667290837,34.40677194882865],[2.882590324458167,34.46649223]]]}},{"type":"Feature","properties":{"nameAr":"سيدي بايزيد","nameFr":"Sidi Baizid","wilayaCode":17,"code":1712},"geometry":{"type":"Polygon","coordinates":[[[3.5450419500790087,35.058055],[3.4877989750395044,35.127458418801375],[3.373313024960496,35.127458418801375],[3.3160700499209916,35.058055],[3.373313024960496,34.98865158119863],[3.4877989750395044,34.98865158119863],[3.5450419500790087,35.058055]]]}},{"type":"Feature","properties":{"nameAr":"مليليحة","nameFr":"M'liliha","wilayaCode":17,"code":1713},"geometry":{"type":"Polygon","coordinates":[[[3.8645549871975704,34.71228784],[3.8150046915987854,34.772364380655006],[3.7159041004012145,34.772364380655006],[3.6663538048024296,34.71228784],[3.7159041004012145,34.652211299345],[3.8150046915987854,34.652211299345],[3.8645549871975704,34.71228784]]]}},{"type":"Feature","properties":{"nameAr":"دار الشيوخ","nameFr":"Dar Chioukh","wilayaCode":17,"code":1725},"geometry":{"type":"Polygon","coordinates":[[[3.597781410672149,34.9],[3.5405407053360745,34.96940066693221],[3.4260592946639252,34.96940066693221],[3.3688185893278506,34.9],[3.4260592946639252,34.83059933306779],[3.5405407053360745,34.83059933306779],[3.597781410672149,34.9]]]}},{"type":"Feature","properties":{"nameAr":"تعظميت","nameFr":"Taadmit","wilayaCode":17,"code":1736},"geometry":{"type":"Polygon","coordinates":[[[3.1020276309942694,34.286667],[3.0453193154971347,34.35542217855688],[2.9319026845028655,34.35542217855688],[2.875194369005731,34.286667],[2.9319026845028655,34.217911821443124],[3.0453193154971347,34.217911821443124],[3.1020276309942694,34.286667]]]}},{"type":"Feature","properties":{"nameAr":"زكار","nameFr":"Zaccar","wilayaCode":17,"code":1710},"geometry":{"type":"Polygon","coordinates":[[[3.429659660564496,34.430832],[3.3784408302822477,34.49293153144718],[3.276003169717752,34.49293153144718],[3.224784339435504,34.430832],[3.276003169717752,34.368732468552835],[3.3784408302822477,34.36873246855283],[3.429659660564496,34.430832]]]}},{"type":"Feature","properties":{"nameAr":"دويس","nameFr":"Douis","wilayaCode":17,"code":1715},"geometry":{"type":"Polygon","coordinates":[[[2.799473220742896,34.3683656],[2.750274408871448,34.42801598928336],[2.651876785128552,34.42801598928336],[2.602677973257104,34.3683656],[2.651876785128552,34.308715210716635],[2.750274408871448,34.308715210716635],[2.799473220742896,34.3683656]]]}},{"type":"Feature","properties":{"nameAr":"الادريسية","nameFr":"El Idrissia","wilayaCode":17,"code":1714},"geometry":{"type":"Polygon","coordinates":[[[2.6290854543142923,34.4548511],[2.5769151771571464,34.51810419947679],[2.4725746228428536,34.51810419947679],[2.4204043456857076,34.4548511],[2.4725746228428536,34.39159800052321],[2.5769151771571464,34.39159800052321],[2.6290854543142923,34.4548511]]]}},{"type":"Feature","properties":{"nameAr":"عين الشهداء","nameFr":"Ain Chouhada","wilayaCode":17,"code":1723},"geometry":{"type":"Polygon","coordinates":[[[2.634635870502732,34.2413281],[2.578452435251366,34.30944689507938],[2.466085564748634,34.30944689507938],[2.4099021294972682,34.2413281],[2.466085564748634,34.17320930492061],[2.578452435251366,34.17320930492061],[2.634635870502732,34.2413281]]]}},{"type":"Feature","properties":{"nameAr":"الجلفة","nameFr":"Djelfa","wilayaCode":17,"code":1701},"geometry":{"type":"Polygon","coordinates":[[[3.3745113724711797,34.67279],[3.3122556862355896,34.748271008134076],[3.1877443137644104,34.748271008134076],[3.1254886275288203,34.67279],[3.18774431376441,34.59730899186592],[3.3122556862355896,34.59730899186592],[3.3745113724711797,34.67279]]]}},{"type":"Feature","properties":{"nameAr":"زعفران","nameFr":"Zaafrane","wilayaCode":17,"code":1728},"geometry":{"type":"Polygon","coordinates":[[[2.989869630258524,34.850833],[2.9234068151292623,34.93141488083256],[2.7904811848707376,34.93141488083256],[2.7240183697414757,34.850833],[2.7904811848707376,34.77025111916744],[2.9234068151292623,34.77025111916744],[2.989869630258524,34.850833]]]}},{"type":"Feature","properties":{"nameAr":"عين معبد","nameFr":"Ain Maabed","wilayaCode":17,"code":1705},"geometry":{"type":"Polygon","coordinates":[[[3.263252063569372,34.8056891],[3.1982926967846863,34.88444814658901],[3.068373963215314,34.88444814658901],[3.0034145964306282,34.8056891],[3.068373963215314,34.726930053410996],[3.1982926967846863,34.726930053410996],[3.263252063569372,34.8056891]]]}},{"type":"Feature","properties":{"nameAr":"حاسي بحبح","nameFr":"Hassi Bahbah","wilayaCode":17,"code":1704},"geometry":{"type":"Polygon","coordinates":[[[3.157664374556958,35.0782285],[3.093682187278479,35.155802779402],[2.9657178127215214,35.155802779402],[2.901735625443042,35.0782285],[2.965717812721521,35.000654220598],[3.093682187278479,35.000654220598],[3.157664374556958,35.0782285]]]}},{"type":"Feature","properties":{"nameAr":"مجبارة","nameFr":"Moudjebara","wilayaCode":17,"code":1702},"geometry":{"type":"Polygon","coordinates":[[[3.5923789165605267,34.5040006],[3.5314074582802633,34.577924564487084],[3.4094645417197365,34.577924564487084],[3.348493083439473,34.5040006],[3.4094645417197365,34.43007663551291],[3.5314074582802633,34.43007663551291],[3.5923789165605267,34.5040006]]]}},{"type":"Feature","properties":{"nameAr":"جيجل","nameFr":"Jijel","wilayaCode":18,"code":1801},"geometry":{"type":"Polygon","coordinates":[[[5.825470296516871,36.82055],[5.7960851482584355,36.856177598840084],[5.737314851741565,36.856177598840084],[5.70792970348313,36.82055],[5.737314851741565,36.78492240115991],[5.7960851482584355,36.78492240115991],[5.825470296516871,36.82055]]]}},{"type":"Feature","properties":{"nameAr":"العوانة","nameFr":"El Aouana","wilayaCode":18,"code":1803},"geometry":{"type":"Polygon","coordinates":[[[5.689299092628994,36.7727264],[5.649649546314497,36.82079892009964],[5.570350453685504,36.82079892009964],[5.530700907371006,36.7727264],[5.570350453685504,36.724653879900366],[5.649649546314497,36.724653879900366],[5.689299092628994,36.7727264]]]}},{"type":"Feature","properties":{"nameAr":"سلمى بن زيادة","nameFr":"Selma Benziada","wilayaCode":18,"code":1818},"geometry":{"type":"Polygon","coordinates":[[[5.715083976231507,36.627222],[5.6816919881157535,36.66770763398756],[5.614908011884246,36.66770763398756],[5.581516023768493,36.627222],[5.614908011884246,36.586736366012445],[5.6816919881157535,36.586736366012445],[5.715083976231507,36.627222]]]}},{"type":"Feature","properties":{"nameAr":"أراقن سويسي","nameFr":"Erraguene Souissi","wilayaCode":18,"code":1802},"geometry":{"type":"Polygon","coordinates":[[[5.1328215631896175,36.5861111],[5.112414781594809,36.610853007778815],[5.071601218405191,36.610853007778815],[5.051194436810382,36.5861111],[5.071601218405191,36.56136919222118],[5.112414781594809,36.56136919222118],[5.1328215631896175,36.5861111]]]}},{"type":"Feature","properties":{"nameAr":"بوسيف أولاد عسكر","nameFr":"Boussif Ouled Askeur","wilayaCode":18,"code":1819},"geometry":{"type":"Polygon","coordinates":[[[6.066216032086929,36.6383],[6.042691516043465,36.66682195990752],[5.995642483956535,36.66682195990752],[5.972117967913071,36.6383],[5.995642483956535,36.60977804009248],[6.042691516043465,36.60977804009248],[6.066216032086929,36.6383]]]}},{"type":"Feature","properties":{"nameAr":"زيامة منصورية","nameFr":"Ziama Mansouriah","wilayaCode":18,"code":1804},"geometry":{"type":"Polygon","coordinates":[[[5.537870681792535,36.6737],[5.5095303408962675,36.70806083723531],[5.452849659103732,36.70806083723531],[5.424509318207464,36.6737],[5.452849659103732,36.639339162764685],[5.5095303408962675,36.639339162764685],[5.537870681792535,36.6737]]]}},{"type":"Feature","properties":{"nameAr":"الشحنة","nameFr":"Chahna","wilayaCode":18,"code":1808},"geometry":{"type":"Polygon","coordinates":[[[5.999043657223063,36.6793738],[5.9781235286115315,36.70473810795924],[5.936283271388469,36.70473810795924],[5.915363142776937,36.6793738],[5.936283271388469,36.654009492040764],[5.9781235286115315,36.654009492040764],[5.999043657223063,36.6793738]]]}},{"type":"Feature","properties":{"nameAr":"الامير عبد القادر","nameFr":"Emir Abdelkader","wilayaCode":18,"code":1806},"geometry":{"type":"Polygon","coordinates":[[[5.8870214462442805,36.751944],[5.86781622312214,36.775229095552774],[5.82940577687786,36.775229095552774],[5.8102005537557195,36.751944],[5.82940577687786,36.72865890444723],[5.86781622312214,36.72865890444723],[5.8870214462442805,36.751944]]]}},{"type":"Feature","properties":{"nameAr":"وجانة","nameFr":"Oudjana","wilayaCode":18,"code":1828},"geometry":{"type":"Polygon","coordinates":[[[5.925849071008168,36.6067],[5.907001635504084,36.62955130111981],[5.869306764495915,36.62955130111981],[5.850459328991832,36.6067],[5.869306764495915,36.58384869888018],[5.907001635504084,36.58384869888018],[5.925849071008168,36.6067]]]}},{"type":"Feature","properties":{"nameAr":"الطاهير","nameFr":"Taher","wilayaCode":18,"code":1805},"geometry":{"type":"Polygon","coordinates":[[[5.934432355750523,36.763],[5.916166177875262,36.78514656369803],[5.879633822124738,36.78514656369803],[5.861367644249476,36.763],[5.879633822124738,36.74085343630197],[5.916166177875262,36.74085343630197],[5.934432355750523,36.763]]]}},{"type":"Feature","properties":{"nameAr":"الشقفة","nameFr":"Chekfa","wilayaCode":18,"code":1807},"geometry":{"type":"Polygon","coordinates":[[[5.995295441039917,36.7714],[5.977347720519958,36.79316045467443],[5.941452279480041,36.79316045467443],[5.923504558960082,36.7714],[5.941452279480041,36.74963954532557],[5.977347720519958,36.74963954532557],[5.995295441039917,36.7714]]]}},{"type":"Feature","properties":{"nameAr":"القنار نشفي","nameFr":"El Kennar Nouchfi","wilayaCode":18,"code":1820},"geometry":{"type":"Polygon","coordinates":[[[6.005759370049127,36.8256803],[5.984265385024564,36.85174037188377],[5.941277414975437,36.85174037188377],[5.919783429950874,36.8256803],[5.941277414975437,36.79962022811623],[5.984265385024564,36.79962022811623],[6.005759370049127,36.8256803]]]}},{"type":"Feature","properties":{"nameAr":"سيدي عبد العزيز","nameFr":"Sidi Abdelaziz","wilayaCode":18,"code":1813},"geometry":{"type":"Polygon","coordinates":[[[6.094582421937155,36.85],[6.072291210968578,36.87702665697187],[6.027708789031422,36.87702665697187],[6.005417578062844,36.85],[6.027708789031422,36.82297334302813],[6.072291210968578,36.82297334302813],[6.094582421937155,36.85]]]}},{"type":"Feature","properties":{"nameAr":"الميلية","nameFr":"El Milia","wilayaCode":18,"code":1809},"geometry":{"type":"Polygon","coordinates":[[[6.315807653424468,36.7507275],[6.294153826712234,36.77698136963072],[6.250846173287766,36.77698136963072],[6.229192346575532,36.7507275],[6.250846173287766,36.72447363036929],[6.294153826712234,36.72447363036929],[6.315807653424468,36.7507275]]]}},{"type":"Feature","properties":{"nameAr":"أولاد يحيى خدروش","nameFr":"Ouled Yahia Khadrouch","wilayaCode":18,"code":1821},"geometry":{"type":"Polygon","coordinates":[[[6.237977684233909,36.717222],[6.219405492116955,36.73973958624815],[6.182261107883045,36.73973958624815],[6.163688915766091,36.717222],[6.182261107883045,36.69470441375185],[6.219405492116955,36.69470441375185],[6.237977684233909,36.717222]]]}},{"type":"Feature","properties":{"nameAr":"أولاد رابح","nameFr":"Ouled Rabah","wilayaCode":18,"code":1827},"geometry":{"type":"Polygon","coordinates":[[[6.201456588110585,36.568],[6.184578294055293,36.5884638439942],[6.150821705944707,36.5884638439942],[6.1339434118894145,36.568],[6.150821705944707,36.5475361560058],[6.184578294055293,36.5475361560058],[6.201456588110585,36.568]]]}},{"type":"Feature","properties":{"nameAr":"سيدي معروف","nameFr":"Sidi Marouf","wilayaCode":18,"code":1810},"geometry":{"type":"Polygon","coordinates":[[[6.311998985088128,36.6475],[6.292249492544064,36.67144498715702],[6.252750507455936,36.67144498715702],[6.2330010149118715,36.6475],[6.252750507455936,36.623555012842985],[6.292249492544064,36.623555012842985],[6.311998985088128,36.6475]]]}},{"type":"Feature","properties":{"nameAr":"غبالة","nameFr":"Ghebala","wilayaCode":18,"code":1815},"geometry":{"type":"Polygon","coordinates":[[[6.36869647006119,36.6284551],[6.348498235030594,36.652944158507346],[6.308101764969405,36.652944158507346],[6.287903529938809,36.6284551],[6.308101764969404,36.60396604149265],[6.348498235030594,36.60396604149265],[6.36869647006119,36.6284551]]]}},{"type":"Feature","properties":{"nameAr":"السطارة","nameFr":"Settara","wilayaCode":18,"code":1811},"geometry":{"type":"Polygon","coordinates":[[[6.375602144908533,36.719444],[6.355579072454267,36.743720685170096],[6.315532927545734,36.743720685170096],[6.295509855091468,36.719444],[6.315532927545734,36.69516731482991],[6.355579072454267,36.69516731482991],[6.375602144908533,36.719444]]]}},{"type":"Feature","properties":{"nameAr":"بوراوي بلهادف","nameFr":"Bouraoui Belhadef","wilayaCode":18,"code":1816},"geometry":{"type":"Polygon","coordinates":[[[6.141297854499146,36.6977238],[6.122815727249573,36.720132188399745],[6.085851472750428,36.720132188399745],[6.067369345500855,36.6977238],[6.085851472750428,36.67531541160025],[6.122815727249573,36.67531541160025],[6.141297854499146,36.6977238]]]}},{"type":"Feature","properties":{"nameAr":"العنصر","nameFr":"El Ancer","wilayaCode":18,"code":1812},"geometry":{"type":"Polygon","coordinates":[[[6.189853574187656,36.7989],[6.173531787093828,36.81868911516179],[6.140888212906172,36.81868911516179],[6.124566425812344,36.7989],[6.140888212906172,36.77911088483822],[6.173531787093828,36.77911088483822],[6.189853574187656,36.7989]]]}},{"type":"Feature","properties":{"nameAr":"خيري واد عجول","nameFr":"Khiri Oued Adjoul","wilayaCode":18,"code":1823},"geometry":{"type":"Polygon","coordinates":[[[6.173524864199478,36.81],[6.156762432099739,36.83032336883862],[6.123237567900261,36.83032336883862],[6.106475135800522,36.81],[6.123237567900261,36.789676631161385],[6.156762432099739,36.789676631161385],[6.173524864199478,36.81]]]}},{"type":"Feature","properties":{"nameAr":"جيملة","nameFr":"Djimla","wilayaCode":18,"code":1817},"geometry":{"type":"Polygon","coordinates":[[[5.921712868704645,36.58],[5.902939934352323,36.60276097327376],[5.865394065647677,36.60276097327376],[5.846621131295354,36.58],[5.865394065647677,36.557239026726236],[5.902939934352323,36.557239026726236],[5.921712868704645,36.58]]]}},{"type":"Feature","properties":{"nameAr":"قاوس","nameFr":"Kaous","wilayaCode":18,"code":1814},"geometry":{"type":"Polygon","coordinates":[[[5.856353721633946,36.7718],[5.834985260816973,36.79770788187018],[5.792248339183027,36.79770788187018],[5.770879878366054,36.7718],[5.792248339183027,36.74589211812982],[5.834985260816973,36.74589211812982],[5.856353721633946,36.7718]]]}},{"type":"Feature","properties":{"nameAr":"تاكسنة","nameFr":"Texenna","wilayaCode":18,"code":1824},"geometry":{"type":"Polygon","coordinates":[[[5.843528158529453,36.6605556],[5.817264079264727,36.692399103790365],[5.764735920735275,36.692399103790365],[5.738471841470548,36.6605556],[5.764735920735274,36.62871209620964],[5.817264079264727,36.62871209620964],[5.843528158529453,36.6605556]]]}},{"type":"Feature","properties":{"nameAr":"برج الطهر","nameFr":"Bordj T'har","wilayaCode":18,"code":1826},"geometry":{"type":"Polygon","coordinates":[[[6.0697971728844715,36.7558],[6.049669836442235,36.78020309853729],[6.009415163557764,36.78020309853729],[5.989287827115528,36.7558],[6.009415163557764,36.73139690146271],[6.049669836442235,36.73139690146271],[6.0697971728844715,36.7558]]]}},{"type":"Feature","properties":{"nameAr":"بودريعة بني ياجيس","nameFr":"Boudria Beniyadjis","wilayaCode":18,"code":1822},"geometry":{"type":"Polygon","coordinates":[[[5.001288099086137,36.599166],[4.987594049543069,36.61576915269897],[4.960205950456932,36.61576915269897],[4.946511900913864,36.599166],[4.960205950456932,36.58256284730103],[4.987594049543069,36.58256284730103],[5.001288099086137,36.599166]]]}},{"type":"Feature","properties":{"nameAr":"الجمعة بني حبيبي","nameFr":"Djemaa Beni Habibi","wilayaCode":18,"code":1825},"geometry":{"type":"Polygon","coordinates":[[[6.162782401525959,36.7091],[6.14609120076298,36.72933700543257],[6.112708799237021,36.72933700543257],[6.096017598474042,36.7091],[6.112708799237021,36.68886299456743],[6.14609120076298,36.68886299456743],[6.162782401525959,36.7091]]]}},{"type":"Feature","properties":{"nameAr":"الرصفة","nameFr":"Rosfa","wilayaCode":19,"code":1923},"geometry":{"type":"Polygon","coordinates":[[[5.319078414074046,35.810277],[5.292177707037023,35.84289237394336],[5.238376292962977,35.84289237394336],[5.211475585925954,35.810277],[5.238376292962977,35.77766162605664],[5.292177707037023,35.77766162605664],[5.319078414074046,35.810277]]]}},{"type":"Feature","properties":{"nameAr":"واد البارد","nameFr":"Oued El Bared","wilayaCode":19,"code":1957},"geometry":{"type":"Polygon","coordinates":[[[5.449883143341691,36.472317],[5.426041571670845,36.501223369426334],[5.378358428329154,36.501223369426334],[5.354516856658308,36.472317],[5.378358428329154,36.44341063057366],[5.426041571670845,36.44341063057366],[5.449883143341691,36.472317]]]}},{"type":"Feature","properties":{"nameAr":"تيزي نبشار","nameFr":"Tizi N'bechar","wilayaCode":19,"code":1938},"geometry":{"type":"Polygon","coordinates":[[[5.397309888881585,36.529],[5.378654944440792,36.55161791810868],[5.341345055559208,36.55161791810868],[5.3226901111184155,36.529],[5.341345055559208,36.506382081891324],[5.378654944440792,36.506382081891324],[5.397309888881585,36.529]]]}},{"type":"Feature","properties":{"nameAr":"مزلوق","nameFr":"Mezloug","wilayaCode":19,"code":1933},"geometry":{"type":"Polygon","coordinates":[[[5.44843197540063,36.10778],[5.4242159877003155,36.137140324736684],[5.375784012299685,36.137140324736684],[5.351568024599371,36.10778],[5.375784012299685,36.07841967526331],[5.4242159877003155,36.07841967526331],[5.44843197540063,36.10778]]]}},{"type":"Feature","properties":{"nameAr":"قلال","nameFr":"Guellal","wilayaCode":19,"code":1948},"geometry":{"type":"Polygon","coordinates":[[[5.372401530376946,36.0353],[5.3502007651884735,36.06221699729134],[5.305799234811527,36.06221699729134],[5.283598469623055,36.0353],[5.305799234811527,36.00838300270866],[5.3502007651884735,36.00838300270866],[5.372401530376946,36.0353]]]}},{"type":"Feature","properties":{"nameAr":"قصر الابطال","nameFr":"Kasr El Abtal","wilayaCode":19,"code":1952},"geometry":{"type":"Polygon","coordinates":[[[5.3327458685526645,35.974167],[5.310422934276332,36.00123211943844],[5.265777065723668,36.00123211943844],[5.2434541314473355,35.974167],[5.265777065723668,35.94710188056156],[5.310422934276332,35.94710188056156],[5.3327458685526645,35.974167]]]}},{"type":"Feature","properties":{"nameAr":"أولاد سي أحمد","nameFr":"Ouled Si Ahmed","wilayaCode":19,"code":1904},"geometry":{"type":"Polygon","coordinates":[[[5.217119384784073,35.901111],[5.1905899423920365,35.93327623948363],[5.137531057607963,35.93327623948363],[5.111001615215926,35.901111],[5.137531057607963,35.86894576051637],[5.1905899423920365,35.86894576051637],[5.217119384784073,35.901111]]]}},{"type":"Feature","properties":{"nameAr":"أيت نوال مزادة","nameFr":"Ait Naoual Mezada","wilayaCode":19,"code":1951},"geometry":{"type":"Polygon","coordinates":[[[5.124601157941684,36.54217],[5.1073205789708425,36.56312158853319],[5.072759421029159,36.56312158853319],[5.055478842058316,36.54217],[5.072759421029158,36.521218411466805],[5.1073205789708425,36.521218411466805],[5.124601157941684,36.54217]]]}},{"type":"Feature","properties":{"nameAr":"ايت تيزي","nameFr":"Ait-Tizi","wilayaCode":19,"code":1954},"geometry":{"type":"Polygon","coordinates":[[[5.347488863223343,36.1247],[5.322094431611672,36.155489112046524],[5.271305568388329,36.155489112046524],[5.245911136776658,36.1247],[5.271305568388329,36.09391088795347],[5.322094431611672,36.09391088795347],[5.347488863223343,36.1247]]]}},{"type":"Feature","properties":{"nameAr":"بوعنداس","nameFr":"Bouandas","wilayaCode":19,"code":1930},"geometry":{"type":"Polygon","coordinates":[[[5.133837857920199,36.494722],[5.1178689289601,36.51408329741095],[5.0859310710399,36.51408329741095],[5.069962142079801,36.494722],[5.0859310710399,36.47536070258906],[5.1178689289601,36.47536070258906],[5.133837857920199,36.494722]]]}},{"type":"Feature","properties":{"nameAr":"بوسلام","nameFr":"Bousselam","wilayaCode":19,"code":1919},"geometry":{"type":"Polygon","coordinates":[[[5.069566292405382,36.498889],[5.053683146202691,36.51814629134497],[5.0219168537973085,36.51814629134497],[5.006033707594618,36.498889],[5.0219168537973085,36.47963170865503],[5.053683146202691,36.47963170865503],[5.069566292405382,36.498889]]]}},{"type":"Feature","properties":{"nameAr":"حمام السخنة","nameFr":"Hamam Soukhna","wilayaCode":19,"code":1932},"geometry":{"type":"Polygon","coordinates":[[[5.869888392424242,35.976944],[5.83938869621212,36.01392291641837],[5.778389303787879,36.01392291641837],[5.7478896075757575,35.976944],[5.778389303787879,35.93996508358163],[5.83938869621212,35.93996508358163],[5.869888392424242,35.976944]]]}},{"type":"Feature","properties":{"nameAr":"الطاية","nameFr":"Taya","wilayaCode":19,"code":1958},"geometry":{"type":"Polygon","coordinates":[[[6.027897824896173,35.96],[5.997698912448087,35.99661423548539],[5.937301087551914,35.99661423548539],[5.9071021751038275,35.96],[5.937301087551914,35.92338576451461],[5.997698912448087,35.92338576451461],[6.027897824896173,35.96]]]}},{"type":"Feature","properties":{"nameAr":"التلة","nameFr":"Tella","wilayaCode":19,"code":1960},"geometry":{"type":"Polygon","coordinates":[[[5.7806338143754425,35.93794],[5.749266907187721,35.9759703538478],[5.6865330928122795,35.9759703538478],[5.655166185624558,35.93794],[5.6865330928122795,35.899909646152196],[5.749266907187721,35.899909646152196],[5.7806338143754425,35.93794]]]}},{"type":"Feature","properties":{"nameAr":"عين ولمان","nameFr":"Ain Oulmene","wilayaCode":19,"code":1928},"geometry":{"type":"Polygon","coordinates":[[[5.336807854793099,35.91666667],[5.316423927396549,35.94138086853603],[5.27565607260345,35.94138086853603],[5.2552721452069004,35.91666667],[5.27565607260345,35.891952471463966],[5.316423927396549,35.891952471463966],[5.336807854793099,35.91666667]]]}},{"type":"Feature","properties":{"nameAr":"بوطالب","nameFr":"Boutaleb","wilayaCode":19,"code":1905},"geometry":{"type":"Polygon","coordinates":[[[5.375466361255248,35.66024],[5.348248180627625,35.69324029021564],[5.293811819372376,35.69324029021564],[5.2665936387447525,35.66024],[5.293811819372376,35.62723970978436],[5.348248180627625,35.62723970978436],[5.375466361255248,35.66024]]]}},{"type":"Feature","properties":{"nameAr":"الحامة","nameFr":"Hamma","wilayaCode":19,"code":1911},"geometry":{"type":"Polygon","coordinates":[[[5.429774079394804,35.680556],[5.401272039697401,35.71511288661267],[5.344267960302599,35.71511288661267],[5.315765920605196,35.680556],[5.344267960302599,35.64599911338733],[5.401272039697401,35.64599911338733],[5.429774079394804,35.680556]]]}},{"type":"Feature","properties":{"nameAr":"أولاد تبان","nameFr":"Ouled Tebben","wilayaCode":19,"code":1910},"geometry":{"type":"Polygon","coordinates":[[[5.175412555953264,35.7875],[5.148886677976632,35.81966091785963],[5.095834922023368,35.81966091785963],[5.069309044046736,35.7875],[5.095834922023368,35.755339082140374],[5.148886677976632,35.755339082140374],[5.175412555953264,35.7875]]]}},{"type":"Feature","properties":{"nameAr":"عموشة","nameFr":"Amoucha","wilayaCode":19,"code":1927},"geometry":{"type":"Polygon","coordinates":[[[5.460072834492245,36.38735],[5.436886417246122,36.41546203690104],[5.390513582753878,36.41546203690104],[5.3673271655077555,36.38735],[5.390513582753878,36.359237963098956],[5.436886417246122,36.359237963098956],[5.460072834492245,36.38735]]]}},{"type":"Feature","properties":{"nameAr":"صالح باي","nameFr":"Salah Bey","wilayaCode":19,"code":1939},"geometry":{"type":"Polygon","coordinates":[[[5.339249546473501,35.855],[5.31512477323675,35.884249733076985],[5.266875226763251,35.884249733076985],[5.2427504535265,35.855],[5.266875226763251,35.82575026692301],[5.31512477323675,35.82575026692301],[5.339249546473501,35.855]]]}},{"type":"Feature","properties":{"nameAr":"عين أزال","nameFr":"Ain Azel","wilayaCode":19,"code":1940},"geometry":{"type":"Polygon","coordinates":[[[5.59434164258734,35.8184752],[5.55812082129367,35.86239061194076],[5.485679178706329,35.86239061194076],[5.449458357412659,35.8184752],[5.485679178706329,35.77455978805924],[5.55812082129367,35.77455978805924],[5.59434164258734,35.8184752]]]}},{"type":"Feature","properties":{"nameAr":"عين الحجر","nameFr":"Ain Lahdjar","wilayaCode":19,"code":1918},"geometry":{"type":"Polygon","coordinates":[[[5.612326696475708,35.938611],[5.575746848237854,35.98296170897679],[5.502587151762146,35.98296170897679],[5.466007303524292,35.938611],[5.502587151762146,35.894260291023215],[5.575746848237854,35.894260291023215],[5.612326696475708,35.938611]]]}},{"type":"Feature","properties":{"nameAr":"بيضاء برج","nameFr":"Beidha Bordj","wilayaCode":19,"code":1929},"geometry":{"type":"Polygon","coordinates":[[[5.736535072722883,35.891667],[5.7025725363614415,35.93284438697234],[5.634647463638559,35.93284438697234],[5.6006849272771175,35.891667],[5.634647463638559,35.850489613027655],[5.7025725363614415,35.850489613027655],[5.736535072722883,35.891667]]]}},{"type":"Feature","properties":{"nameAr":"بئر حدادة","nameFr":"Bir Haddada","wilayaCode":19,"code":1934},"geometry":{"type":"Polygon","coordinates":[[[5.430976788689984,35.962777],[5.405595094344991,35.9935506689314],[5.354831705655008,35.9935506689314],[5.329450011310016,35.962777],[5.354831705655007,35.93200333106861],[5.405595094344991,35.93200333106861],[5.430976788689984,35.962777]]]}},{"type":"Feature","properties":{"nameAr":"قنزات","nameFr":"Guenzet","wilayaCode":19,"code":1941},"geometry":{"type":"Polygon","coordinates":[[[4.870180231335382,36.31667],[4.851756782167691,36.33900724500637],[4.814909883832309,36.33900724500637],[4.796486434664617,36.31667],[4.814909883832309,36.29433275499363],[4.851756782167691,36.29433275499363],[4.870180231335382,36.31667]]]}},{"type":"Feature","properties":{"nameAr":"حربيل","nameFr":"Harbil","wilayaCode":19,"code":1936},"geometry":{"type":"Polygon","coordinates":[[[4.97128380777481,36.32488],[4.948846903887405,36.35208330024827],[4.903973096112595,36.35208330024827],[4.881536192225189,36.32488],[4.903973096112595,36.29767669975173],[4.948846903887405,36.29767669975173],[4.97128380777481,36.32488]]]}},{"type":"Feature","properties":{"nameAr":"عين الروى","nameFr":"Ain-Roua","wilayaCode":19,"code":1906},"geometry":{"type":"Polygon","coordinates":[[[5.246694764832128,36.3129898],[5.221025082416064,36.344112635911145],[5.169685717583937,36.344112635911145],[5.144016035167873,36.3129898],[5.169685717583937,36.28186696408885],[5.221025082416064,36.28186696408885],[5.246694764832128,36.3129898]]]}},{"type":"Feature","properties":{"nameAr":"بني وسين","nameFr":"Beni Oussine","wilayaCode":19,"code":1953},"geometry":{"type":"Polygon","coordinates":[[[5.1348008685800535,36.27222],[5.113404434290027,36.298161797903795],[5.070611565709973,36.298161797903795],[5.049215131419946,36.27222],[5.070611565709973,36.2462782020962],[5.113404434290027,36.2462782020962],[5.1348008685800535,36.27222]]]}},{"type":"Feature","properties":{"nameAr":"أوريسيا","nameFr":"El Ouricia","wilayaCode":19,"code":1937},"geometry":{"type":"Polygon","coordinates":[[[5.445139602644975,36.2924521],[5.422569801322488,36.3198165298251],[5.377430198677513,36.3198165298251],[5.354860397355026,36.2924521],[5.377430198677513,36.2650876701749],[5.422569801322488,36.2650876701749],[5.445139602644975,36.2924521]]]}},{"type":"Feature","properties":{"nameAr":"بوقاعة","nameFr":"Bougaa","wilayaCode":19,"code":1943},"geometry":{"type":"Polygon","coordinates":[[[5.127391611226131,36.33293],[5.1079108056130655,36.35654922156594],[5.068949194386934,36.35654922156594],[5.049468388773868,36.33293],[5.068949194386934,36.30931077843405],[5.1079108056130655,36.30931077843405],[5.127391611226131,36.33293]]]}},{"type":"Feature","properties":{"nameAr":"ذراع قبيلة","nameFr":"Draa-Kebila","wilayaCode":19,"code":1907},"geometry":{"type":"Polygon","coordinates":[[[5.034007947874602,36.4629],[5.014758973937301,36.48623814059708],[4.9762610260627,36.48623814059708],[4.957012052125399,36.4629],[4.9762610260627,36.439561859402914],[5.014758973937301,36.439561859402914],[5.034007947874602,36.4629]]]}},{"type":"Feature","properties":{"nameAr":"حمام قرقور","nameFr":"Hammam Guergour","wilayaCode":19,"code":1950},"geometry":{"type":"Polygon","coordinates":[[[5.094658022552075,36.32189],[5.074090611276037,36.34682666091719],[5.032955788723963,36.34682666091719],[5.012388377447925,36.32189],[5.032955788723963,36.29695333908282],[5.074090611276037,36.29695333908282],[5.094658022552075,36.32189]]]}},{"type":"Feature","properties":{"nameAr":"سطيف","nameFr":"Setif","wilayaCode":19,"code":1901},"geometry":{"type":"Polygon","coordinates":[[[5.460682479942347,36.19112],[5.437884789971173,36.21876073012769],[5.392289410028827,36.21876073012769],[5.3694917200576535,36.19112],[5.392289410028827,36.163479269872305],[5.437884789971173,36.163479269872305],[5.460682479942347,36.19112]]]}},{"type":"Feature","properties":{"nameAr":"عين الكبيرة","nameFr":"Ain El Kebira","wilayaCode":19,"code":1902},"geometry":{"type":"Polygon","coordinates":[[[5.551661597736757,36.3647],[5.526780798868378,36.394866365441054],[5.477019201131622,36.394866365441054],[5.452138402263243,36.3647],[5.477019201131621,36.334533634558944],[5.526780798868378,36.334533634558944],[5.551661597736757,36.3647]]]}},{"type":"Feature","properties":{"nameAr":"الدهامشة","nameFr":"Dehamcha","wilayaCode":19,"code":1915},"geometry":{"type":"Polygon","coordinates":[[[5.639241591232297,36.3821],[5.6172707956161485,36.40873817400292],[5.573329204383851,36.40873817400292],[5.551358408767703,36.3821],[5.573329204383851,36.35546182599708],[5.6172707956161485,36.35546182599708],[5.639241591232297,36.3821]]]}},{"type":"Feature","properties":{"nameAr":"أولاد عدوان","nameFr":"Ouled Addouane","wilayaCode":19,"code":1924},"geometry":{"type":"Polygon","coordinates":[[[5.381169071084708,36.3401],[5.3585952855423535,36.367469260434966],[5.313447714457647,36.367469260434966],[5.290873928915293,36.3401],[5.313447714457647,36.31273073956503],[5.3585952855423535,36.31273073956503],[5.381169071084708,36.3401]]]}},{"type":"Feature","properties":{"nameAr":"عين السبت","nameFr":"Ain-Sebt","wilayaCode":19,"code":1949},"geometry":{"type":"Polygon","coordinates":[[[5.764561911604829,36.4833899],[5.737780955802414,36.51586008328753],[5.684219044197587,36.51586008328753],[5.657438088395172,36.4833899],[5.684219044197587,36.45091971671247],[5.737780955802414,36.45091971671247],[5.764561911604829,36.4833899]]]}},{"type":"Feature","properties":{"nameAr":"بني عزيز","nameFr":"Beni-Aziz","wilayaCode":19,"code":1903},"geometry":{"type":"Polygon","coordinates":[[[5.699190806867242,36.4648323],[5.677751353433621,36.49082625584347],[5.63487244656638,36.49082625584347],[5.613432993132759,36.4648323],[5.63487244656638,36.43883834415652],[5.677751353433621,36.43883834415652],[5.699190806867242,36.4648323]]]}},{"type":"Feature","properties":{"nameAr":"معاوية","nameFr":"Maaouia","wilayaCode":19,"code":1912},"geometry":{"type":"Polygon","coordinates":[[[5.755468897858344,36.38899],[5.732709448929172,36.41658436532832],[5.687190551070828,36.41658436532832],[5.6644311021416565,36.38899],[5.687190551070828,36.36139563467168],[5.732709448929172,36.36139563467168],[5.755468897858344,36.38899]]]}},{"type":"Feature","properties":{"nameAr":"بلاعة","nameFr":"Bellaa","wilayaCode":19,"code":1925},"geometry":{"type":"Polygon","coordinates":[[[5.916230947325448,36.2025],[5.884921023662724,36.24046126499546],[5.822301176337277,36.24046126499546],[5.790991252674552,36.2025],[5.822301176337277,36.16453873500454],[5.884921023662724,36.16453873500454],[5.916230947325448,36.2025]]]}},{"type":"Feature","properties":{"nameAr":"بئر العرش","nameFr":"Bir-El-Arch","wilayaCode":19,"code":1908},"geometry":{"type":"Polygon","coordinates":[[[5.84674433346167,36.1016103],[5.8199725667308355,36.13406934213033],[5.766429033269165,36.13406934213033],[5.73965726653833,36.1016103],[5.766429033269165,36.06915125786966],[5.8199725667308355,36.06915125786966],[5.84674433346167,36.1016103]]]}},{"type":"Feature","properties":{"nameAr":"الولجة","nameFr":"El-Ouldja","wilayaCode":19,"code":1959},"geometry":{"type":"Polygon","coordinates":[[[6.013002410700934,36.06371],[5.9833462053504665,36.09966623809869],[5.924033794649533,36.09966623809869],[5.894377589299066,36.06371],[5.924033794649533,36.02775376190131],[5.9833462053504665,36.02775376190131],[6.013002410700934,36.06371]]]}},{"type":"Feature","properties":{"nameAr":"تاشودة","nameFr":"Tachouda","wilayaCode":19,"code":1945},"geometry":{"type":"Polygon","coordinates":[[[5.754428187196729,36.2664729],[5.733741593598364,36.291554061803524],[5.692368406401635,36.291554061803524],[5.67168181280327,36.2664729],[5.692368406401635,36.24139173819647],[5.733741593598364,36.24139173819647],[5.754428187196729,36.2664729]]]}},{"type":"Feature","properties":{"nameAr":"تالة إيفاسن","nameFr":"Tala-Ifacene","wilayaCode":19,"code":1942},"geometry":{"type":"Polygon","coordinates":[[[5.121764581351073,36.458333],[5.105326790675536,36.47826276202995],[5.072451209324464,36.47826276202995],[5.056013418648927,36.458333],[5.072451209324464,36.43840323797006],[5.105326790675536,36.43840323797006],[5.121764581351073,36.458333]]]}},{"type":"Feature","properties":{"nameAr":"سرج الغول","nameFr":"Serdj-El-Ghoul","wilayaCode":19,"code":1935},"geometry":{"type":"Polygon","coordinates":[[[5.624983701034855,36.478],[5.602491850517428,36.505269919496705],[5.557508149482572,36.505269919496705],[5.535016298965145,36.478],[5.557508149482572,36.4507300805033],[5.602491850517428,36.4507300805033],[5.624983701034855,36.478]]]}},{"type":"Feature","properties":{"nameAr":"قجال","nameFr":"Guidjel","wilayaCode":19,"code":1917},"geometry":{"type":"Polygon","coordinates":[[[5.57497793493609,36.19119],[5.552483967468045,36.21846248616292],[5.507496032531955,36.21846248616292],[5.4850020650639095,36.19119],[5.507496032531955,36.16391751383708],[5.552483967468045,36.16391751383708],[5.57497793493609,36.19119]]]}},{"type":"Feature","properties":{"nameAr":"أولاد صابر","nameFr":"Ouled Sabor","wilayaCode":19,"code":1947},"geometry":{"type":"Polygon","coordinates":[[[5.571426806513152,36.16561],[5.547713403256576,36.19436097348253],[5.5002865967434245,36.19436097348253],[5.476573193486848,36.16561],[5.5002865967434245,36.13685902651747],[5.547713403256576,36.13685902651747],[5.571426806513152,36.16561]]]}},{"type":"Feature","properties":{"nameAr":"بازر سكرة","nameFr":"Bazer-Sakra","wilayaCode":19,"code":1931},"geometry":{"type":"Polygon","coordinates":[[[5.758895075283053,36.11778],[5.734307537641526,36.147590805099696],[5.685132462358474,36.147590805099696],[5.660544924716946,36.11778],[5.685132462358473,36.08796919490031],[5.734307537641526,36.08796919490031],[5.758895075283053,36.11778]]]}},{"type":"Feature","properties":{"nameAr":"العلمة","nameFr":"El Eulma","wilayaCode":19,"code":1920},"geometry":{"type":"Polygon","coordinates":[[[5.732262629824822,36.156449],[5.71121131491241,36.181972362896104],[5.669108685087589,36.181972362896104],[5.648057370175177,36.156449],[5.669108685087589,36.1309256371039],[5.71121131491241,36.1309256371039],[5.732262629824822,36.156449]]]}},{"type":"Feature","properties":{"nameAr":"قلتة زرقاء","nameFr":"Guelta Zerka","wilayaCode":19,"code":1956},"geometry":{"type":"Polygon","coordinates":[[[5.714841873317948,36.2045916],[5.696096536658974,36.22731911284883],[5.658605863341027,36.22731911284883],[5.639860526682053,36.2045916],[5.658605863341027,36.18186408715117],[5.696096536658974,36.18186408715117],[5.714841873317948,36.2045916]]]}},{"type":"Feature","properties":{"nameAr":"بني فودة","nameFr":"Beni Fouda","wilayaCode":19,"code":1944},"geometry":{"type":"Polygon","coordinates":[[[5.6505169441367205,36.2861111],[5.62886847206836,36.31235847747004],[5.58557152793164,36.31235847747004],[5.563923055863279,36.2861111],[5.58557152793164,36.25986372252996],[5.62886847206836,36.25986372252996],[5.6505169441367205,36.2861111]]]}},{"type":"Feature","properties":{"nameAr":"جميلة","nameFr":"Djemila","wilayaCode":19,"code":1921},"geometry":{"type":"Polygon","coordinates":[[[5.786539846688385,36.31351],[5.761754923344192,36.34356012254569],[5.712185076655809,36.34356012254569],[5.687400153311616,36.31351],[5.712185076655809,36.28345987745431],[5.761754923344192,36.28345987745431],[5.786539846688385,36.31351]]]}},{"type":"Feature","properties":{"nameAr":"عين لقراج","nameFr":"Ain-Legradj","wilayaCode":19,"code":1913},"geometry":{"type":"Polygon","coordinates":[[[4.927113758422294,36.4096669],[4.909056879211147,36.43155970255388],[4.872943120788853,36.43155970255388],[4.854886241577706,36.4096669],[4.872943120788853,36.38777409744611],[4.909056879211147,36.38777409744611],[4.927113758422294,36.4096669]]]}},{"type":"Feature","properties":{"nameAr":"بني شبانة","nameFr":"Beni Chebana","wilayaCode":19,"code":1909},"geometry":{"type":"Polygon","coordinates":[[[4.903386329154113,36.468333],[4.885843164577056,36.4896029566611],[4.850756835422943,36.4896029566611],[4.833213670845886,36.468333],[4.850756835422943,36.4470630433389],[4.885843164577056,36.4470630433389],[4.903386329154113,36.468333]]]}},{"type":"Feature","properties":{"nameAr":"بني ورتيلان","nameFr":"Beni Ourtilane","wilayaCode":19,"code":1922},"geometry":{"type":"Polygon","coordinates":[[[4.9338187760302175,36.442222],[4.916909388015109,36.46272354341695],[4.883090611984891,36.46272354341695],[4.866181223969783,36.442222],[4.883090611984891,36.42172045658305],[4.916909388015109,36.42172045658305],[4.9338187760302175,36.442222]]]}},{"type":"Feature","properties":{"nameAr":"بني موحلي","nameFr":"Beni-Mouhli","wilayaCode":19,"code":1946},"geometry":{"type":"Polygon","coordinates":[[[4.9478066998989405,36.50739],[4.93141834994947,36.527259818335295],[4.898641650050529,36.527259818335295],[4.882253300101059,36.50739],[4.898641650050529,36.487520181664706],[4.93141834994947,36.487520181664706],[4.9478066998989405,36.50739]]]}},{"type":"Feature","properties":{"nameAr":"عين عباسة","nameFr":"Ain Abessa","wilayaCode":19,"code":1914},"geometry":{"type":"Polygon","coordinates":[[[5.341420312034252,36.3],[5.318210156017126,36.32814081863128],[5.271789843982874,36.32814081863128],[5.248579687965748,36.3],[5.271789843982874,36.27185918136871],[5.318210156017126,36.27185918136871],[5.341420312034252,36.3]]]}},{"type":"Feature","properties":{"nameAr":"عين أرنات","nameFr":"Ain Arnat","wilayaCode":19,"code":1926},"geometry":{"type":"Polygon","coordinates":[[[5.361537018490687,36.1868],[5.337503509245344,36.21593908136798],[5.289436490754656,36.21593908136798],[5.265402981509312,36.1868],[5.289436490754656,36.15766091863202],[5.337503509245344,36.15766091863202],[5.361537018490687,36.1868]]]}},{"type":"Feature","properties":{"nameAr":"بابور","nameFr":"Babor","wilayaCode":19,"code":1916},"geometry":{"type":"Polygon","coordinates":[[[5.588874197030694,36.48994],[5.564387098515347,36.51962902913097],[5.515412901484654,36.51962902913097],[5.490925802969307,36.48994],[5.515412901484654,36.460250970869026],[5.564387098515347,36.460250970869026],[5.588874197030694,36.48994]]]}},{"type":"Feature","properties":{"nameAr":"ماوكلان","nameFr":"Maouaklane","wilayaCode":19,"code":1955},"geometry":{"type":"Polygon","coordinates":[[[5.111600232433518,36.3968],[5.093400116216759,36.418866468193755],[5.056999883783241,36.418866468193755],[5.0387997675664815,36.3968],[5.056999883783241,36.37473353180624],[5.093400116216759,36.37473353180624],[5.111600232433518,36.3968]]]}},{"type":"Feature","properties":{"nameAr":"سعيدة","nameFr":"Saida","wilayaCode":20,"code":2001},"geometry":{"type":"Polygon","coordinates":[[[0.20076496151785111,34.833333],[0.17538248075892557,34.86410762240762],[0.12461751924107445,34.86410762240762],[0.09923503848214887,34.833333],[0.1246175192410744,34.80255837759238],[0.17538248075892557,34.80255837759238],[0.20076496151785111,34.833333]]]}},{"type":"Feature","properties":{"nameAr":"تيرسين","nameFr":"Tircine","wilayaCode":20,"code":2015},"geometry":{"type":"Polygon","coordinates":[[[0.6677445094269462,34.901388],[0.6112222547134731,34.96991759184546],[0.4981777452865269,34.96991759184546],[0.44165549057305376,34.901388],[0.4981777452865268,34.832858408154536],[0.6112222547134731,34.832858408154536],[0.6677445094269462,34.901388]]]}},{"type":"Feature","properties":{"nameAr":"أولاد إبراهيم","nameFr":"Ouled Brahim","wilayaCode":20,"code":2014},"geometry":{"type":"Polygon","coordinates":[[[0.5677240907660746,34.99],[0.5224620453830373,35.044877313580535],[0.43193795461696277,35.044877313580535],[0.3866759092339255,34.99],[0.4319379546169627,34.93512268641947],[0.5224620453830373,34.93512268641947],[0.5677240907660746,34.99]]]}},{"type":"Feature","properties":{"nameAr":"عين السلطان","nameFr":"Ain Soltane","wilayaCode":20,"code":2016},"geometry":{"type":"Polygon","coordinates":[[[0.3911324303760857,34.96647],[0.34931621518804284,35.01716946650015],[0.26568378481195715,35.01716946650015],[0.2238675696239143,34.96647],[0.2656837848119571,34.91577053349985],[0.34931621518804284,34.91577053349985],[0.3911324303760857,34.96647]]]}},{"type":"Feature","properties":{"nameAr":"المعمورة","nameFr":"Maamora","wilayaCode":20,"code":2011},"geometry":{"type":"Polygon","coordinates":[[[0.21184002693261095,34.681667],[0.18092001346630548,34.71915552400605],[0.11907998653369453,34.71915552400605],[0.08815997306738904,34.681667],[0.11907998653369449,34.64417847599395],[0.18092001346630548,34.64417847599395],[0.21184002693261095,34.681667]]]}},{"type":"Feature","properties":{"nameAr":"الحساسنة","nameFr":"El Hassasna","wilayaCode":20,"code":2010},"geometry":{"type":"Polygon","coordinates":[[[0.1522601175816169,34.824167],[0.12613005879080846,34.855848012601314],[0.07386994120919158,34.855848012601314],[0.04773988241838311,34.824167],[0.07386994120919153,34.79248598739869],[0.12613005879080846,34.79248598739869],[0.1522601175816169,34.824167]]]}},{"type":"Feature","properties":{"nameAr":"عين السخونة","nameFr":"Ain Sekhouna","wilayaCode":20,"code":2013},"geometry":{"type":"Polygon","coordinates":[[[0.9981492046507852,34.50446],[0.9211346023253926,34.597835242906605],[0.7671053976746074,34.597835242906605],[0.6900907953492148,34.50446],[0.7671053976746073,34.4110847570934],[0.9211346023253926,34.4110847570934],[0.9981492046507852,34.50446]]]}},{"type":"Feature","properties":{"nameAr":"سيدي بوبكر","nameFr":"Sidi Boubekeur","wilayaCode":20,"code":2009},"geometry":{"type":"Polygon","coordinates":[[[0.0999877275495884,35.02888889],[0.07682346377479421,35.056974067244504],[0.030494936225205806,35.056974067244504],[0.007330672450411593,35.02888889],[0.030494936225205774,35.00080371275549],[0.07682346377479421,35.00080371275549],[0.0999877275495884,35.02888889]]]}},{"type":"Feature","properties":{"nameAr":"أولاد خالد","nameFr":"Ouled Khaled","wilayaCode":20,"code":2004},"geometry":{"type":"Polygon","coordinates":[[[0.20556627978953615,34.87666667],[0.17917202889476808,34.90866799850422],[0.12638352710523193,34.90866799850422],[0.09998927621046386,34.87666667],[0.1263835271052319,34.84466534149578],[0.17917202889476808,34.84466534149578],[0.20556627978953615,34.87666667]]]}},{"type":"Feature","properties":{"nameAr":"هونت","nameFr":"Hounet","wilayaCode":20,"code":2007},"geometry":{"type":"Polygon","coordinates":[[[-0.0913113519364448,35.1108],[-0.12065567596822238,35.14637810209576],[-0.17934432403177758,35.14637810209576],[-0.2086886480635552,35.1108],[-0.17934432403177764,35.075221897904235],[-0.12065567596822238,35.075221897904235],[-0.0913113519364448,35.1108]]]}},{"type":"Feature","properties":{"nameAr":"يوب","nameFr":"Youb","wilayaCode":20,"code":2006},"geometry":{"type":"Polygon","coordinates":[[[-0.1257309357496305,34.92186],[-0.16693196787481526,34.971813596675574],[-0.24933403212518473,34.971813596675574],[-0.2905350642503695,34.92186],[-0.2493340321251848,34.87190640332443],[-0.16693196787481526,34.87190640332443],[-0.1257309357496305,34.92186]]]}},{"type":"Feature","properties":{"nameAr":"دوي ثابت","nameFr":"Doui Thabet","wilayaCode":20,"code":2002},"geometry":{"type":"Polygon","coordinates":[[[-0.014818388187083073,34.89306],[-0.04950919409354153,34.935120366869846],[-0.11889080590645845,34.935120366869846],[-0.1535816118129169,34.89306],[-0.11889080590645848,34.85099963313015],[-0.04950919409354153,34.85099963313015],[-0.014818388187083073,34.89306]]]}},{"type":"Feature","properties":{"nameAr":"سيدي احمد","nameFr":"Sidi Ahmed","wilayaCode":20,"code":2012},"geometry":{"type":"Polygon","coordinates":[[[0.3742947203870859,34.55],[0.31700836019354295,34.61945602050513],[0.20243563980645712,34.61945602050513],[0.14514927961291416,34.55],[0.20243563980645704,34.48054397949486],[0.31700836019354295,34.48054397949486],[0.3742947203870859,34.55]]]}},{"type":"Feature","properties":{"nameAr":"مولاي العربي","nameFr":"Moulay Larbi","wilayaCode":20,"code":2005},"geometry":{"type":"Polygon","coordinates":[[[0.09586864505645398,34.648611],[0.056284322528227,34.69660444046146],[-0.022884322528226975,34.69660444046146],[-0.06246864505645399,34.648611],[-0.02288432252822703,34.60061755953854],[0.056284322528227,34.60061755953854],[0.09586864505645398,34.648611]]]}},{"type":"Feature","properties":{"nameAr":"عين الحجر","nameFr":"Ain El Hadjar","wilayaCode":20,"code":2003},"geometry":{"type":"Polygon","coordinates":[[[0.1973593837948276,34.75846],[0.1708796918974138,34.790564920214564],[0.11792030810258622,34.790564920214564],[0.09144061620517241,34.75846],[0.11792030810258618,34.726355079785435],[0.1708796918974138,34.726355079785435],[0.1973593837948276,34.75846]]]}},{"type":"Feature","properties":{"nameAr":"سيدي عمر","nameFr":"Sidi Amar","wilayaCode":20,"code":2008},"geometry":{"type":"Polygon","coordinates":[[[0.14324016640408704,35.025278],[0.12237008320204353,35.05058163112489],[0.0806299167979565,35.05058163112489],[0.059759833595912984,35.025278],[0.08062991679795647,34.99997436887511],[0.12237008320204353,34.99997436887511],[0.14324016640408704,35.025278]]]}},{"type":"Feature","properties":{"nameAr":"عين بوزيان","nameFr":"Ain Bouziane","wilayaCode":21,"code":2122},"geometry":{"type":"Polygon","coordinates":[[[6.798062024586823,36.6024073],[6.774725462293412,36.63070137809633],[6.728052337706589,36.63070137809633],[6.704715775413177,36.6024073],[6.728052337706589,36.57411322190367],[6.774725462293412,36.57411322190367],[6.798062024586823,36.6024073]]]}},{"type":"Feature","properties":{"nameAr":"صالح بو الشعور","nameFr":"Salah Bouchaour","wilayaCode":21,"code":2125},"geometry":{"type":"Polygon","coordinates":[[[6.905212330266313,36.740543],[6.889086165133156,36.76009493613931],[6.856833834866844,36.76009493613931],[6.840707669733687,36.740543],[6.856833834866843,36.720991063860694],[6.889086165133156,36.720991063860694],[6.905212330266313,36.740543]]]}},{"type":"Feature","properties":{"nameAr":"الحدائق","nameFr":"El Hadaiek","wilayaCode":21,"code":2103},"geometry":{"type":"Polygon","coordinates":[[[6.911849443533459,36.8259805],[6.89961427176673,36.84081485739752],[6.875143928233271,36.84081485739752],[6.862908756466542,36.8259805],[6.875143928233271,36.81114614260248],[6.89961427176673,36.81114614260248],[6.911849443533459,36.8259805]]]}},{"type":"Feature","properties":{"nameAr":"زردازة","nameFr":"Zerdezas","wilayaCode":21,"code":2117},"geometry":{"type":"Polygon","coordinates":[[[6.957309514462447,36.597811],[6.927013757231224,36.63454265354478],[6.866422242768776,36.63454265354478],[6.8361264855375525,36.597811],[6.866422242768776,36.56107934645522],[6.927013757231224,36.56107934645522],[6.957309514462447,36.597811]]]}},{"type":"Feature","properties":{"nameAr":"أولاد حبابة","nameFr":"Ouled Habbaba","wilayaCode":21,"code":2118},"geometry":{"type":"Polygon","coordinates":[[[7.0229811662705295,36.503333],[6.9902405831352645,36.543028847421795],[6.924759416864735,36.543028847421795],[6.89201883372947,36.503333],[6.924759416864735,36.4636371525782],[6.9902405831352645,36.4636371525782],[7.0229811662705295,36.503333]]]}},{"type":"Feature","properties":{"nameAr":"بني ولبان","nameFr":"Beni Oulbane","wilayaCode":21,"code":2121},"geometry":{"type":"Polygon","coordinates":[[[6.679107038599264,36.6833333],[6.659003519299632,36.70770752178653],[6.618796480700367,36.70770752178653],[6.598692961400735,36.6833333],[6.618796480700367,36.65895907821347],[6.659003519299632,36.65895907821347],[6.679107038599264,36.6833333]]]}},{"type":"Feature","properties":{"nameAr":"سيدي مزغيش","nameFr":"Sidi Mezghiche","wilayaCode":21,"code":2119},"geometry":{"type":"Polygon","coordinates":[[[6.755555655353814,36.68333333],[6.736127827676907,36.70688831923197],[6.6972721723230935,36.70688831923197],[6.677844344646187,36.68333333],[6.6972721723230935,36.659778340768035],[6.736127827676907,36.659778340768035],[6.755555655353814,36.68333333]]]}},{"type":"Feature","properties":{"nameAr":"بني بشير","nameFr":"Beni Bechir","wilayaCode":21,"code":2124},"geometry":{"type":"Polygon","coordinates":[[[6.965654892805254,36.783333],[6.949493946402628,36.802927106187425],[6.917172053597373,36.802927106187425],[6.901011107194746,36.783333],[6.917172053597373,36.76373889381257],[6.949493946402628,36.76373889381257],[6.965654892805254,36.783333]]]}},{"type":"Feature","properties":{"nameAr":"رمضان جمال","nameFr":"Ramdane Djamel","wilayaCode":21,"code":2123},"geometry":{"type":"Polygon","coordinates":[[[6.921845753465609,36.7552525],[6.907282526732805,36.772909474036354],[6.878156073267196,36.772909474036354],[6.863592846534392,36.7552525],[6.878156073267196,36.73759552596364],[6.907282526732805,36.73759552596364],[6.921845753465609,36.7552525]]]}},{"type":"Feature","properties":{"nameAr":"بين الويدان","nameFr":"Bin El Ouiden","wilayaCode":21,"code":2129},"geometry":{"type":"Polygon","coordinates":[[[6.610050186562892,36.8079],[6.587825093281445,36.83484649353649],[6.5433749067185545,36.83484649353649],[6.521149813437108,36.8079],[6.5433749067185545,36.780953506463504],[6.587825093281445,36.780953506463504],[6.610050186562892,36.8079]]]}},{"type":"Feature","properties":{"nameAr":"مجاز الدشيش","nameFr":"Emjez Edchich","wilayaCode":21,"code":2120},"geometry":{"type":"Polygon","coordinates":[[[6.787142225118498,36.7033327],[6.766471112559249,36.72839509204111],[6.725128887440751,36.72839509204111],[6.704457774881502,36.7033327],[6.725128887440751,36.67827030795888],[6.766471112559249,36.67827030795888],[6.787142225118498,36.7033327]]]}},{"type":"Feature","properties":{"nameAr":"تمالوس","nameFr":"Tamalous","wilayaCode":21,"code":2126},"geometry":{"type":"Polygon","coordinates":[[[6.694947907270154,36.8357539],[6.668323953635078,36.86803372827602],[6.615076046364923,36.86803372827602],[6.588452092729846,36.8357539],[6.615076046364923,36.80347407172398],[6.668323953635078,36.80347407172398],[6.694947907270154,36.8357539]]]}},{"type":"Feature","properties":{"nameAr":"عين قشرة","nameFr":"Ain Kechra","wilayaCode":21,"code":2127},"geometry":{"type":"Polygon","coordinates":[[[6.485329099288845,36.7483],[6.460152799644423,36.778824641091504],[6.409800200355578,36.778824641091504],[6.384623900711156,36.7483],[6.409800200355578,36.7177753589085],[6.460152799644423,36.7177753589085],[6.485329099288845,36.7483]]]}},{"type":"Feature","properties":{"nameAr":"الولجة بولبلوط","nameFr":"Ouldja Boulbalout","wilayaCode":21,"code":2135},"geometry":{"type":"Polygon","coordinates":[[[6.422164071267464,36.78611111],[6.397609535633732,36.81588190229172],[6.348500464366268,36.81588190229172],[6.3239459287325355,36.78611111],[6.348500464366268,36.75634031770828],[6.397609535633732,36.75634031770828],[6.422164071267464,36.78611111]]]}},{"type":"Feature","properties":{"nameAr":"أم الطوب","nameFr":"Oum Toub","wilayaCode":21,"code":2128},"geometry":{"type":"Polygon","coordinates":[[[6.624530226233369,36.72611],[6.602265113116685,36.75310501500805],[6.557734886883315,36.75310501500805],[6.535469773766631,36.72611],[6.557734886883315,36.699114984991944],[6.602265113116685,36.699114984991944],[6.624530226233369,36.72611]]]}},{"type":"Feature","properties":{"nameAr":"الغدير","nameFr":"El Ghedir","wilayaCode":21,"code":2133},"geometry":{"type":"Polygon","coordinates":[[[7.029597546629729,36.688333],[7.003688773314865,36.71974571822019],[6.951871226685135,36.71974571822019],[6.925962453370271,36.688333],[6.951871226685135,36.65692028177981],[7.003688773314865,36.65692028177981],[7.029597546629729,36.688333]]]}},{"type":"Feature","properties":{"nameAr":"الكركرة","nameFr":"Kerkara","wilayaCode":21,"code":2112},"geometry":{"type":"Polygon","coordinates":[[[6.63586763291319,36.929],[6.610933816456595,36.959230645850596],[6.561066183543406,36.959230645850596],[6.536132367086811,36.929],[6.561066183543406,36.89876935414941],[6.610933816456595,36.89876935414941],[6.63586763291319,36.929]]]}},{"type":"Feature","properties":{"nameAr":"الحروش","nameFr":"El Arrouch","wilayaCode":21,"code":2116},"geometry":{"type":"Polygon","coordinates":[[[6.688730762908381,36.6531],[6.668950381454191,36.67708243797023],[6.629389618545809,36.67708243797023],[6.609609237091618,36.6531],[6.629389618545809,36.629117562029776],[6.668950381454191,36.629117562029776],[6.688730762908381,36.6531]]]}},{"type":"Feature","properties":{"nameAr":"الزيتونة","nameFr":"Zitouna","wilayaCode":21,"code":2115},"geometry":{"type":"Polygon","coordinates":[[[6.50477145166631,36.9880728],[6.482630725833156,37.01491700344163],[6.438349274166844,37.01491700344163],[6.41620854833369,36.9880728],[6.438349274166844,36.961228596558364],[6.482630725833156,36.961228596558364],[6.50477145166631,36.9880728]]]}},{"type":"Feature","properties":{"nameAr":"أولاد عطية","nameFr":"Ouled Attia","wilayaCode":21,"code":2113},"geometry":{"type":"Polygon","coordinates":[[[6.401585392680762,36.994444],[6.371487196340381,37.03093612369441],[6.311290803659619,37.03093612369441],[6.281192607319238,36.994444],[6.311290803659619,36.95795187630559],[6.371487196340381,36.95795187630559],[6.401585392680762,36.994444]]]}},{"type":"Feature","properties":{"nameAr":"وادي الزهور","nameFr":"Oued Zhour","wilayaCode":21,"code":2114},"geometry":{"type":"Polygon","coordinates":[[[6.378917426603692,36.9221397],[6.347236713301846,36.96055052354118],[6.283875286698154,36.96055052354118],[6.252194573396308,36.9221397],[6.283875286698154,36.883728876458825],[6.347236713301846,36.883728876458825],[6.378917426603692,36.9221397]]]}},{"type":"Feature","properties":{"nameAr":"القل","nameFr":"Collo","wilayaCode":21,"code":2110},"geometry":{"type":"Polygon","coordinates":[[[6.616577728556759,37.0072],[6.58873886427838,37.040952829148615],[6.533061135721621,37.040952829148615],[6.505222271443241,37.0072],[6.533061135721621,36.97344717085138],[6.58873886427838,36.97344717085138],[6.616577728556759,37.0072]]]}},{"type":"Feature","properties":{"nameAr":"الشرايع","nameFr":"Cheraia","wilayaCode":21,"code":2131},"geometry":{"type":"Polygon","coordinates":[[[6.543876859640629,37.00194],[6.520550779820315,37.030221368773134],[6.4738986201796855,37.030221368773134],[6.450572540359372,37.00194],[6.4738986201796855,36.97365863122686],[6.520550779820315,36.97365863122686],[6.543876859640629,37.00194]]]}},{"type":"Feature","properties":{"nameAr":"بني زيد","nameFr":"Beni Zid","wilayaCode":21,"code":2111},"geometry":{"type":"Polygon","coordinates":[[[6.553316385767664,36.8080556],[6.5294581928838324,36.836982121576106],[6.481741807116168,36.836982121576106],[6.457883614232337,36.8080556],[6.481741807116168,36.7791290784239],[6.5294581928838324,36.7791290784239],[6.553316385767664,36.8080556]]]}},{"type":"Feature","properties":{"nameAr":"خناق مايو","nameFr":"Khenag Maoune","wilayaCode":21,"code":2136},"geometry":{"type":"Polygon","coordinates":[[[6.167832055505543,36.7802778],[6.153216027752771,36.797998791870846],[6.123983972247229,36.797998791870846],[6.1093679444944575,36.7802778],[6.123983972247229,36.762556808129155],[6.153216027752771,36.762556808129155],[6.167832055505543,36.7802778]]]}},{"type":"Feature","properties":{"nameAr":"المرسى","nameFr":"El Marsa","wilayaCode":21,"code":2138},"geometry":{"type":"Polygon","coordinates":[[[7.3620755869449415,37.03],[7.307587793472471,37.096062938680646],[7.198612206527529,37.096062938680646],[7.144124413055058,37.03],[7.198612206527529,36.963937061319356],[7.307587793472471,36.963937061319356],[7.3620755869449415,37.03]]]}},{"type":"Feature","properties":{"nameAr":"بن عزوز","nameFr":"Ben Azzouz","wilayaCode":21,"code":2108},"geometry":{"type":"Polygon","coordinates":[[[7.112024661785302,36.46],[7.084512330892651,36.4933569284585],[7.02948766910735,36.4933569284585],[7.001975338214699,36.46],[7.02948766910735,36.4266430715415],[7.084512330892651,36.4266430715415],[7.112024661785302,36.46]]]}},{"type":"Feature","properties":{"nameAr":"بكوش لخضر","nameFr":"Bekkouche Lakhdar","wilayaCode":21,"code":2107},"geometry":{"type":"Polygon","coordinates":[[[7.367851969695977,36.791944],[7.337050984847989,36.82928820947591],[7.275449015152012,36.82928820947591],[7.244648030304024,36.791944],[7.275449015152012,36.75459979052409],[7.337050984847989,36.75459979052409],[7.367851969695977,36.791944]]]}},{"type":"Feature","properties":{"nameAr":"السبت","nameFr":"Es Sebt","wilayaCode":21,"code":2109},"geometry":{"type":"Polygon","coordinates":[[[7.126648034060768,36.802],[7.102037467030384,36.831838726749794],[7.052816332969615,36.831838726749794],[7.028205765939232,36.802],[7.052816332969615,36.772161273250205],[7.102037467030384,36.772161273250205],[7.126648034060768,36.802]]]}},{"type":"Feature","properties":{"nameAr":"عين شرشار","nameFr":"Ain Charchar","wilayaCode":21,"code":2106},"geometry":{"type":"Polygon","coordinates":[[[7.280121911100306,36.7336763],[7.251805905550152,36.76800763219619],[7.195173894449847,36.76800763219619],[7.166857888899694,36.7336763],[7.195173894449847,36.69934496780381],[7.251805905550152,36.69934496780381],[7.280121911100306,36.7336763]]]}},{"type":"Feature","properties":{"nameAr":"عزابة","nameFr":"Azzaba","wilayaCode":21,"code":2104},"geometry":{"type":"Polygon","coordinates":[[[7.155961337757681,36.73944],[7.13062066887884,36.77016392819716],[7.079939331121159,36.77016392819716],[7.054598662242318,36.73944],[7.079939331121159,36.70871607180285],[7.13062066887884,36.70871607180285],[7.155961337757681,36.73944]]]}},{"type":"Feature","properties":{"nameAr":"بوشطاطة","nameFr":"Bouchetata","wilayaCode":21,"code":2134},"geometry":{"type":"Polygon","coordinates":[[[6.8342837176768825,36.7938],[6.815751858838442,36.81626868474681],[6.778688141161559,36.81626868474681],[6.760156282323118,36.7938],[6.778688141161559,36.771331315253185],[6.815751858838442,36.771331315253185],[6.8342837176768825,36.7938]]]}},{"type":"Feature","properties":{"nameAr":"فلفلة","nameFr":"Filfila","wilayaCode":21,"code":2130},"geometry":{"type":"Polygon","coordinates":[[[7.146280580859383,36.8828035],[7.114198390429691,36.92170108868963],[7.050034009570308,36.92170108868963],[7.017951819140617,36.8828035],[7.050034009570308,36.84390591131037],[7.114198390429691,36.84390591131037],[7.146280580859383,36.8828035]]]}},{"type":"Feature","properties":{"nameAr":"حمادي كرومة","nameFr":"Hammadi Krouma","wilayaCode":21,"code":2137},"geometry":{"type":"Polygon","coordinates":[[[6.919939010953494,36.844],[6.906279505476747,36.860561270244396],[6.878960494523253,36.860561270244396],[6.8653009890465055,36.844],[6.878960494523253,36.827438729755606],[6.906279505476747,36.827438729755606],[6.919939010953494,36.844]]]}},{"type":"Feature","properties":{"nameAr":"سكيكدة","nameFr":"Skikda","wilayaCode":21,"code":2101},"geometry":{"type":"Polygon","coordinates":[[[6.936208857321795,36.87617],[6.9181044286608975,36.898120453197876],[6.881895571339103,36.898120453197876],[6.863791142678206,36.87617],[6.881895571339103,36.85421954680213],[6.9181044286608975,36.85421954680213],[6.936208857321795,36.87617]]]}},{"type":"Feature","properties":{"nameAr":"عين زويت","nameFr":"Ain Zouit","wilayaCode":21,"code":2102},"geometry":{"type":"Polygon","coordinates":[[[6.8345406916583515,36.89027778],[6.810070345829176,36.91994649757844],[6.761129654170824,36.91994649757844],[6.736659308341648,36.89027778],[6.761129654170824,36.86060906242156],[6.810070345829176,36.86060906242156],[6.8345406916583515,36.89027778]]]}},{"type":"Feature","properties":{"nameAr":"جندل سعدي محمد","nameFr":"Djendel Saadi Mohamed","wilayaCode":21,"code":2105},"geometry":{"type":"Polygon","coordinates":[[[7.221712858633366,36.78],[7.1963064293166825,36.810803658490784],[7.145493570683317,36.810803658490784],[7.120087141366633,36.78],[7.145493570683317,36.74919634150922],[7.1963064293166825,36.74919634150922],[7.221712858633366,36.78]]]}},{"type":"Feature","properties":{"nameAr":"قنواع","nameFr":"Kanoua","wilayaCode":21,"code":2132},"geometry":{"type":"Polygon","coordinates":[[[6.459080355278349,37.0375],[6.432318177639174,37.06994741597457],[6.378793822360826,37.06994741597457],[6.3520316447216505,37.0375],[6.378793822360826,37.005052584025435],[6.432318177639174,37.005052584025435],[6.459080355278349,37.0375]]]}},{"type":"Feature","properties":{"nameAr":"سيدي علي بن يوب","nameFr":"Sidi Ali Benyoub","wilayaCode":22,"code":2246},"geometry":{"type":"Polygon","coordinates":[[[-0.6656953836493702,34.94555556],[-0.6925476918246851,34.978112253442106],[-0.746252308175315,34.978112253442106],[-0.7731046163506299,34.94555556],[-0.746252308175315,34.9129988665579],[-0.6925476918246851,34.9129988665579],[-0.6656953836493702,34.94555556]]]}},{"type":"Feature","properties":{"nameAr":"مولاي سليسن","nameFr":"Moulay Slissen","wilayaCode":22,"code":2218},"geometry":{"type":"Polygon","coordinates":[[[-0.6997386988794985,34.8222],[-0.7300743494397492,34.85898002163571],[-0.7907456505602508,34.85898002163571],[-0.8210813011205016,34.8222],[-0.7907456505602508,34.785419978364295],[-0.7300743494397492,34.785419978364295],[-0.6997386988794985,34.8222]]]}},{"type":"Feature","properties":{"nameAr":"الحصيبة","nameFr":"El Hacaiba","wilayaCode":22,"code":2219},"geometry":{"type":"Polygon","coordinates":[[[-0.7081661395638873,34.7],[-0.7374330697819437,34.73548426708348],[-0.7959669302180564,34.73548426708348],[-0.8252338604361128,34.7],[-0.7959669302180564,34.66451573291653],[-0.7374330697819437,34.66451573291653],[-0.7081661395638873,34.7]]]}},{"type":"Feature","properties":{"nameAr":"عين تندمين","nameFr":"Ain Tindamine","wilayaCode":22,"code":2224},"geometry":{"type":"Polygon","coordinates":[[[-0.6663196910509329,34.6897222],[-0.6934373455254664,34.72260060873239],[-0.7476726544745335,34.72260060873239],[-0.774790308949067,34.6897222],[-0.7476726544745335,34.656843791267605],[-0.6934373455254664,34.656843791267605],[-0.6663196910509329,34.6897222]]]}},{"type":"Feature","properties":{"nameAr":"تنيرة","nameFr":"Tenira","wilayaCode":22,"code":2217},"geometry":{"type":"Polygon","coordinates":[[[-0.48327215253615774,35.0197],[-0.5061210762680789,35.04740284776137],[-0.5518189237319212,35.04740284776137],[-0.5746678474638424,35.0197],[-0.5518189237319212,34.99199715223863],[-0.5061210762680789,34.99199715223863],[-0.48327215253615774,35.0197]]]}},{"type":"Feature","properties":{"nameAr":"وادي سفيون","nameFr":"Oued Sefioun","wilayaCode":22,"code":2243},"geometry":{"type":"Polygon","coordinates":[[[-0.04047194333637909,34.996111],[-0.06690262166818953,35.028156494424444],[-0.11976397833181043,35.028156494424444],[-0.14619465666362091,34.996111],[-0.11976397833181048,34.964065505575554],[-0.06690262166818953,34.964065505575554],[-0.04047194333637909,34.996111]]]}},{"type":"Feature","properties":{"nameAr":"حاسي دحو","nameFr":"Hassi Dahou","wilayaCode":22,"code":2252},"geometry":{"type":"Polygon","coordinates":[[[-0.5070609581206272,35.071944],[-0.5263304790603136,35.09530705251353],[-0.5648695209396863,35.09530705251353],[-0.5841390418793727,35.071944],[-0.5648695209396863,35.04858094748647],[-0.5263304790603136,35.04858094748647],[-0.5070609581206272,35.071944]]]}},{"type":"Feature","properties":{"nameAr":"وادي تاوريرة","nameFr":"Oued Taourira","wilayaCode":22,"code":2231},"geometry":{"type":"Polygon","coordinates":[[[-0.2347236393324416,34.61972],[-0.2868068196662208,34.68286750019052],[-0.3909731803337792,34.68286750019052],[-0.44305636066755844,34.61972],[-0.39097318033377926,34.556572499809484],[-0.2868068196662208,34.556572499809484],[-0.2347236393324416,34.61972]]]}},{"type":"Feature","properties":{"nameAr":"بن عشيبة شلية","nameFr":"Benachiba Chelia","wilayaCode":22,"code":2251},"geometry":{"type":"Polygon","coordinates":[[[-0.5648515112931178,34.9634],[-0.5896757556465589,34.99349779673577],[-0.6393242443534412,34.99349779673577],[-0.6641484887068823,34.9634],[-0.6393242443534412,34.93330220326423],[-0.5896757556465589,34.93330220326423],[-0.5648515112931178,34.9634]]]}},{"type":"Feature","properties":{"nameAr":"سيدي يعقوب","nameFr":"Sidi Yacoub","wilayaCode":22,"code":2240},"geometry":{"type":"Polygon","coordinates":[[[-0.7548371224331293,35.13583],[-0.7704740612165646,35.154788780713425],[-0.8017479387834354,35.154788780713425],[-0.8173848775668707,35.13583],[-0.8017479387834354,35.11687121928657],[-0.7704740612165646,35.11687121928657],[-0.7548371224331293,35.13583]]]}},{"type":"Feature","properties":{"nameAr":"سيدي لحسن","nameFr":"Sidi Lahcene","wilayaCode":22,"code":2214},"geometry":{"type":"Polygon","coordinates":[[[-0.663543788153161,35.1632838],[-0.6797294940765805,35.18290792551102],[-0.7121009059234195,35.18290792551102],[-0.728286611846839,35.1632838],[-0.7121009059234195,35.14365967448899],[-0.6797294940765805,35.14365967448899],[-0.663543788153161,35.1632838]]]}},{"type":"Feature","properties":{"nameAr":"سيدي خالد","nameFr":"Sidi Khaled","wilayaCode":22,"code":2227},"geometry":{"type":"Polygon","coordinates":[[[-0.6878319260579676,35.11349],[-0.7037609630289838,35.13280293094461],[-0.7356190369710163,35.13280293094461],[-0.7515480739420325,35.11349],[-0.7356190369710163,35.09417706905539],[-0.7037609630289838,35.09417706905539],[-0.6878319260579676,35.11349]]]}},{"type":"Feature","properties":{"nameAr":"طابية","nameFr":"Tabia","wilayaCode":22,"code":2221},"geometry":{"type":"Polygon","coordinates":[[[-0.699626001748877,35.206],[-0.7167580008744385,35.22677144504449],[-0.7510219991255616,35.22677144504449],[-0.7681539982511231,35.206],[-0.7510219991255616,35.185228554955515],[-0.7167580008744385,35.185228554955515],[-0.699626001748877,35.206]]]}},{"type":"Feature","properties":{"nameAr":"سيدي ابراهيم","nameFr":"Sidi Brahim","wilayaCode":22,"code":2203},"geometry":{"type":"Polygon","coordinates":[[[-0.5238496556220413,35.26055556],[-0.5456748278110207,35.287017174980676],[-0.5893251721889793,35.287017174980676],[-0.6111503443779587,35.26055556],[-0.5893251721889793,35.234093945019325],[-0.5456748278110207,35.234093945019325],[-0.5238496556220413,35.26055556]]]}},{"type":"Feature","properties":{"nameAr":"العمارنة","nameFr":"Amarnas","wilayaCode":22,"code":2212},"geometry":{"type":"Polygon","coordinates":[[[-0.5891820881402053,35.135556],[-0.6059810440701027,35.15592365162929],[-0.6395789559298973,35.15592365162929],[-0.6563779118597947,35.135556],[-0.6395789559298973,35.115188348370715],[-0.6059810440701027,35.115188348370715],[-0.5891820881402053,35.135556]]]}},{"type":"Feature","properties":{"nameAr":"بوخنفيس","nameFr":"Boukhanefis","wilayaCode":22,"code":2207},"geometry":{"type":"Polygon","coordinates":[[[-0.6846313637276716,35.066111],[-0.7039821818638358,35.0895726201259],[-0.7426838181361642,35.0895726201259],[-0.7620346362723284,35.066111],[-0.7426838181361642,35.0426493798741],[-0.7039821818638358,35.0426493798741],[-0.6846313637276716,35.066111]]]}},{"type":"Feature","properties":{"nameAr":"حاسي زهانة","nameFr":"Hassi Zahana","wilayaCode":22,"code":2220},"geometry":{"type":"Polygon","coordinates":[[[-0.8576551966660226,34.9876],[-0.8738275983330113,35.00720799495735],[-0.9061724016669888,35.00720799495735],[-0.9223448033339774,34.9876],[-0.9061724016669888,34.96799200504265],[-0.8738275983330113,34.96799200504265],[-0.8576551966660226,34.9876]]]}},{"type":"Feature","properties":{"nameAr":"شيطوان البلايلة","nameFr":"Chetouane Belaila","wilayaCode":22,"code":2247},"geometry":{"type":"Polygon","coordinates":[[[-0.7963302008967442,34.95],[-0.8163651004483721,34.97429102476357],[-0.856434899551628,34.97429102476357],[-0.8764697991032558,34.95],[-0.856434899551628,34.92570897523643],[-0.8163651004483721,34.92570897523643],[-0.7963302008967442,34.95]]]}},{"type":"Feature","properties":{"nameAr":"بن باديس","nameFr":"Ben Badis","wilayaCode":22,"code":2245},"geometry":{"type":"Polygon","coordinates":[[[-0.8764303331859453,34.95234],[-0.8962601665929727,34.976382395276616],[-0.9359198334070272,34.976382395276616],[-0.9557496668140546,34.95234],[-0.9359198334070272,34.92829760472338],[-0.8962601665929727,34.92829760472338],[-0.8764303331859453,34.95234]]]}},{"type":"Feature","properties":{"nameAr":"بضرابين المقراني","nameFr":"Bedrabine El Mokrani","wilayaCode":22,"code":2209},"geometry":{"type":"Polygon","coordinates":[[[-0.8188155237835073,35.008889],[-0.8345577618917536,35.027975449359836],[-0.8660422381082463,35.027975449359836],[-0.8817844762164926,35.008889],[-0.8660422381082463,34.98980255064017],[-0.8345577618917536,34.98980255064017],[-0.8188155237835073,35.008889]]]}},{"type":"Feature","properties":{"nameAr":"سفيزف","nameFr":"Sfisef","wilayaCode":22,"code":2229},"geometry":{"type":"Polygon","coordinates":[[[-0.1879043424106118,35.23464],[-0.2161271712053059,35.268858361384005],[-0.2725728287946941,35.268858361384005],[-0.3007956575893882,35.23464],[-0.27257282879469413,35.20042163861599],[-0.2161271712053059,35.20042163861599],[-0.1879043424106118,35.23464]]]}},{"type":"Feature","properties":{"nameAr":"مسيد","nameFr":"M'cid","wilayaCode":22,"code":2226},"geometry":{"type":"Polygon","coordinates":[[[0.17377660674131193,35.1165888],[0.16188830337065596,35.13100260181764],[0.13811169662934403,35.13100260181764],[0.12622339325868806,35.1165888],[0.13811169662934403,35.10217499818236],[0.16188830337065596,35.10217499818236],[0.17377660674131193,35.1165888]]]}},{"type":"Feature","properties":{"nameAr":"بوجبهة البرج","nameFr":"Boudjebaa El Bordj","wilayaCode":22,"code":2238},"geometry":{"type":"Polygon","coordinates":[[[-0.2699228953236016,35.34988],[-0.2973114476618008,35.38308685493686],[-0.3520885523381992,35.38308685493686],[-0.3794771046763984,35.34988],[-0.35208855233819925,35.316673145063135],[-0.2973114476618008,35.316673145063135],[-0.2699228953236016,35.34988]]]}},{"type":"Feature","properties":{"nameAr":"عين أدن","nameFr":"Ain- Adden","wilayaCode":22,"code":2230},"geometry":{"type":"Polygon","coordinates":[[[-0.20581977927286632,35.329444],[-0.23360488963643317,35.36313165599053],[-0.28917511036356686,35.36313165599053],[-0.3169602207271337,35.329444],[-0.28917511036356686,35.295756344009476],[-0.23360488963643317,35.295756344009476],[-0.20581977927286632,35.329444]]]}},{"type":"Feature","properties":{"nameAr":"سيدي حمادوش","nameFr":"Sidi Hamadouche","wilayaCode":22,"code":2241},"geometry":{"type":"Polygon","coordinates":[[[-0.5111486384345453,35.1375],[-0.5300188192172726,35.16037887830459],[-0.5677591807827272,35.16037887830459],[-0.5866293615654546,35.1375],[-0.5677591807827274,35.114621121695414],[-0.5300188192172726,35.114621121695414],[-0.5111486384345453,35.1375]]]}},{"type":"Feature","properties":{"nameAr":"سيدي شعيب","nameFr":"Sidi Chaib","wilayaCode":22,"code":2235},"geometry":{"type":"Polygon","coordinates":[[[-0.42764588537808984,34.3411],[-0.4881279426890449,34.414430597346204],[-0.6090920573109552,34.414430597346204],[-0.6695741146219103,34.3411],[-0.6090920573109552,34.26776940265379],[-0.4881279426890449,34.26776940265379],[-0.42764588537808984,34.3411]]]}},{"type":"Feature","properties":{"nameAr":"مكدرة","nameFr":"Makedra","wilayaCode":22,"code":2216},"geometry":{"type":"Polygon","coordinates":[[[-0.37708940809705427,35.440833],[-0.40424470404852714,35.47375704659776],[-0.4585552959514729,35.47375704659776],[-0.48571059190294574,35.440833],[-0.4585552959514729,35.407908953402234],[-0.40424470404852714,35.407908953402234],[-0.37708940809705427,35.440833]]]}},{"type":"Feature","properties":{"nameAr":"عين البرد","nameFr":"Ain El Berd","wilayaCode":22,"code":2228},"geometry":{"type":"Polygon","coordinates":[[[-0.4564261225082388,35.363949],[-0.4846030612541194,35.398111722656736],[-0.5409569387458806,35.398111722656736],[-0.5691338774917613,35.363949],[-0.5409569387458807,35.32978627734326],[-0.4846030612541194,35.32978627734326],[-0.4564261225082388,35.363949]]]}},{"type":"Feature","properties":{"nameAr":"رجم دموش","nameFr":"Redjem Demouche","wilayaCode":22,"code":2250},"geometry":{"type":"Polygon","coordinates":[[[-0.7138717991857457,34.427222],[-0.7617969995928728,34.485328217447645],[-0.8576474004071271,34.485328217447645],[-0.9055726008142542,34.427222],[-0.8576474004071271,34.369115782552356],[-0.7617969995928728,34.369115782552356],[-0.7138717991857457,34.427222]]]}},{"type":"Feature","properties":{"nameAr":"راس الماء","nameFr":"Ras El Ma","wilayaCode":22,"code":2223},"geometry":{"type":"Polygon","coordinates":[[[-0.7260900219852519,34.4973612],[-0.7658438109926259,34.5455601076479],[-0.845351389007374,34.5455601076479],[-0.8851051780147482,34.4973612],[-0.8453513890073742,34.4491622923521],[-0.7658438109926259,34.4491622923521],[-0.7260900219852519,34.4973612]]]}},{"type":"Feature","properties":{"nameAr":"وادي السبع","nameFr":"Oued Sebaa","wilayaCode":22,"code":2237},"geometry":{"type":"Polygon","coordinates":[[[-0.7548254978099479,34.5866667],[-0.7894962489049739,34.628702751703216],[-0.858837751095026,34.628702751703216],[-0.8935085021900521,34.5866667],[-0.858837751095026,34.54463064829679],[-0.7894962489049739,34.54463064829679],[-0.7548254978099479,34.5866667]]]}},{"type":"Feature","properties":{"nameAr":"مرحوم","nameFr":"Marhoum","wilayaCode":22,"code":2210},"geometry":{"type":"Polygon","coordinates":[[[-0.07350020922787139,34.446751],[-0.1342626046139357,34.520421489198775],[-0.25578739538606426,34.520421489198775],[-0.31654979077212864,34.446751],[-0.2557873953860644,34.37308051080122],[-0.1342626046139357,34.37308051080122],[-0.07350020922787139,34.446751]]]}},{"type":"Feature","properties":{"nameAr":"سيدي بلعباس","nameFr":"Sidi Bel-Abbes","wilayaCode":22,"code":2201},"geometry":{"type":"Polygon","coordinates":[[[-0.5927019084100256,35.2022249],[-0.6112970542050128,35.22477031610374],[-0.6484873457949872,35.22477031610374],[-0.6670824915899745,35.2022249],[-0.6484873457949872,35.17967948389625],[-0.6112970542050128,35.17967948389625],[-0.5927019084100256,35.2022249]]]}},{"type":"Feature","properties":{"nameAr":"عين الثريد","nameFr":"Ain Thrid","wilayaCode":22,"code":2215},"geometry":{"type":"Polygon","coordinates":[[[-0.6298253716781794,35.284722],[-0.6528293508390897,35.31261284247807],[-0.6988373091609104,35.31261284247807],[-0.7218412883218206,35.284722],[-0.6988373091609104,35.25683115752194],[-0.6528293508390897,35.25683115752194],[-0.6298253716781794,35.284722]]]}},{"type":"Feature","properties":{"nameAr":"السهالة الثورة","nameFr":"Sehala Thaoura","wilayaCode":22,"code":2239},"geometry":{"type":"Polygon","coordinates":[[[-0.7896802632394506,35.222],[-0.8106901316197253,35.24747311164648],[-0.8527098683802747,35.24747311164648],[-0.8737197367605494,35.222],[-0.8527098683802747,35.196526888353524],[-0.8106901316197253,35.196526888353524],[-0.7896802632394506,35.222]]]}},{"type":"Feature","properties":{"nameAr":"تسالة","nameFr":"Tessala","wilayaCode":22,"code":2202},"geometry":{"type":"Polygon","coordinates":[[[-0.7327870830300239,35.24356],[-0.752975041515012,35.26803659885797],[-0.793350958484988,35.26803659885797],[-0.8135389169699762,35.24356],[-0.7933509584849882,35.219083401142036],[-0.752975041515012,35.219083401142036],[-0.7327870830300239,35.24356]]]}},{"type":"Feature","properties":{"nameAr":"بلعربي","nameFr":"Belarbi","wilayaCode":22,"code":2242},"geometry":{"type":"Polygon","coordinates":[[[0.16987644364049945,35.15],[0.15993822182024972,35.16204945359069],[0.14006177817975027,35.16204945359069],[0.13012355635950054,35.15],[0.14006177817975024,35.13795054640931],[0.15993822182024972,35.13795054640931],[0.16987644364049945,35.15]]]}},{"type":"Feature","properties":{"nameAr":"مصطفى بن ابراهيم","nameFr":"Mostefa Ben Brahim","wilayaCode":22,"code":2204},"geometry":{"type":"Polygon","coordinates":[[[-0.28658508354700146,35.1925],[-0.3222925417735007,35.23579299230021],[-0.3937074582264992,35.23579299230021],[-0.4294149164529985,35.1925],[-0.3937074582264993,35.14920700769979],[-0.3222925417735007,35.14920700769979],[-0.28658508354700146,35.1925]]]}},{"type":"Feature","properties":{"nameAr":"تلموني","nameFr":"Tilmouni","wilayaCode":22,"code":2213},"geometry":{"type":"Polygon","coordinates":[[[-0.5546695703333767,35.083333],[-0.5725936851666884,35.1050648343004],[-0.6084419148333116,35.1050648343004],[-0.6263660296666232,35.083333],[-0.6084419148333116,35.06160116569961],[-0.5725936851666884,35.06160116569961],[-0.5546695703333767,35.083333]]]}},{"type":"Feature","properties":{"nameAr":"زروالة","nameFr":"Zerouala","wilayaCode":22,"code":2233},"geometry":{"type":"Polygon","coordinates":[[[-0.47295390711250357,35.242222],[-0.49747695355625177,35.271954613677856],[-0.5465230464437483,35.271954613677856],[-0.5710460928874965,35.242222],[-0.5465230464437483,35.21248938632214],[-0.49747695355625177,35.21248938632214],[-0.47295390711250357,35.242222]]]}},{"type":"Feature","properties":{"nameAr":"الضاية","nameFr":"Dhaya","wilayaCode":22,"code":2232},"geometry":{"type":"Polygon","coordinates":[[[-0.5563645116323365,34.67585],[-0.5885822558161683,34.71491193888215],[-0.6530177441838317,34.71491193888215],[-0.6852354883676636,34.67585],[-0.6530177441838318,34.63678806111784],[-0.5885822558161683,34.63678806111784],[-0.5563645116323365,34.67585]]]}},{"type":"Feature","properties":{"nameAr":"مزاورو","nameFr":"Mezaourou","wilayaCode":22,"code":2206},"geometry":{"type":"Polygon","coordinates":[[[-0.5715659050849579,34.8173267],[-0.5974424025424789,34.84870028582285],[-0.6491953974575211,34.84870028582285],[-0.6750718949150422,34.8173267],[-0.6491953974575211,34.785953114177154],[-0.5974424025424789,34.785953114177154],[-0.5715659050849579,34.8173267]]]}},{"type":"Feature","properties":{"nameAr":"تغاليمت","nameFr":"Teghalimet","wilayaCode":22,"code":2244},"geometry":{"type":"Polygon","coordinates":[[[-0.4972495004067214,34.882777],[-0.5236247502033607,34.91475529089707],[-0.5763752497966393,34.91475529089707],[-0.6027504995932788,34.882777],[-0.5763752497966395,34.850798709102925],[-0.5236247502033607,34.850798709102925],[-0.4972495004067214,34.882777]]]}},{"type":"Feature","properties":{"nameAr":"تلاغ","nameFr":"Telagh","wilayaCode":22,"code":2205},"geometry":{"type":"Polygon","coordinates":[[[-0.5195157780674441,34.7949589],[-0.545857889033722,34.82689701220055],[-0.598542110966278,34.82689701220055],[-0.624884221932556,34.7949589],[-0.5985421109662781,34.76302078779945],[-0.545857889033722,34.76302078779945],[-0.5195157780674441,34.7949589]]]}},{"type":"Feature","properties":{"nameAr":"عين قادة","nameFr":"Ain Kada","wilayaCode":22,"code":2225},"geometry":{"type":"Polygon","coordinates":[[[-0.8225978637131468,35.1369491],[-0.8392346818565735,35.157120170010494],[-0.8725083181434266,35.157120170010494],[-0.8891451362868532,35.1369491],[-0.8725083181434266,35.11677802998951],[-0.8392346818565735,35.11677802998951],[-0.8225978637131468,35.1369491]]]}},{"type":"Feature","properties":{"nameAr":"لمطار","nameFr":"Lamtar","wilayaCode":22,"code":2234},"geometry":{"type":"Polygon","coordinates":[[[-0.7668792512301216,35.070555],[-0.7824676256150608,35.089454899509484],[-0.8136443743849392,35.089454899509484],[-0.8292327487698784,35.070555],[-0.8136443743849392,35.051655100490514],[-0.7824676256150608,35.051655100490514],[-0.7668792512301216,35.070555]]]}},{"type":"Feature","properties":{"nameAr":"سيدي علي بوسيدي","nameFr":"Sidi Ali Boussidi","wilayaCode":22,"code":2208},"geometry":{"type":"Polygon","coordinates":[[[-0.8029396210974804,35.1],[-0.8181364770487403,35.118425208636026],[-0.8485301889512598,35.118425208636026],[-0.8637270449025196,35.1],[-0.8485301889512598,35.08157479136398],[-0.8181364770487403,35.08157479136398],[-0.8029396210974804,35.1]]]}},{"type":"Feature","properties":{"nameAr":"سيدي دحو الزاير","nameFr":"Sidi Dahou Zairs","wilayaCode":22,"code":2236},"geometry":{"type":"Polygon","coordinates":[[[-0.8709069892191014,35.11714],[-0.8904584946095506,35.1408449404905],[-0.9295615053904493,35.1408449404905],[-0.9491130107808986,35.11714],[-0.9295615053904493,35.093435059509495],[-0.8904584946095506,35.093435059509495],[-0.8709069892191014,35.11714]]]}},{"type":"Feature","properties":{"nameAr":"بئر الحمام","nameFr":"Bir El Hammam","wilayaCode":22,"code":2248},"geometry":{"type":"Polygon","coordinates":[[[-0.38962869857696475,34.418889],[-0.4444293492884824,34.48533125792413],[-0.5540306507115176,34.48533125792413],[-0.6088313014230352,34.418889],[-0.5540306507115177,34.35244674207587],[-0.4444293492884824,34.35244674207587],[-0.38962869857696475,34.418889]]]}},{"type":"Feature","properties":{"nameAr":"مرين","nameFr":"Merine","wilayaCode":22,"code":2222},"geometry":{"type":"Polygon","coordinates":[[[-0.3753044717179702,34.7805884],[-0.41315223585898514,34.826476375311586],[-0.4888477641410149,34.826476375311586],[-0.5266955282820298,34.7805884],[-0.48884776414101494,34.73470042468841],[-0.41315223585898514,34.73470042468841],[-0.3753044717179702,34.7805884]]]}},{"type":"Feature","properties":{"nameAr":"تفسور","nameFr":"Tefessour","wilayaCode":22,"code":2211},"geometry":{"type":"Polygon","coordinates":[[[-0.04724499911364255,35.035],[-0.07362249955682126,35.06698101966098],[-0.12637750044317872,35.06698101966098],[-0.15275500088635746,35.035],[-0.12637750044317875,35.003018980339014],[-0.07362249955682126,35.003018980339014],[-0.04724499911364255,35.035]]]}},{"type":"Feature","properties":{"nameAr":"تاودموت","nameFr":"Taoudmout","wilayaCode":22,"code":2249},"geometry":{"type":"Polygon","coordinates":[[[-0.010489688827515956,34.58777778],[-0.06039484441375796,34.648284565524506],[-0.160205155586242,34.648284565524506],[-0.21011031117248402,34.58777778],[-0.16020515558624204,34.5272709944755],[-0.06039484441375796,34.5272709944755],[-0.010489688827515956,34.58777778]]]}},{"type":"Feature","properties":{"nameAr":"عنابة","nameFr":"Annaba","wilayaCode":23,"code":2301},"geometry":{"type":"Polygon","coordinates":[[[7.810134878606772,36.9],[7.7884174393033865,36.92633099579863],[7.744982560696614,36.92633099579863],[7.723265121393228,36.9],[7.744982560696614,36.87366900420137],[7.7884174393033865,36.87366900420137],[7.810134878606772,36.9]]]}},{"type":"Feature","properties":{"nameAr":"سرايدي","nameFr":"Seraidi","wilayaCode":23,"code":2308},"geometry":{"type":"Polygon","coordinates":[[[7.707317141287044,36.91129],[7.686992070643522,36.935932838515406],[7.6463419293564785,36.935932838515406],[7.626016858712957,36.91129],[7.6463419293564785,36.886647161484596],[7.686992070643522,36.886647161484596],[7.707317141287044,36.91129]]]}},{"type":"Feature","properties":{"nameAr":"برحال","nameFr":"Berrahal","wilayaCode":23,"code":2302},"geometry":{"type":"Polygon","coordinates":[[[7.513585127853128,36.833333],[7.4817925639265646,36.871879435216584],[7.418207436073436,36.871879435216584],[7.386414872146872,36.833333],[7.418207436073436,36.79478656478342],[7.4817925639265646,36.79478656478342],[7.513585127853128,36.833333]]]}},{"type":"Feature","properties":{"nameAr":"واد العنب","nameFr":"Oued El Aneb","wilayaCode":23,"code":2306},"geometry":{"type":"Polygon","coordinates":[[[7.566445776480905,36.883333],[7.534756338240452,36.92175440196704],[7.471377461759548,36.92175440196704],[7.439688023519095,36.883333],[7.471377461759548,36.84491159803296],[7.534756338240452,36.84491159803296],[7.566445776480905,36.883333]]]}},{"type":"Feature","properties":{"nameAr":"الحجار","nameFr":"El Hadjar","wilayaCode":23,"code":2303},"geometry":{"type":"Polygon","coordinates":[[[7.769600362933538,36.80377],[7.753300181466769,36.82353291973113],[7.720699818533231,36.82353291973113],[7.704399637066462,36.80377],[7.720699818533231,36.78400708026887],[7.753300181466769,36.78400708026887],[7.769600362933538,36.80377]]]}},{"type":"Feature","properties":{"nameAr":"سيدي عمار","nameFr":"Sidi Amar","wilayaCode":23,"code":2311},"geometry":{"type":"Polygon","coordinates":[[[7.74659854885522,36.8175],[7.73150427442761,36.83580083514841],[7.70131572557239,36.83580083514841],[7.68622145114478,36.8175],[7.70131572557239,36.79919916485159],[7.73150427442761,36.79919916485159],[7.74659854885522,36.8175]]]}},{"type":"Feature","properties":{"nameAr":"البوني","nameFr":"El Bouni","wilayaCode":23,"code":2305},"geometry":{"type":"Polygon","coordinates":[[[7.6978738638183835,36.8535764],[7.680881431909192,36.87417862878761],[7.646896568090808,36.87417862878761],[7.629904136181617,36.8535764],[7.646896568090808,36.83297417121239],[7.680881431909192,36.83297417121239],[7.6978738638183835,36.8535764]]]}},{"type":"Feature","properties":{"nameAr":"عين الباردة","nameFr":"Ain El Berda","wilayaCode":23,"code":2309},"geometry":{"type":"Polygon","coordinates":[[[7.628526541801243,36.65],[7.6059282709006215,36.677398947354156],[7.560731729099379,36.677398947354156],[7.538133458198757,36.65],[7.560731729099379,36.62260105264584],[7.6059282709006215,36.62260105264584],[7.628526541801243,36.65]]]}},{"type":"Feature","properties":{"nameAr":"الشرفة","nameFr":"Cheurfa","wilayaCode":23,"code":2307},"geometry":{"type":"Polygon","coordinates":[[[7.6331906203878495,36.7236097],[7.606044060193925,36.75652315505462],[7.551750939806076,36.75652315505462],[7.524604379612151,36.7236097],[7.551750939806075,36.69069624494537],[7.606044060193925,36.69069624494537],[7.6331906203878495,36.7236097]]]}},{"type":"Feature","properties":{"nameAr":"العلمة","nameFr":"El Eulma","wilayaCode":23,"code":2304},"geometry":{"type":"Polygon","coordinates":[[[7.705528119020059,36.738889],[7.686114059510029,36.76242729621678],[7.6472859404899705,36.76242729621678],[7.62787188097994,36.738889],[7.6472859404899705,36.71535070378322],[7.686114059510029,36.71535070378322],[7.705528119020059,36.738889]]]}},{"type":"Feature","properties":{"nameAr":"التريعات","nameFr":"Treat","wilayaCode":23,"code":2312},"geometry":{"type":"Polygon","coordinates":[[[7.718386149783415,36.89747],[7.7008597413917075,36.918719640866044],[7.665806924608293,36.918719640866044],[7.648280516216586,36.89747],[7.665806924608293,36.87622035913395],[7.7008597413917075,36.87622035913395],[7.718386149783415,36.89747]]]}},{"type":"Feature","properties":{"nameAr":"شطايبي","nameFr":"Chetaibi","wilayaCode":23,"code":2310},"geometry":{"type":"Polygon","coordinates":[[[7.442855915953847,36.805556],[7.411567957976923,36.84349063301678],[7.3489920420230765,36.84349063301678],[7.317704084046153,36.805556],[7.3489920420230765,36.76762136698323],[7.411567957976923,36.76762136698323],[7.442855915953847,36.805556]]]}},{"type":"Feature","properties":{"nameAr":"نشماية","nameFr":"Nechmaya","wilayaCode":24,"code":2402},"geometry":{"type":"Polygon","coordinates":[[[7.562058182467265,36.611389],[7.537695591233633,36.64092707207448],[7.488970408766368,36.64092707207448],[7.464607817532736,36.611389],[7.4889704087663675,36.58185092792552],[7.537695591233633,36.58185092792552],[7.562058182467265,36.611389]]]}},{"type":"Feature","properties":{"nameAr":"بوحمدان","nameFr":"Bou Hamdane","wilayaCode":24,"code":2412},"geometry":{"type":"Polygon","coordinates":[[[7.168057151725384,36.46277],[7.1423620758626924,36.49392362382896],[7.090971924137307,36.49392362382896],[7.065276848274615,36.46277],[7.090971924137307,36.431616376171036],[7.1423620758626924,36.431616376171036],[7.168057151725384,36.46277]]]}},{"type":"Feature","properties":{"nameAr":"حمام دباغ","nameFr":"Hammam Debagh","wilayaCode":24,"code":2419},"geometry":{"type":"Polygon","coordinates":[[[7.302004648145212,36.461111],[7.284335824072606,36.48253331070263],[7.248998175927394,36.48253331070263],[7.231329351854788,36.461111],[7.248998175927394,36.43968868929738],[7.284335824072606,36.43968868929738],[7.302004648145212,36.461111]]]}},{"type":"Feature","properties":{"nameAr":"الركنية","nameFr":"Roknia","wilayaCode":24,"code":2428},"geometry":{"type":"Polygon","coordinates":[[[7.283549456468708,36.5481],[7.256079728234354,36.58140527548041],[7.201140271765645,36.58140527548041],[7.1736705435312915,36.5481],[7.201140271765645,36.51479472451959],[7.256079728234354,36.51479472451959],[7.283549456468708,36.5481]]]}},{"type":"Feature","properties":{"nameAr":"الدهوارة","nameFr":"Dahouara","wilayaCode":24,"code":2409},"geometry":{"type":"Polygon","coordinates":[[[7.785084364461956,36.351667],[7.758931182230977,36.383376048282564],[7.706624817769022,36.383376048282564],[7.680471635538043,36.351667],[7.706624817769022,36.319957951717434],[7.758931182230977,36.319957951717434],[7.785084364461956,36.351667]]]}},{"type":"Feature","properties":{"nameAr":"حمام النبايل","nameFr":"Hammam N'bail","wilayaCode":24,"code":2422},"geometry":{"type":"Polygon","coordinates":[[[7.686933634848406,36.4648323],[7.665266817424203,36.49110192003192],[7.621933182575797,36.49110192003192],[7.600266365151595,36.4648323],[7.621933182575797,36.43856267996807],[7.665266817424203,36.43856267996807],[7.686933634848406,36.4648323]]]}},{"type":"Feature","properties":{"nameAr":"قالمة","nameFr":"Guelma","wilayaCode":24,"code":2401},"geometry":{"type":"Polygon","coordinates":[[[7.4465368813929995,36.466],[7.4335684406965,36.4817233987269],[7.407631559303501,36.4817233987269],[7.394663118607001,36.466],[7.407631559303501,36.4502766012731],[7.4335684406965,36.4502766012731],[7.4465368813929995,36.466]]]}},{"type":"Feature","properties":{"nameAr":"بومهرة أحمد","nameFr":"Boumahra Ahmed","wilayaCode":24,"code":2431},"geometry":{"type":"Polygon","coordinates":[[[7.548184079031309,36.458007],[7.531037039515654,36.478796680548356],[7.496742960484346,36.478796680548356],[7.479595920968691,36.458007],[7.496742960484346,36.43721731945165],[7.531037039515654,36.43721731945165],[7.548184079031309,36.458007]]]}},{"type":"Feature","properties":{"nameAr":"عين بن بيضاء","nameFr":"Ain Ben Beida","wilayaCode":24,"code":2414},"geometry":{"type":"Polygon","coordinates":[[[7.735229780700929,36.61667],[7.717614890350465,36.63802691953973],[7.682385109649536,36.63802691953973],[7.664770219299071,36.61667],[7.682385109649536,36.595313080460265],[7.717614890350465,36.595313080460265],[7.735229780700929,36.61667]]]}},{"type":"Feature","properties":{"nameAr":"بوشقوف","nameFr":"Bouchegouf","wilayaCode":24,"code":2425},"geometry":{"type":"Polygon","coordinates":[[[7.770253750456287,36.4719271],[7.749986875228144,36.49649938032407],[7.709453124771857,36.49649938032407],[7.689186249543714,36.4719271],[7.709453124771857,36.44735481967594],[7.749986875228144,36.44735481967594],[7.770253750456287,36.4719271]]]}},{"type":"Feature","properties":{"nameAr":"مجاز الصفاء","nameFr":"Medjez Sfa","wilayaCode":24,"code":2430},"geometry":{"type":"Polygon","coordinates":[[[7.829097316768681,36.43337],[7.80575990838434,36.46166510392706],[7.75908509161566,36.46166510392706],[7.7357476832313194,36.43337],[7.75908509161566,36.40507489607293],[7.80575990838434,36.40507489607293],[7.829097316768681,36.43337]]]}},{"type":"Feature","properties":{"nameAr":"وادي فراغة","nameFr":"Oued Ferragha","wilayaCode":24,"code":2406},"geometry":{"type":"Polygon","coordinates":[[[7.7533195718867525,36.555833],[7.733187285943376,36.5802420994885],[7.692922714056624,36.5802420994885],[7.672790428113247,36.555833],[7.692922714056624,36.5314239005115],[7.733187285943376,36.5314239005115],[7.7533195718867525,36.555833]]]}},{"type":"Feature","properties":{"nameAr":"بوعاتي محمود","nameFr":"Bouati Mahmoud","wilayaCode":24,"code":2403},"geometry":{"type":"Polygon","coordinates":[[[7.387531953080432,36.583333],[7.360432476540216,36.61618936915833],[7.306233523459784,36.61618936915833],[7.279134046919567,36.583333],[7.306233523459784,36.55047663084168],[7.360432476540216,36.55047663084168],[7.387531953080432,36.583333]]]}},{"type":"Feature","properties":{"nameAr":"الفجوج","nameFr":"El Fedjoudj","wilayaCode":24,"code":2420},"geometry":{"type":"Polygon","coordinates":[[[7.4307562712393995,36.5048237],[7.415239135619699,36.523637227096884],[7.3842048643803,36.523637227096884],[7.3686877287606,36.5048237],[7.3842048643803,36.48601017290312],[7.415239135619699,36.48601017290312],[7.4307562712393995,36.5048237]]]}},{"type":"Feature","properties":{"nameAr":"هيليوبوليس","nameFr":"Heliopolis","wilayaCode":24,"code":2426},"geometry":{"type":"Polygon","coordinates":[[[7.4695572638497145,36.50361],[7.457128631924857,36.5186789153737],[7.432271368075143,36.5186789153737],[7.419842736150286,36.50361],[7.432271368075143,36.488541084626306],[7.457128631924857,36.488541084626306],[7.4695572638497145,36.50361]]]}},{"type":"Feature","properties":{"nameAr":"مجاز عمار","nameFr":"Medjez Amar","wilayaCode":24,"code":2424},"geometry":{"type":"Polygon","coordinates":[[[7.34550373944228,36.4454],[7.3280298697211395,36.466585941113294],[7.293082130278861,36.466585941113294],[7.27560826055772,36.4454],[7.293082130278861,36.424214058886704],[7.3280298697211395,36.424214058886704],[7.34550373944228,36.4454]]]}},{"type":"Feature","properties":{"nameAr":"هواري بومدين","nameFr":"Houari Boumedienne","wilayaCode":24,"code":2427},"geometry":{"type":"Polygon","coordinates":[[[7.320381100865216,36.4154],[7.3032455504326075,36.436175750775455],[7.268974449567392,36.436175750775455],[7.251838899134784,36.4154],[7.268974449567391,36.39462424922454],[7.3032455504326075,36.39462424922454],[7.320381100865216,36.4154]]]}},{"type":"Feature","properties":{"nameAr":"رأس العقبة","nameFr":"Ras El Agba","wilayaCode":24,"code":2408},"geometry":{"type":"Polygon","coordinates":[[[7.260236630926243,36.372949],[7.241526315463121,36.39563405190544],[7.204105684536879,36.39563405190544],[7.185395369073757,36.372949],[7.204105684536878,36.35026394809456],[7.241526315463121,36.35026394809456],[7.260236630926243,36.372949]]]}},{"type":"Feature","properties":{"nameAr":"سلاوة عنونة","nameFr":"Sellaoua Announa","wilayaCode":24,"code":2429},"geometry":{"type":"Polygon","coordinates":[[[7.285019204933698,36.386944],[7.267787602466848,36.40783620767789],[7.233324397533151,36.40783620767789],[7.216092795066301,36.386944],[7.233324397533151,36.36605179232211],[7.267787602466848,36.36605179232211],[7.285019204933698,36.386944]]]}},{"type":"Feature","properties":{"nameAr":"جبالة الخميسي","nameFr":"Djeballah Khemissi","wilayaCode":24,"code":2434},"geometry":{"type":"Polygon","coordinates":[[[7.674100946572391,36.5667],[7.653716973286196,36.59141425417427],[7.612949026713805,36.59141425417427],[7.5925650534276095,36.5667],[7.612949026713805,36.54198574582573],[7.653716973286196,36.54198574582573],[7.674100946572391,36.5667]]]}},{"type":"Feature","properties":{"nameAr":"برج صباط","nameFr":"Bordj Sabath","wilayaCode":24,"code":2421},"geometry":{"type":"Polygon","coordinates":[[[7.101098943749235,36.402899],[7.0747994218746175,36.43478547567112],[7.022200378125383,36.43478547567112],[6.995900856250766,36.402899],[7.022200378125383,36.371012524328876],[7.0747994218746175,36.371012524328876],[7.101098943749235,36.402899]]]}},{"type":"Feature","properties":{"nameAr":"وادي الزناتي","nameFr":"Oued Zenati","wilayaCode":24,"code":2404},"geometry":{"type":"Polygon","coordinates":[[[7.213825685770582,36.3153],[7.18885734288529,36.34557250692069],[7.13892065711471,36.34557250692069],[7.113952314229419,36.3153],[7.13892065711471,36.28502749307931],[7.18885734288529,36.28502749307931],[7.213825685770582,36.3153]]]}},{"type":"Feature","properties":{"nameAr":"عين رقادة","nameFr":"Ain Regada","wilayaCode":24,"code":2432},"geometry":{"type":"Polygon","coordinates":[[[7.135345047778065,36.259444],[7.104622523889033,36.29669308061879],[7.043177476110968,36.29669308061879],[7.012454952221935,36.259444],[7.043177476110968,36.22219491938122],[7.104622523889033,36.22219491938122],[7.135345047778065,36.259444]]]}},{"type":"Feature","properties":{"nameAr":"عين العربي","nameFr":"Ain Larbi","wilayaCode":24,"code":2423},"geometry":{"type":"Polygon","coordinates":[[[7.44392063087594,36.265833],[7.42006031543797,36.294762095036226],[7.37233968456203,36.294762095036226],[7.34847936912406,36.265833],[7.37233968456203,36.236903904963775],[7.42006031543797,36.236903904963775],[7.44392063087594,36.265833]]]}},{"type":"Feature","properties":{"nameAr":"عين مخلوف","nameFr":"Ain Makhlouf","wilayaCode":24,"code":2413},"geometry":{"type":"Polygon","coordinates":[[[7.307877123074727,36.243333],[7.2793550615373634,36.27791416180352],[7.222310938462637,36.27791416180352],[7.193788876925273,36.243333],[7.222310938462637,36.20875183819648],[7.2793550615373634,36.20875183819648],[7.307877123074727,36.243333]]]}},{"type":"Feature","properties":{"nameAr":"تاملوكة","nameFr":"Tamlouka","wilayaCode":24,"code":2405},"geometry":{"type":"Polygon","coordinates":[[[7.211150208778442,36.15],[7.17634510438922,36.19219894641541],[7.10673489561078,36.19219894641541],[7.071929791221558,36.15],[7.106734895610779,36.10780105358459],[7.17634510438922,36.10780105358459],[7.211150208778442,36.15]]]}},{"type":"Feature","properties":{"nameAr":"عين صندل","nameFr":"Ain Sandel","wilayaCode":24,"code":2407},"geometry":{"type":"Polygon","coordinates":[[[7.554650533446662,36.24472222],[7.533575266723331,36.27027462292351],[7.491424733276669,36.27027462292351],[7.470349466553339,36.24472222],[7.491424733276669,36.21916981707649],[7.533575266723331,36.21916981707649],[7.554650533446662,36.24472222]]]}},{"type":"Feature","properties":{"nameAr":"بوحشانة","nameFr":"Bou Hachana","wilayaCode":24,"code":2417},"geometry":{"type":"Polygon","coordinates":[[[7.555088460404304,36.306868],[7.531446180202152,36.33553274136184],[7.484161619797848,36.33553274136184],[7.460519339595696,36.306868],[7.484161619797848,36.278203258638165],[7.531446180202152,36.278203258638165],[7.555088460404304,36.306868]]]}},{"type":"Feature","properties":{"nameAr":"لخزارة","nameFr":"Khezaras","wilayaCode":24,"code":2415},"geometry":{"type":"Polygon","coordinates":[[[7.574190407544387,36.369444],[7.551678703772194,36.39673799028887],[7.506655296227806,36.39673799028887],[7.484143592455613,36.369444],[7.506655296227806,36.34215000971113],[7.551678703772194,36.34215000971113],[7.574190407544387,36.369444]]]}},{"type":"Feature","properties":{"nameAr":"بلخير","nameFr":"Belkheir","wilayaCode":24,"code":2410},"geometry":{"type":"Polygon","coordinates":[[[7.5064993182146935,36.4587897],[7.492749659107347,36.47546027571247],[7.465250340892653,36.47546027571247],[7.451500681785307,36.4587897],[7.465250340892653,36.44211912428752],[7.492749659107347,36.44211912428752],[7.5064993182146935,36.4587897]]]}},{"type":"Feature","properties":{"nameAr":"بني مزلين","nameFr":"Beni Mezline","wilayaCode":24,"code":2416},"geometry":{"type":"Polygon","coordinates":[[[7.645991624725831,36.480833],[7.624545812362915,36.50683466563551],[7.581654187637086,36.50683466563551],[7.56020837527417,36.480833],[7.581654187637086,36.454831334364485],[7.624545812362915,36.454831334364485],[7.645991624725831,36.480833]]]}},{"type":"Feature","properties":{"nameAr":"قلعة بوصبع","nameFr":"Guelaat Bou Sbaa","wilayaCode":24,"code":2418},"geometry":{"type":"Polygon","coordinates":[[[7.507709077005518,36.54565],[7.490519538502759,36.56649120783181],[7.456140461497241,36.56649120783181],[7.438950922994482,36.54565],[7.456140461497241,36.524808792168194],[7.490519538502759,36.524808792168194],[7.507709077005518,36.54565]]]}},{"type":"Feature","properties":{"nameAr":"وادي الشحم","nameFr":"Oued Cheham","wilayaCode":24,"code":2433},"geometry":{"type":"Polygon","coordinates":[[[7.810967366217753,36.38333],[7.786873683108877,36.41254203830023],[7.7386863168911235,36.41254203830023],[7.714592633782248,36.38333],[7.7386863168911235,36.35411796169977],[7.786873683108877,36.35411796169977],[7.810967366217753,36.38333]]]}},{"type":"Feature","properties":{"nameAr":"بن جراح","nameFr":"Bendjarah","wilayaCode":24,"code":2411},"geometry":{"type":"Polygon","coordinates":[[[7.452769159040839,36.43222222],[7.43680107952042,36.451582487520064],[7.4048649204795804,36.451582487520064],[7.388896840959161,36.43222222],[7.4048649204795804,36.412861952479936],[7.43680107952042,36.412861952479936],[7.452769159040839,36.43222222]]]}},{"type":"Feature","properties":{"nameAr":"ديدوش مراد","nameFr":"Didouche Mourad","wilayaCode":25,"code":2505},"geometry":{"type":"Polygon","coordinates":[[[6.684877662082145,36.4525],[6.660633831041072,36.48189408299328],[6.612146168958927,36.48189408299328],[6.587902337917854,36.4525],[6.612146168958927,36.42310591700672],[6.660633831041072,36.42310591700672],[6.684877662082145,36.4525]]]}},{"type":"Feature","properties":{"nameAr":"حامة بوزيان","nameFr":"Hamma Bouziane","wilayaCode":25,"code":2502},"geometry":{"type":"Polygon","coordinates":[[[6.639149012113579,36.41205],[6.617589506056789,36.438189511913514],[6.574470493943211,36.438189511913514],[6.5529109878864205,36.41205],[6.574470493943211,36.38591048808649],[6.617589506056789,36.38591048808649],[6.639149012113579,36.41205]]]}},{"type":"Feature","properties":{"nameAr":"بني حميدان","nameFr":"Beni Hamidane","wilayaCode":25,"code":2508},"geometry":{"type":"Polygon","coordinates":[[[6.601542486100444,36.505561],[6.575632348050221,36.536975372873876],[6.523812071949778,36.536975372873876],[6.497901933899556,36.505561],[6.523812071949778,36.474146627126125],[6.575632348050221,36.474146627126125],[6.601542486100444,36.505561]]]}},{"type":"Feature","properties":{"nameAr":"زيغود يوسف","nameFr":"Zighoud Youcef","wilayaCode":25,"code":2504},"geometry":{"type":"Polygon","coordinates":[[[6.768976831769805,36.53307],[6.7406784158849025,36.56738000586046],[6.684081584115097,36.56738000586046],[6.655783168230194,36.53307],[6.684081584115097,36.49875999413955],[6.7406784158849025,36.49875999413955],[6.768976831769805,36.53307]]]}},{"type":"Feature","properties":{"nameAr":"عين السمارة","nameFr":"Ain Smara","wilayaCode":25,"code":2510},"geometry":{"type":"Polygon","coordinates":[[[6.563657418134548,36.2675],[6.532563709067275,36.305199118730194],[6.470376290932726,36.305199118730194],[6.439282581865452,36.2675],[6.470376290932726,36.2298008812698],[6.532563709067275,36.2298008812698],[6.563657418134548,36.2675]]]}},{"type":"Feature","properties":{"nameAr":"الخروب","nameFr":"El Khroub","wilayaCode":25,"code":2506},"geometry":{"type":"Polygon","coordinates":[[[6.753937185653234,36.26333],[6.723773592826617,36.29990141272017],[6.6634464071733825,36.29990141272017],[6.6332828143467655,36.26333],[6.6634464071733825,36.22675858727984],[6.723773592826617,36.22675858727984],[6.753937185653234,36.26333]]]}},{"type":"Feature","properties":{"nameAr":"أولاد رحمون","nameFr":"Ouled Rahmoun","wilayaCode":25,"code":2509},"geometry":{"type":"Polygon","coordinates":[[[6.747729047866431,36.17148],[6.720514523933216,36.204475856709294],[6.666085476066784,36.204475856709294],[6.638870952133568,36.17148],[6.666085476066784,36.13848414329071],[6.720514523933216,36.13848414329071],[6.747729047866431,36.17148]]]}},{"type":"Feature","properties":{"nameAr":"عين عبيد","nameFr":"Ain Abid","wilayaCode":25,"code":2507},"geometry":{"type":"Polygon","coordinates":[[[7.022554129744055,36.2325],[6.983300064872028,36.28009302433337],[6.904791935127973,36.28009302433337],[6.865537870255945,36.2325],[6.904791935127973,36.184906975666635],[6.983300064872028,36.184906975666635],[7.022554129744055,36.2325]]]}},{"type":"Feature","properties":{"nameAr":"أبن باديس الهرية","nameFr":"Ben Badis","wilayaCode":25,"code":2503},"geometry":{"type":"Polygon","coordinates":[[[6.861347433263831,36.806388],[6.846649266631916,36.82420857996921],[6.817252933368085,36.82420857996921],[6.802554766736169,36.806388],[6.817252933368085,36.78856742003079],[6.846649266631916,36.78856742003079],[6.861347433263831,36.806388]]]}},{"type":"Feature","properties":{"nameAr":"ابن زياد","nameFr":"Ibn Ziad","wilayaCode":25,"code":2512},"geometry":{"type":"Polygon","coordinates":[[[6.513955437388471,36.379167],[6.490327718694236,36.40781408647175],[6.443072281305764,36.40781408647175],[6.419444562611529,36.379167],[6.443072281305764,36.35051991352825],[6.490327718694236,36.35051991352825],[6.513955437388471,36.379167]]]}},{"type":"Feature","properties":{"nameAr":"بوجريو مسعود","nameFr":"Messaoud Boudjeriou","wilayaCode":25,"code":2511},"geometry":{"type":"Polygon","coordinates":[[[6.515883050498169,36.424444],[6.494191525249085,36.45074357667755],[6.450808474750915,36.45074357667755],[6.429116949501831,36.424444],[6.450808474750915,36.39814442332245],[6.494191525249085,36.39814442332245],[6.515883050498169,36.424444]]]}},{"type":"Feature","properties":{"nameAr":"قسنطينة","nameFr":"Constantine","wilayaCode":25,"code":2501},"geometry":{"type":"Polygon","coordinates":[[[6.697291823512382,36.365],[6.66986241175619,36.398256394348415],[6.615003588243809,36.398256394348415],[6.5875741764876174,36.365],[6.615003588243809,36.33174360565159],[6.66986241175619,36.33174360565159],[6.697291823512382,36.365]]]}},{"type":"Feature","properties":{"nameAr":"أولاد هلال","nameFr":"Ouled Hellal","wilayaCode":26,"code":2622},"geometry":{"type":"Polygon","coordinates":[[[2.567075365423636,35.9370104],[2.532547532711818,35.978873172372474],[2.463491867288182,35.978873172372474],[2.428964034576364,35.9370104],[2.463491867288182,35.89514762762752],[2.532547532711818,35.89514762762752],[2.567075365423636,35.9370104]]]}},{"type":"Feature","properties":{"nameAr":"العزيزية","nameFr":"El Azizia","wilayaCode":26,"code":2636},"geometry":{"type":"Polygon","coordinates":[[[3.522038307805987,36.28656],[3.508079153902994,36.30348457465346],[3.4801608460970064,36.30348457465346],[3.466201692194013,36.28656],[3.4801608460970064,36.26963542534654],[3.508079153902994,36.26963542534654],[3.522038307805987,36.28656]]]}},{"type":"Feature","properties":{"nameAr":"مغراوة","nameFr":"Maghraoua","wilayaCode":26,"code":2639},"geometry":{"type":"Polygon","coordinates":[[[3.5709818300946954,36.3512874],[3.553129415047348,36.37293230292987],[3.5174245849526518,36.37293230292987],[3.499572169905304,36.3512874],[3.5174245849526518,36.329642497070125],[3.553129415047348,36.329642497070125],[3.5709818300946954,36.3512874]]]}},{"type":"Feature","properties":{"nameAr":"ميهوب","nameFr":"Mihoub","wilayaCode":26,"code":2650},"geometry":{"type":"Polygon","coordinates":[[[3.515065510272134,36.3527],[3.495449255136067,36.37648344538493],[3.456216744863933,36.37648344538493],[3.436600489727866,36.3527],[3.456216744863933,36.32891655461507],[3.495449255136067,36.32891655461507],[3.515065510272134,36.3527]]]}},{"type":"Feature","properties":{"nameAr":"حناشة","nameFr":"Hannacha","wilayaCode":26,"code":2660},"geometry":{"type":"Polygon","coordinates":[[[3.5614294276730813,36.19112],[3.5434947138365405,36.212864684908865],[3.5076252861634596,36.212864684908865],[3.4896905723269187,36.19112],[3.5076252861634596,36.16937531509113],[3.5434947138365405,36.16937531509113],[3.5614294276730813,36.19112]]]}},{"type":"Feature","properties":{"nameAr":"عوامري","nameFr":"Ouamri","wilayaCode":26,"code":2643},"geometry":{"type":"Polygon","coordinates":[[[2.615447649974726,36.2333],[2.591057324987363,36.26287169746386],[2.5422766750126367,36.26287169746386],[2.5178863500252735,36.2333],[2.5422766750126367,36.20372830253614],[2.591057324987363,36.20372830253614],[2.615447649974726,36.2333]]]}},{"type":"Feature","properties":{"nameAr":"وادي حربيل","nameFr":"Oued Harbil","wilayaCode":26,"code":2629},"geometry":{"type":"Polygon","coordinates":[[[2.673092811573088,36.233333],[2.6531964057865443,36.257456109997214],[2.613403594213456,36.257456109997214],[2.5935071884269125,36.233333],[2.613403594213456,36.20920989000279],[2.6531964057865443,36.20920989000279],[2.673092811573088,36.233333]]]}},{"type":"Feature","properties":{"nameAr":"بني سليمان","nameFr":"Beni Slimane","wilayaCode":26,"code":2646},"geometry":{"type":"Polygon","coordinates":[[[3.3536826401844135,36.22703],[3.329821320092207,36.255960313114755],[3.2820986799077927,36.255960313114755],[3.258237359815586,36.22703],[3.2820986799077927,36.19809968688524],[3.329821320092207,36.19809968688524],[3.3536826401844135,36.22703]]]}},{"type":"Feature","properties":{"nameAr":"بوعيشون","nameFr":"Bouaichoune","wilayaCode":26,"code":2659},"geometry":{"type":"Polygon","coordinates":[[[2.690121486017736,36.1625],[2.6694150930088676,36.187605167312995],[2.628002306991132,36.187605167312995],[2.607295913982264,36.1625],[2.6280023069911316,36.13739483268701],[2.6694150930088676,36.13739483268701],[2.690121486017736,36.1625]]]}},{"type":"Feature","properties":{"nameAr":"أولاد بوعشرة","nameFr":"Ouled Bouachra","wilayaCode":26,"code":2627},"geometry":{"type":"Polygon","coordinates":[[[2.755866837844315,36.160382],[2.7390364189221574,36.18078779848009],[2.7053755810778424,36.18078779848009],[2.688545162155685,36.160382],[2.7053755810778424,36.13997620151991],[2.7390364189221574,36.13997620151991],[2.755866837844315,36.160382]]]}},{"type":"Feature","properties":{"nameAr":"سي المحجوب","nameFr":"Si Mahdjoub","wilayaCode":26,"code":2644},"geometry":{"type":"Polygon","coordinates":[[[2.755866837844315,36.160382],[2.7390364189221574,36.18078779848009],[2.7053755810778424,36.18078779848009],[2.688545162155685,36.160382],[2.7053755810778424,36.13997620151991],[2.7390364189221574,36.13997620151991],[2.755866837844315,36.160382]]]}},{"type":"Feature","properties":{"nameAr":"بوسكن","nameFr":"Bouskene","wilayaCode":26,"code":2619},"geometry":{"type":"Polygon","coordinates":[[[3.2725438170095695,36.191111],[3.2543219085047848,36.21320388993881],[3.217878091495215,36.21320388993881],[3.1996561829904304,36.191111],[3.217878091495215,36.16901811006119],[3.2543219085047848,36.16901811006119],[3.2725438170095695,36.191111]]]}},{"type":"Feature","properties":{"nameAr":"سيدي الربيع","nameFr":"Sidi Rabie","wilayaCode":26,"code":2655},"geometry":{"type":"Polygon","coordinates":[[[3.7986313274049492,36.14766],[3.774315663702475,36.177141175466716],[3.725684336297525,36.177141175466716],[3.7013686725950508,36.14766],[3.725684336297525,36.11817882453329],[3.774315663702475,36.11817882453329],[3.7986313274049492,36.14766]]]}},{"type":"Feature","properties":{"nameAr":"البرواقية","nameFr":"Berrouaghia","wilayaCode":26,"code":2647},"geometry":{"type":"Polygon","coordinates":[[[2.956888775736522,36.13516],[2.933944387868261,36.16297859187547],[2.888055612131739,36.16297859187547],[2.865111224263478,36.13516],[2.888055612131739,36.107341408124526],[2.933944387868261,36.107341408124526],[2.956888775736522,36.13516]]]}},{"type":"Feature","properties":{"nameAr":"أولاد دايد","nameFr":"Ouled Deid","wilayaCode":26,"code":2606},"geometry":{"type":"Polygon","coordinates":[[[3.553239250858212,36.112778],[3.534969625429106,36.13492874363492],[3.4984303745708942,36.13492874363492],[3.4801607491417883,36.112778],[3.4984303745708942,36.090627256365075],[3.534969625429106,36.090627256365075],[3.553239250858212,36.112778]]]}},{"type":"Feature","properties":{"nameAr":"الربعية","nameFr":"Rebaia","wilayaCode":26,"code":2620},"geometry":{"type":"Polygon","coordinates":[[[3.2037633004135193,36.02783],[3.1709091502067595,36.06766354017832],[3.1052008497932406,36.06766354017832],[3.0723466995864808,36.02783],[3.1052008497932406,35.98799645982168],[3.1709091502067595,35.98799645982168],[3.2037633004135193,36.02783]]]}},{"type":"Feature","properties":{"nameAr":"مجبر","nameFr":"Medjebar","wilayaCode":26,"code":2662},"geometry":{"type":"Polygon","coordinates":[[[3.506264867023406,35.950556],[3.483962433511703,35.977596263582285],[3.4393575664882974,35.977596263582285],[3.4170551329765946,35.950556],[3.4393575664882974,35.92351573641771],[3.483962433511703,35.92351573641771],[3.506264867023406,35.950556]]]}},{"type":"Feature","properties":{"nameAr":"ثلاث دوائر","nameFr":"Tletat Ed Douair","wilayaCode":26,"code":2645},"geometry":{"type":"Polygon","coordinates":[[[3.034558645192839,35.9154],[2.998779322596419,35.958780123218176],[2.927220677403581,35.958780123218176],[2.8914413548071614,35.9154],[2.9272206774035805,35.87201987678182],[2.998779322596419,35.87201987678182],[3.034558645192839,35.9154]]]}},{"type":"Feature","properties":{"nameAr":"الزبيرية","nameFr":"Zoubiria","wilayaCode":26,"code":2634},"geometry":{"type":"Polygon","coordinates":[[[2.9601647071733885,36.066667],[2.930082353586694,36.10313991537639],[2.8699176464133056,36.10313991537639],[2.8398352928266113,36.066667],[2.8699176464133056,36.030194084623616],[2.930082353586694,36.030194084623616],[2.9601647071733885,36.066667]]]}},{"type":"Feature","properties":{"nameAr":"العيساوية","nameFr":"Aissaouia","wilayaCode":26,"code":2605},"geometry":{"type":"Polygon","coordinates":[[[3.273531495770157,36.419167],[3.2448212478850786,36.453976325624396],[3.1874007521149217,36.453976325624396],[3.158690504229843,36.419167],[3.1874007521149217,36.38435767437561],[3.2448212478850786,36.38435767437561],[3.273531495770157,36.419167]]]}},{"type":"Feature","properties":{"nameAr":"الحوضان","nameFr":"El Haoudane","wilayaCode":26,"code":2653},"geometry":{"type":"Polygon","coordinates":[[[3.518462558128502,36.273611],[3.5045112790642508,36.290526026918904],[3.476608720935749,36.290526026918904],[3.4626574418714977,36.273611],[3.476608720935749,36.2566959730811],[3.5045112790642508,36.2566959730811],[3.518462558128502,36.273611]]]}},{"type":"Feature","properties":{"nameAr":"مزغنة","nameFr":"Mezerana","wilayaCode":26,"code":2611},"geometry":{"type":"Polygon","coordinates":[[[3.4092553929999867,36.3609993],[3.3836690964999936,36.39202103586086],[3.3324965035000065,36.39202103586086],[3.3069102070000134,36.3609993],[3.3324965035000065,36.32997756413915],[3.3836690964999936,36.32997756413915],[3.4092553929999867,36.3609993]]]}},{"type":"Feature","properties":{"nameAr":"تابلاط","nameFr":"Tablat","wilayaCode":26,"code":2652},"geometry":{"type":"Polygon","coordinates":[[[3.3614120868736994,36.41211257],[3.3357560434368496,36.44321886952767],[3.28444395656315,36.44321886952767],[3.2587879131263002,36.41211257],[3.28444395656315,36.38100627047233],[3.3357560434368496,36.38100627047233],[3.3614120868736994,36.41211257]]]}},{"type":"Feature","properties":{"nameAr":"بوغار","nameFr":"Boghar","wilayaCode":26,"code":2625},"geometry":{"type":"Polygon","coordinates":[[[2.7801460239603557,35.911389],[2.7484080119801777,35.94986929449663],[2.6849319880198226,35.94986929449663],[2.6531939760396446,35.911389],[2.6849319880198226,35.87290870550337],[2.7484080119801777,35.87290870550337],[2.7801460239603557,35.911389]]]}},{"type":"Feature","properties":{"nameAr":"سغوان","nameFr":"Seghouane","wilayaCode":26,"code":2648},"geometry":{"type":"Polygon","coordinates":[[[2.939703984251915,36.19112],[2.9198519921259574,36.21518926129553],[2.8801480078740425,36.21518926129553],[2.860296015748085,36.19112],[2.8801480078740425,36.16705073870447],[2.9198519921259574,36.16705073870447],[2.939703984251915,36.19112]]]}},{"type":"Feature","properties":{"nameAr":"ذراع السمار","nameFr":"Draa Esmar","wilayaCode":26,"code":2654},"geometry":{"type":"Polygon","coordinates":[[[2.752116403999905,36.27354],[2.7345332019999526,36.29485849945656],[2.6993667980000478,36.29485849945656],[2.6817835960000953,36.27354],[2.6993667980000478,36.252221500543435],[2.7345332019999526,36.252221500543435],[2.752116403999905,36.27354]]]}},{"type":"Feature","properties":{"nameAr":"المدية","nameFr":"Medea","wilayaCode":26,"code":2601},"geometry":{"type":"Polygon","coordinates":[[[2.787025896836323,36.2675],[2.7685129484181616,36.28994575708071],[2.7314870515818384,36.28994575708071],[2.712974103163677,36.2675],[2.7314870515818384,36.24505424291929],[2.7685129484181616,36.24505424291929],[2.787025896836323,36.2675]]]}},{"type":"Feature","properties":{"nameAr":"تمسقيدة","nameFr":"Tamesguida","wilayaCode":26,"code":2615},"geometry":{"type":"Polygon","coordinates":[[[2.7329095278609135,36.323889],[2.7111547639304567,36.350265249503956],[2.6676452360695433,36.350265249503956],[2.6458904721390866,36.323889],[2.6676452360695433,36.29751275049605],[2.7111547639304567,36.29751275049605],[2.7329095278609135,36.323889]]]}},{"type":"Feature","properties":{"nameAr":"بن شكاو","nameFr":"Ben Chicao","wilayaCode":26,"code":2630},"geometry":{"type":"Polygon","coordinates":[[[2.889311379894573,36.1967899],[2.8696056899472864,36.22068177933083],[2.8301943100527134,36.22068177933083],[2.810488620105427,36.1967899],[2.8301943100527134,36.172898020669166],[2.8696056899472864,36.172898020669166],[2.889311379894573,36.1967899]]]}},{"type":"Feature","properties":{"nameAr":"الحمدانية","nameFr":"El Hamdania","wilayaCode":26,"code":2616},"geometry":{"type":"Polygon","coordinates":[[[2.931520339455042,36.3369617],[2.904592069727521,36.36961049192959],[2.850735530272479,36.36961049192959],[2.823807260544958,36.3369617],[2.850735530272479,36.304312908070415],[2.904592069727521,36.304312908070415],[2.931520339455042,36.3369617]]]}},{"type":"Feature","properties":{"nameAr":"وزرة","nameFr":"Ouzera","wilayaCode":26,"code":2602},"geometry":{"type":"Polygon","coordinates":[[[3.0975720859601372,36.25],[3.076336042980069,36.275747333775236],[3.033863957019931,36.275747333775236],[3.0126279140398626,36.25],[3.033863957019931,36.224252666224764],[3.076336042980069,36.224252666224764],[3.0975720859601372,36.25]]]}},{"type":"Feature","properties":{"nameAr":"تيزي مهدي","nameFr":"Tizi Mahdi","wilayaCode":26,"code":2613},"geometry":{"type":"Polygon","coordinates":[[[2.8106530370037603,36.20283],[2.79324151850188,36.22394034427752],[2.75841848149812,36.22394034427752],[2.7410069629962397,36.20283],[2.75841848149812,36.181719655722475],[2.79324151850188,36.181719655722475],[2.8106530370037603,36.20283]]]}},{"type":"Feature","properties":{"nameAr":"عين بوسيف","nameFr":"Ain Boucif","wilayaCode":26,"code":2604},"geometry":{"type":"Polygon","coordinates":[[[3.203576356049778,35.89123],[3.181038178024889,35.918556088614395],[3.135961821975111,35.918556088614395],[3.113423643950222,35.89123],[3.135961821975111,35.863903911385606],[3.181038178024889,35.863903911385606],[3.203576356049778,35.89123]]]}},{"type":"Feature","properties":{"nameAr":"العوينات","nameFr":"El Ouinet","wilayaCode":26,"code":2657},"geometry":{"type":"Polygon","coordinates":[[[3.1465401751544944,35.3344],[3.091048087577247,35.4016805805713],[2.9800639124227533,35.4016805805713],[2.924571824845506,35.3344],[2.9800639124227533,35.2671194194287],[3.091048087577247,35.2671194194287],[3.1465401751544944,35.3344]]]}},{"type":"Feature","properties":{"nameAr":"الكاف الاخضر","nameFr":"Kef Lakhdar","wilayaCode":26,"code":2617},"geometry":{"type":"Polygon","coordinates":[[[3.3313981317068144,35.923333],[3.3094490658534075,35.949944828065746],[3.2655509341465927,35.949944828065746],[3.2436018682931858,35.923333],[3.2655509341465927,35.89672117193425],[3.3094490658534075,35.89672117193425],[3.3313981317068144,35.923333]]]}},{"type":"Feature","properties":{"nameAr":"أولاد امعرف","nameFr":"Ouled Emaaraf","wilayaCode":26,"code":2603},"geometry":{"type":"Polygon","coordinates":[[[3.205786898606094,35.872222],[3.1821434493030467,35.90088815882134],[3.1348565506969535,35.90088815882134],[3.1112131013939064,35.872222],[3.1348565506969535,35.84355584117866],[3.1821434493030467,35.84355584117866],[3.205786898606094,35.872222]]]}},{"type":"Feature","properties":{"nameAr":"سيدي دامد","nameFr":"Sidi Demed","wilayaCode":26,"code":2631},"geometry":{"type":"Polygon","coordinates":[[[3.295740614605543,35.869443],[3.275092307302771,35.894477742137084],[3.2337956926972287,35.894477742137084],[3.213147385394457,35.869443],[3.233795692697228,35.84440825786291],[3.275092307302771,35.84440825786291],[3.295740614605543,35.869443]]]}},{"type":"Feature","properties":{"nameAr":"بعطة","nameFr":"Baata","wilayaCode":26,"code":2624},"geometry":{"type":"Polygon","coordinates":[[[3.162246556721443,36.346389],[3.1362617783607214,36.37789386944093],[3.0842922216392785,36.37789386944093],[3.058307443278557,36.346389],[3.0842922216392785,36.31488413055907],[3.1362617783607214,36.31488413055907],[3.162246556721443,36.346389]]]}},{"type":"Feature","properties":{"nameAr":"العمارية","nameFr":"El Omaria","wilayaCode":26,"code":2607},"geometry":{"type":"Polygon","coordinates":[[[3.0770065242963835,36.266667],[3.0551682621481917,36.29314448571277],[3.011491737851808,36.29314448571277],[2.989653475703616,36.266667],[3.011491737851808,36.24018951428722],[3.0551682621481917,36.24018951428722],[3.0770065242963835,36.266667]]]}},{"type":"Feature","properties":{"nameAr":"أولاد إبراهيم","nameFr":"Ouled Brahim","wilayaCode":26,"code":2612},"geometry":{"type":"Polygon","coordinates":[[[2.975810917766365,36.244444],[2.9547109588831826,36.2700263405763],[2.9125110411168174,36.2700263405763],[2.8914110822336347,36.244444],[2.9125110411168174,36.2188616594237],[2.9547109588831826,36.2188616594237],[2.975810917766365,36.244444]]]}},{"type":"Feature","properties":{"nameAr":"بئر بن عابد","nameFr":"Bir Ben Laabed","wilayaCode":26,"code":2656},"geometry":{"type":"Polygon","coordinates":[[[3.4348171673474677,36.0003],[3.414769583673734,36.02460640344433],[3.3746744163262656,36.02460640344433],[3.354626832652532,36.0003],[3.3746744163262656,35.975993596555675],[3.414769583673734,35.975993596555675],[3.4348171673474677,36.0003]]]}},{"type":"Feature","properties":{"nameAr":"القلب الكبير","nameFr":"El Guelbelkebir","wilayaCode":26,"code":2609},"geometry":{"type":"Polygon","coordinates":[[[3.459889992404937,36.25499914],[3.4382345342024685,36.281254987707506],[3.3949236177975317,36.281254987707506],[3.3732681595950633,36.25499914],[3.3949236177975317,36.2287432922925],[3.4382345342024685,36.2287432922925],[3.459889992404937,36.25499914]]]}},{"type":"Feature","properties":{"nameAr":"سدراية","nameFr":"Sedraya","wilayaCode":26,"code":2661},"geometry":{"type":"Polygon","coordinates":[[[3.5627091816697307,36.24294024],[3.5458738588348653,36.26335198415827],[3.5122032131651344,36.26335198415827],[3.495367890330269,36.24294024],[3.5122032131651344,36.222528495841736],[3.5458738588348653,36.222528495841736],[3.5627091816697307,36.24294024]]]}},{"type":"Feature","properties":{"nameAr":"عين اقصير","nameFr":"Ain Ouksir","wilayaCode":26,"code":2641},"geometry":{"type":"Polygon","coordinates":[[[3.5430122557726436,35.818653],[3.506783627886322,35.862577876931326],[3.4343263721136785,35.862577876931326],[3.3980977442273566,35.818653],[3.434326372113678,35.77472812306867],[3.506783627886322,35.77472812306867],[3.5430122557726436,35.818653]]]}},{"type":"Feature","properties":{"nameAr":"شلالة العذاورة","nameFr":"Chelalet El Adhaoura","wilayaCode":26,"code":2618},"geometry":{"type":"Polygon","coordinates":[[[3.460409350829086,35.94],[3.437154675414543,35.96819479553206],[3.390645324585457,35.96819479553206],[3.367390649170914,35.94],[3.390645324585457,35.91180520446794],[3.437154675414543,35.91180520446794],[3.460409350829086,35.94]]]}},{"type":"Feature","properties":{"nameAr":"شنيقل","nameFr":"Cheniguel","wilayaCode":26,"code":2640},"geometry":{"type":"Polygon","coordinates":[[[3.622374106837285,35.922222],[3.5945370534186423,35.95597263359787],[3.5388629465813577,35.95597263359787],[3.511025893162715,35.922222],[3.5388629465813572,35.88847136640213],[3.5945370534186423,35.88847136640213],[3.622374106837285,35.922222]]]}},{"type":"Feature","properties":{"nameAr":"تفراوت","nameFr":"Tafraout","wilayaCode":26,"code":2623},"geometry":{"type":"Polygon","coordinates":[[[3.466379410643896,36.0877],[3.448589705321948,36.109268871428505],[3.413010294678052,36.109268871428505],[3.395220589356104,36.0877],[3.413010294678052,36.06613112857149],[3.448589705321948,36.06613112857149],[3.466379410643896,36.0877]]]}},{"type":"Feature","properties":{"nameAr":"بوشراحيل","nameFr":"Bouchrahil","wilayaCode":26,"code":2621},"geometry":{"type":"Polygon","coordinates":[[[3.199527843178265,36.252778],[3.1790689215891326,36.27758312416231],[3.1381510784108673,36.27758312416231],[3.1176921568217346,36.252778],[3.1381510784108673,36.227972875837686],[3.1790689215891326,36.227972875837686],[3.199527843178265,36.252778]]]}},{"type":"Feature","properties":{"nameAr":"خمس جوامع","nameFr":"Khams Djouamaa","wilayaCode":26,"code":2663},"geometry":{"type":"Polygon","coordinates":[[[3.273147051667536,36.1914],[3.254923525833768,36.21349485084599],[3.218476474166232,36.21349485084599],[3.200252948332464,36.1914],[3.218476474166232,36.16930514915401],[3.254923525833768,36.16930514915401],[3.273147051667536,36.1914]]]}},{"type":"Feature","properties":{"nameAr":"سيدي نعمان","nameFr":"Sidi Naamane","wilayaCode":26,"code":2626},"geometry":{"type":"Polygon","coordinates":[[[3.1655631801546185,36.215056],[3.1447500900773093,36.24029053063348],[3.103123909922691,36.24029053063348],[3.082310819845382,36.215056],[3.103123909922691,36.189821469366514],[3.1447500900773093,36.189821469366514],[3.1655631801546185,36.215056]]]}},{"type":"Feature","properties":{"nameAr":"أولاد عنتر","nameFr":"Ouled Antar","wilayaCode":26,"code":2658},"geometry":{"type":"Polygon","coordinates":[[[2.67155391423594,35.9951773],[2.63693195711797,36.037154192150055],[2.5676880428820303,36.037154192150055],[2.53306608576406,35.9951773],[2.5676880428820303,35.95320040784995],[2.63693195711797,35.95320040784995],[2.67155391423594,35.9951773]]]}},{"type":"Feature","properties":{"nameAr":"فرناقة","nameFr":"Fornaka","wilayaCode":27,"code":2703},"geometry":{"type":"Polygon","coordinates":[[[0.035265508722327664,35.75243],[0.00918275436116384,35.78405365902841],[-0.04298275436116382,35.78405365902841],[-0.06906550872232767,35.75243],[-0.042982754361163854,35.720806340971585],[0.00918275436116384,35.720806340971585],[0.035265508722327664,35.75243]]]}},{"type":"Feature","properties":{"nameAr":"وادي الخير","nameFr":"Oued El Kheir","wilayaCode":27,"code":2709},"geometry":{"type":"Polygon","coordinates":[[[0.4311874237067509,35.950278],[0.40601036185337547,35.98080356522074],[0.35565623814662456,35.98080356522074],[0.3304791762932491,35.950278],[0.3556562381466245,35.919752434779255],[0.40601036185337547,35.919752434779255],[0.4311874237067509,35.950278]]]}},{"type":"Feature","properties":{"nameAr":"الحسيان (بني ياحي","nameFr":"Hassiane","wilayaCode":27,"code":2732},"geometry":{"type":"Polygon","coordinates":[[[0.11814342657822478,35.7513939],[0.0970927657891124,35.77691646981374],[0.05499144421088761,35.77691646981374],[0.033940783421775214,35.7513939],[0.054991444210887586,35.72587133018625],[0.0970927657891124,35.72587133018625],[0.11814342657822478,35.7513939]]]}},{"type":"Feature","properties":{"nameAr":"حاسي ماماش","nameFr":"Hassi Mameche","wilayaCode":27,"code":2706},"geometry":{"type":"Polygon","coordinates":[[[0.1348952793158945,35.8611],[0.11880663965794727,35.88060643891856],[0.08662936034205275,35.88060643891856],[0.0705407206841055,35.8611],[0.08662936034205274,35.84159356108144],[0.11880663965794727,35.84159356108144],[0.1348952793158945,35.8611]]]}},{"type":"Feature","properties":{"nameAr":"مزغران","nameFr":"Mazagran","wilayaCode":27,"code":2727},"geometry":{"type":"Polygon","coordinates":[[[0.7686397040517342,35.901944],[0.7477918520258672,35.92722067725624],[0.7060961479741329,35.92722067725624],[0.6852482959482659,35.901944],[0.7060961479741329,35.876667322743764],[0.7477918520258672,35.876667322743764],[0.7686397040517342,35.901944]]]}},{"type":"Feature","properties":{"nameAr":"عين تادلس","nameFr":"Ain-Tedles","wilayaCode":27,"code":2707},"geometry":{"type":"Polygon","coordinates":[[[0.33655877494193276,35.9947],[0.3157293874709664,36.01995429017318],[0.27407061252903364,36.01995429017318],[0.25324122505806723,35.9947],[0.2740706125290336,35.96944570982682],[0.3157293874709664,35.96944570982682],[0.33655877494193276,35.9947]]]}},{"type":"Feature","properties":{"nameAr":"سيدي بلعطار","nameFr":"Sidi Belaattar","wilayaCode":27,"code":2710},"geometry":{"type":"Polygon","coordinates":[[[0.30815069452924937,36.026698],[0.2887303472646247,36.05024391971408],[0.2498896527353753,36.05024391971408],[0.2304693054707506,36.026698],[0.24988965273537528,36.00315208028593],[0.2887303472646247,36.00315208028593],[0.30815069452924937,36.026698]]]}},{"type":"Feature","properties":{"nameAr":"سور","nameFr":"Sour","wilayaCode":27,"code":2708},"geometry":{"type":"Polygon","coordinates":[[[0.3853662498740636,35.85],[0.3633775649370318,35.876659863651795],[0.31940019506296824,35.876659863651795],[0.2974115101259364,35.85],[0.3194001950629682,35.82334013634821],[0.3633775649370318,35.82334013634821],[0.3853662498740636,35.85]]]}},{"type":"Feature","properties":{"nameAr":"عين بودينار","nameFr":"Ain-Boudinar","wilayaCode":27,"code":2728},"geometry":{"type":"Polygon","coordinates":[[[0.2298136924576477,36.0089774],[0.20897474622882387,36.03424327955116],[0.16729685377117615,36.03424327955116],[0.14645790754235227,36.0089774],[0.16729685377117612,35.983711520448836],[0.20897474622882387,35.983711520448836],[0.2298136924576477,36.0089774]]]}},{"type":"Feature","properties":{"nameAr":"خير الدين","nameFr":"Kheir-Eddine","wilayaCode":27,"code":2711},"geometry":{"type":"Polygon","coordinates":[[[0.21060178555122372,35.9477561],[0.19187589277561184,35.970460038393114],[0.15442410722438815,35.970460038393114],[0.13569821444877628,35.9477561],[0.15442410722438812,35.925052161606885],[0.19187589277561184,35.925052161606885],[0.21060178555122372,35.9477561]]]}},{"type":"Feature","properties":{"nameAr":"صيادة","nameFr":"Sayada","wilayaCode":27,"code":2702},"geometry":{"type":"Polygon","coordinates":[[[0.16400593733343802,35.9477561],[0.14658630366671901,35.96887628339199],[0.11174703633328101,35.96887628339199],[0.094327402666562,35.9477561],[0.111747036333281,35.92663591660801],[0.14658630366671901,35.92663591660801],[0.16400593733343802,35.9477561]]]}},{"type":"Feature","properties":{"nameAr":"سيدي علي","nameFr":"Sidi Ali","wilayaCode":27,"code":2712},"geometry":{"type":"Polygon","coordinates":[[[0.4510830854522804,36.0967786],[0.4329787427261402,36.11872894900752],[0.3967700572738598,36.11872894900752],[0.3786657145477196,36.0967786],[0.3967700572738598,36.07482825099248],[0.4329787427261402,36.07482825099248],[0.4510830854522804,36.0967786]]]}},{"type":"Feature","properties":{"nameAr":"تزقايت","nameFr":"Tazgait","wilayaCode":27,"code":2729},"geometry":{"type":"Polygon","coordinates":[[[0.5090695947089158,36.083333],[0.4882847973544579,36.10853322753007],[0.44671520264554215,36.10853322753007],[0.4259304052910842,36.083333],[0.4467152026455421,36.05813277246994],[0.4882847973544579,36.05813277246994],[0.5090695947089158,36.083333]]]}},{"type":"Feature","properties":{"nameAr":"بن عبد المالك رمضان","nameFr":"Benabdelmalek Ramdane","wilayaCode":27,"code":2713},"geometry":{"type":"Polygon","coordinates":[[[0.32109106451029856,36.1026171],[0.2976455322551493,36.13104329715349],[0.2507544677448507,36.13104329715349],[0.22730893548970146,36.1026171],[0.2507544677448507,36.07419090284652],[0.2976455322551493,36.07419090284652],[0.32109106451029856,36.1026171]]]}},{"type":"Feature","properties":{"nameAr":"مستغانم","nameFr":"Mostaganem","wilayaCode":27,"code":2701},"geometry":{"type":"Polygon","coordinates":[[[0.1281349791269762,35.9246589],[0.10906748956348811,35.947777002487726],[0.0709325104365119,35.947777002487726],[0.05186502087302379,35.9246589],[0.07093251043651187,35.90154079751227],[0.10906748956348811,35.90154079751227],[0.1281349791269762,35.9246589]]]}},{"type":"Feature","properties":{"nameAr":"حجاج","nameFr":"Hadjadj","wilayaCode":27,"code":2714},"geometry":{"type":"Polygon","coordinates":[[[0.3737736543066782,36.0970536],[0.3535533271533391,36.121569443782676],[0.3131126728466609,36.121569443782676],[0.2928923456933218,36.0970536],[0.3131126728466609,36.07253775621733],[0.3535533271533391,36.07253775621733],[0.3737736543066782,36.0970536]]]}},{"type":"Feature","properties":{"nameAr":"سيدي لخضر","nameFr":"Sidi-Lakhdar","wilayaCode":27,"code":2716},"geometry":{"type":"Polygon","coordinates":[[[0.506615408748657,36.1428],[0.48358570437432846,36.17072203264174],[0.4375262956256716,36.17072203264174],[0.41449659125134314,36.1428],[0.4375262956256716,36.11487796735826],[0.48358570437432846,36.11487796735826],[0.506615408748657,36.1428]]]}},{"type":"Feature","properties":{"nameAr":"عشعاشة","nameFr":"Achaacha","wilayaCode":27,"code":2717},"geometry":{"type":"Polygon","coordinates":[[[0.6810199960368324,36.2463],[0.6583001480184162,36.273846351775695],[0.6128604519815838,36.273846351775695],[0.5901406039631676,36.2463],[0.6128604519815838,36.2187536482243],[0.6583001480184162,36.2187536482243],[0.6810199960368324,36.2463]]]}},{"type":"Feature","properties":{"nameAr":"خضرة","nameFr":"Khadra","wilayaCode":27,"code":2718},"geometry":{"type":"Polygon","coordinates":[[[0.6360350946430512,36.2535711],[0.6096675473215256,36.2855400521423],[0.5569324526784745,36.2855400521423],[0.5305649053569489,36.2535711],[0.5569324526784745,36.2216021478577],[0.6096675473215256,36.2216021478577],[0.6360350946430512,36.2535711]]]}},{"type":"Feature","properties":{"nameAr":"نكمارية","nameFr":"Nekmaria","wilayaCode":27,"code":2715},"geometry":{"type":"Polygon","coordinates":[[[0.6659642612441403,36.166667],[0.6413156306220702,36.19655187640209],[0.5920183693779297,36.19655187640209],[0.5673697387558596,36.166667],[0.5920183693779297,36.136782123597904],[0.6413156306220702,36.136782123597904],[0.6659642612441403,36.166667]]]}},{"type":"Feature","properties":{"nameAr":"أولاد بوغالم","nameFr":"Ouled Boughalem","wilayaCode":27,"code":2725},"geometry":{"type":"Polygon","coordinates":[[[0.7287918832702588,36.32027778],[0.7007849416351294,36.35423439211366],[0.6447710583648706,36.35423439211366],[0.6167641167297412,36.32027778],[0.6447710583648706,36.286321167886335],[0.7007849416351294,36.286321167886335],[0.7287918832702588,36.32027778]]]}},{"type":"Feature","properties":{"nameAr":"بوقيراط","nameFr":"Bouguirat","wilayaCode":27,"code":2719},"geometry":{"type":"Polygon","coordinates":[[[0.29434421248650106,35.7502319],[0.2754794062432505,35.77310426202178],[0.23774979375674954,35.77310426202178],[0.218884987513499,35.7502319],[0.2377497937567495,35.727359537978224],[0.2754794062432505,35.727359537978224],[0.29434421248650106,35.7502319]]]}},{"type":"Feature","properties":{"nameAr":"صفصاف","nameFr":"Safsaf","wilayaCode":27,"code":2730},"geometry":{"type":"Polygon","coordinates":[[[0.46523934947186363,36.075278],[0.44678632473593183,36.09765110347717],[0.4098802752640681,36.09765110347717],[0.3914272505281363,36.075278],[0.4098802752640681,36.052904896522826],[0.44678632473593183,36.052904896522826],[0.46523934947186363,36.075278]]]}},{"type":"Feature","properties":{"nameAr":"سيرات","nameFr":"Sirat","wilayaCode":27,"code":2720},"geometry":{"type":"Polygon","coordinates":[[[0.2205264206954889,35.7804],[0.20609671034774443,35.79789509402256],[0.17723728965225558,35.79789509402256],[0.16280757930451112,35.7804],[0.17723728965225555,35.76290490597744],[0.20609671034774443,35.76290490597744],[0.2205264206954889,35.7804]]]}},{"type":"Feature","properties":{"nameAr":"السوافلية","nameFr":"Souaflia","wilayaCode":27,"code":2724},"geometry":{"type":"Polygon","coordinates":[[[0.37614633666357167,35.85],[0.35473966833178583,35.875954206020005],[0.31192633166821415,35.875954206020005],[0.2905196633364283,35.85],[0.31192633166821415,35.82404579398],[0.35473966833178583,35.82404579398],[0.37614633666357167,35.85]]]}},{"type":"Feature","properties":{"nameAr":"عين سيدي الشريف","nameFr":"Ain-Sidi Cherif","wilayaCode":27,"code":2721},"geometry":{"type":"Polygon","coordinates":[[[0.16530598550583983,35.833056],[0.15067799275291993,35.850791498662566],[0.1214220072470801,35.850791498662566],[0.10679401449416018,35.833056],[0.12142200724708008,35.81532050133743],[0.15067799275291993,35.81532050133743],[0.16530598550583983,35.833056]]]}},{"type":"Feature","properties":{"nameAr":"منصورة","nameFr":"Mansourah","wilayaCode":27,"code":2723},"geometry":{"type":"Polygon","coordinates":[[[0.2646808725461602,35.843611],[0.2481739362730801,35.863624596611594],[0.21516006372691993,35.863624596611594],[0.19865312745383984,35.843611],[0.2151600637269199,35.82359740338841],[0.2481739362730801,35.82359740338841],[0.2646808725461602,35.843611]]]}},{"type":"Feature","properties":{"nameAr":"ماسرة","nameFr":"Mesra","wilayaCode":27,"code":2722},"geometry":{"type":"Polygon","coordinates":[[[0.19678954624677203,35.837222],[0.18325588412338603,35.85363069328712],[0.156188559876614,35.85363069328712],[0.14265489775322798,35.837222],[0.15618855987661398,35.82081330671287],[0.18325588412338603,35.82081330671287],[0.19678954624677203,35.837222]]]}},{"type":"Feature","properties":{"nameAr":"الطواهرية","nameFr":"Touahria","wilayaCode":27,"code":2731},"geometry":{"type":"Polygon","coordinates":[[[0.23703177924923202,35.810556],[0.22323788962461602,35.82728020236468],[0.195650110375384,35.82728020236468],[0.18185622075076796,35.810556],[0.19565011037538396,35.79383179763531],[0.22323788962461602,35.79383179763531],[0.23703177924923202,35.810556]]]}},{"type":"Feature","properties":{"nameAr":"عين نويسي","nameFr":"Ain-Nouissy","wilayaCode":27,"code":2705},"geometry":{"type":"Polygon","coordinates":[[[0.08942789423453809,35.8037574],[0.06971394711726905,35.82765929061739],[0.03028605288273097,35.82765929061739],[0.010572105765461914,35.8037574],[0.03028605288273094,35.779855509382614],[0.06971394711726905,35.779855509382614],[0.08942789423453809,35.8037574]]]}},{"type":"Feature","properties":{"nameAr":"أولاد مع الله","nameFr":"Ouled-Maalah","wilayaCode":27,"code":2726},"geometry":{"type":"Polygon","coordinates":[[[0.6504991661394159,36.006944],[0.621221805069708,36.042440913818986],[0.5626670829302921,36.042440913818986],[0.5333897218605841,36.006944],[0.562667082930292,35.97144708618101],[0.621221805069708,35.97144708618101],[0.6504991661394159,36.006944]]]}},{"type":"Feature","properties":{"nameAr":"شلال","nameFr":"Chellal","wilayaCode":28,"code":2809},"geometry":{"type":"Polygon","coordinates":[[[4.453579116138984,35.516667],[4.418456058069492,35.559251444765486],[4.3482099419305085,35.559251444765486],[4.313086883861017,35.516667],[4.3482099419305085,35.47408255523451],[4.418456058069492,35.47408255523451],[4.453579116138984,35.516667]]]}},{"type":"Feature","properties":{"nameAr":"أولاد ماضي","nameFr":"Ouled Madhi","wilayaCode":28,"code":2810},"geometry":{"type":"Polygon","coordinates":[[[4.579183133504665,35.576667],[4.5437582332523325,35.619617408963066],[4.472908432747668,35.619617408963066],[4.437483532495336,35.576667],[4.472908432747668,35.533716591036935],[4.5437582332523325,35.533716591036935],[4.579183133504665,35.576667]]]}},{"type":"Feature","properties":{"nameAr":"خطوطي سد الجير","nameFr":"Khettouti Sed-El-Jir","wilayaCode":28,"code":2832},"geometry":{"type":"Polygon","coordinates":[[[4.332436321156062,35.687602],[4.293140760578031,35.73524533520313],[4.214549639421969,35.73524533520313],[4.175254078843937,35.687602],[4.214549639421969,35.639958664796865],[4.293140760578031,35.639958664796865],[4.332436321156062,35.687602]]]}},{"type":"Feature","properties":{"nameAr":"بلعايبة","nameFr":"Belaiba","wilayaCode":28,"code":2815},"geometry":{"type":"Polygon","coordinates":[[[5.134313275286039,35.7],[5.1042401376430195,35.73646174163851],[5.044093862356981,35.73646174163851],[5.014020724713961,35.7],[5.044093862356981,35.6635382583615],[5.1042401376430195,35.6635382583615],[5.134313275286039,35.7]]]}},{"type":"Feature","properties":{"nameAr":"برهوم","nameFr":"Berhoum","wilayaCode":28,"code":2812},"geometry":{"type":"Polygon","coordinates":[[[5.382483351832112,35.654979],[5.355241675916056,35.68800777673895],[5.300758324083945,35.68800777673895],[5.273516648167889,35.654979],[5.300758324083945,35.621950223261045],[5.355241675916056,35.621950223261045],[5.382483351832112,35.654979]]]}},{"type":"Feature","properties":{"nameAr":"دهاهنة","nameFr":"Dehahna","wilayaCode":28,"code":2830},"geometry":{"type":"Polygon","coordinates":[[[5.045658012979451,35.916667],[5.0272490064897255,35.938986734189946],[4.990430993510275,35.938986734189946],[4.9720219870205495,35.916667],[4.990430993510275,35.89434726581005],[5.0272490064897255,35.89434726581005],[5.045658012979451,35.916667]]]}},{"type":"Feature","properties":{"nameAr":"مقرة","nameFr":"Magra","wilayaCode":28,"code":2811},"geometry":{"type":"Polygon","coordinates":[[[5.178374585861773,35.617778],[5.142887292930887,35.660804056065565],[5.071912707069114,35.660804056065565],[5.036425414138227,35.617778],[5.071912707069114,35.57475194393444],[5.142887292930887,35.57475194393444],[5.178374585861773,35.617778]]]}},{"type":"Feature","properties":{"nameAr":"بني يلمان","nameFr":"Beni Ilmane","wilayaCode":28,"code":2845},"geometry":{"type":"Polygon","coordinates":[[[4.212456608394833,35.949167],[4.165813304197417,36.00571900089197],[4.072526695802584,36.00571900089197],[4.025883391605168,35.949167],[4.072526695802584,35.892614999108034],[4.165813304197417,35.892614999108034],[4.212456608394833,35.949167]]]}},{"type":"Feature","properties":{"nameAr":"بوطي السايح","nameFr":"Bouti Sayeh","wilayaCode":28,"code":2831},"geometry":{"type":"Polygon","coordinates":[[[3.7643996757440843,35.85],[3.7294218378720423,35.8924083746333],[3.6594661621279574,35.8924083746333],[3.6244883242559154,35.85],[3.6594661621279574,35.807591625366705],[3.7294218378720423,35.807591625366705],[3.7643996757440843,35.85]]]}},{"type":"Feature","properties":{"nameAr":"سيدي عيسى","nameFr":"Sidi Aissa","wilayaCode":28,"code":2816},"geometry":{"type":"Polygon","coordinates":[[[3.8361027493534605,35.88638889],[3.8042313746767302,35.92503087817301],[3.7404886253232696,35.92503087817301],[3.7086172506465394,35.88638889],[3.7404886253232696,35.84774690182699],[3.8042313746767302,35.84774690182699],[3.8361027493534605,35.88638889]]]}},{"type":"Feature","properties":{"nameAr":"عين الحجل","nameFr":"Ain El Hadjel","wilayaCode":28,"code":2817},"geometry":{"type":"Polygon","coordinates":[[[3.9894316230838327,35.6746598],[3.9357917615419162,35.73969467585109],[3.828512038458084,35.73969467585109],[3.7748721769161677,35.6746598],[3.828512038458084,35.60962492414891],[3.9357917615419162,35.60962492414891],[3.9894316230838327,35.6746598]]]}},{"type":"Feature","properties":{"nameAr":"سيدي هجرس","nameFr":"Sidi Hadjeres","wilayaCode":28,"code":2818},"geometry":{"type":"Polygon","coordinates":[[[4.138374280495521,35.6719444],[4.086826030247761,35.73444333192928],[3.98372952975224,35.73444333192928],[3.9321812795044795,35.6719444],[3.9837295297522397,35.609445468070724],[4.086826030247761,35.609445468070724],[4.138374280495521,35.6719444]]]}},{"type":"Feature","properties":{"nameAr":"بوسعادة","nameFr":"Bou Saada","wilayaCode":28,"code":2820},"geometry":{"type":"Polygon","coordinates":[[[4.2788582007052485,35.219167],[4.226439100352624,35.282721781568455],[4.121600899647375,35.282721781568455],[4.069181799294751,35.219167],[4.121600899647375,35.15561221843154],[4.226439100352624,35.15561221843154],[4.2788582007052485,35.219167]]]}},{"type":"Feature","properties":{"nameAr":"الهامل","nameFr":"El Hamel","wilayaCode":28,"code":2827},"geometry":{"type":"Polygon","coordinates":[[[4.175923650845226,35.1283],[4.129628325422613,35.184430099049436],[4.037037674577387,35.184430099049436],[3.990742349154774,35.1283],[4.037037674577387,35.07216990095057],[4.129628325422613,35.07216990095057],[4.175923650845226,35.1283]]]}},{"type":"Feature","properties":{"nameAr":"ولتام","nameFr":"Oulteme","wilayaCode":28,"code":2846},"geometry":{"type":"Polygon","coordinates":[[[5.4138256918031455,35.0350816],[5.374923595901573,35.082247884635706],[5.297119404098427,35.082247884635706],[5.258217308196855,35.0350816],[5.297119404098427,34.98791531536429],[5.374923595901573,34.98791531536429],[5.4138256918031455,35.0350816]]]}},{"type":"Feature","properties":{"nameAr":"عين الملح","nameFr":"Ain El Melh","wilayaCode":28,"code":2841},"geometry":{"type":"Polygon","coordinates":[[[4.259086260917361,34.8470491],[4.21129133045868,34.904997373529056],[4.115701469541319,34.904997373529056],[4.067906539082638,34.8470491],[4.115701469541318,34.78910082647094],[4.21129133045868,34.78910082647094],[4.259086260917361,34.8470491]]]}},{"type":"Feature","properties":{"nameAr":"عين فارس","nameFr":"Ain Fares","wilayaCode":28,"code":2837},"geometry":{"type":"Polygon","coordinates":[[[4.511158859059548,35.03583333],[4.469746096029774,35.08604363675457],[4.3869205699702265,35.08604363675457],[4.345507806940453,35.03583333],[4.3869205699702265,34.98562302324544],[4.469746096029774,34.98562302324544],[4.511158859059548,35.03583333]]]}},{"type":"Feature","properties":{"nameAr":"عين الريش","nameFr":"Ain Rich","wilayaCode":28,"code":2844},"geometry":{"type":"Polygon","coordinates":[[[4.210062580775831,34.680794],[4.153509290387915,34.749361220600946],[4.040402709612084,34.749361220600946],[3.9838494192241685,34.680794],[4.040402709612084,34.61222677939905],[4.153509290387915,34.61222677939905],[4.210062580775831,34.680794]]]}},{"type":"Feature","properties":{"nameAr":"بئر فضة","nameFr":"Bir Foda","wilayaCode":28,"code":2836},"geometry":{"type":"Polygon","coordinates":[[[3.983670033575082,34.82],[3.9415570167875407,34.871059319315215],[3.857330983212459,34.871059319315215],[3.815217966424918,34.82],[3.857330983212459,34.768940680684786],[3.9415570167875407,34.768940680684786],[3.983670033575082,34.82]]]}},{"type":"Feature","properties":{"nameAr":"سيدي امحمد","nameFr":"Sidi M'hamed","wilayaCode":28,"code":2838},"geometry":{"type":"Polygon","coordinates":[[[4.046257958142949,34.833333],[4.005754429071475,34.88244091916635],[3.9247473709285257,34.88244091916635],[3.8842438418570513,34.833333],[3.9247473709285257,34.78422508083366],[4.005754429071475,34.78422508083366],[4.046257958142949,34.833333]]]}},{"type":"Feature","properties":{"nameAr":"امجدل","nameFr":"Medjedel","wilayaCode":28,"code":2842},"geometry":{"type":"Polygon","coordinates":[[[3.7737660302150955,34.9611111],[3.726577965107548,35.018323588394],[3.632201834892452,35.018323588394],[3.5850137697849043,34.9611111],[3.632201834892452,34.903898611605996],[3.726577965107548,34.903898611605996],[3.7737660302150955,34.9611111]]]}},{"type":"Feature","properties":{"nameAr":"مناعة","nameFr":"Menaa","wilayaCode":28,"code":2839},"geometry":{"type":"Polygon","coordinates":[[[3.893422229166036,35.25],[3.849350114583018,35.30343459915835],[3.761205885416982,35.30343459915835],[3.717133770833964,35.25],[3.761205885416982,35.19656540084165],[3.849350114583018,35.19656540084165],[3.893422229166036,35.25]]]}},{"type":"Feature","properties":{"nameAr":"المسيلة","nameFr":"M'sila","wilayaCode":28,"code":2801},"geometry":{"type":"Polygon","coordinates":[[[4.615342654826042,35.71],[4.581271327413021,35.75130928911247],[4.513128672586979,35.75130928911247],[4.479057345173958,35.71],[4.513128672586979,35.66869071088753],[4.581271327413021,35.66869071088753],[4.615342654826042,35.71]]]}},{"type":"Feature","properties":{"nameAr":"حمام الضلعة","nameFr":"Hammam Dalaa","wilayaCode":28,"code":2803},"geometry":{"type":"Polygon","coordinates":[[[4.466476383664045,35.85],[4.420463191832023,35.90578803025004],[4.328436808167978,35.90578803025004],[4.282423616335956,35.85],[4.328436808167978,35.794211969749966],[4.420463191832023,35.794211969749966],[4.466476383664045,35.85]]]}},{"type":"Feature","properties":{"nameAr":"ونوغة","nameFr":"Ouanougha","wilayaCode":28,"code":2819},"geometry":{"type":"Polygon","coordinates":[[[3.9393675921130793,35.980833],[3.9111837960565397,36.015004036704056],[3.8548162039434604,36.015004036704056],[3.8266324078869207,35.980833],[3.8548162039434604,35.94666196329594],[3.9111837960565397,35.94666196329594],[3.9393675921130793,35.980833]]]}},{"type":"Feature","properties":{"nameAr":"أولاد منصور","nameFr":"Ouled Mansour","wilayaCode":28,"code":2828},"geometry":{"type":"Polygon","coordinates":[[[4.450065397355677,35.729444],[4.413567898677838,35.773694865441435],[4.340572901322162,35.773694865441435],[4.304075402644323,35.729444],[4.340572901322162,35.68519313455857],[4.413567898677838,35.68519313455857],[4.450065397355677,35.729444]]]}},{"type":"Feature","properties":{"nameAr":"تارمونت","nameFr":"Tarmount","wilayaCode":28,"code":2805},"geometry":{"type":"Polygon","coordinates":[[[4.260129577566001,35.688056],[4.217425788783,35.7398315922935],[4.132018211217,35.7398315922935],[4.089314422433999,35.688056],[4.132018211217,35.63628040770651],[4.217425788783,35.63628040770651],[4.260129577566001,35.688056]]]}},{"type":"Feature","properties":{"nameAr":"المعاضيد","nameFr":"Maadid","wilayaCode":28,"code":2802},"geometry":{"type":"Polygon","coordinates":[[[4.8483480061663355,35.8667],[4.821952003083168,35.898703452919754],[4.769159996916833,35.898703452919754],[4.742763993833665,35.8667],[4.769159996916833,35.83469654708025],[4.821952003083168,35.83469654708025],[4.8483480061663355,35.8667]]]}},{"type":"Feature","properties":{"nameAr":"المطارفة","nameFr":"M'tarfa","wilayaCode":28,"code":2806},"geometry":{"type":"Polygon","coordinates":[[[4.684632782156316,35.704444],[4.6510663910781584,35.74514108634187],[4.583933608921841,35.74514108634187],[4.550367217843683,35.704444],[4.583933608921841,35.66374691365814],[4.6510663910781584,35.66374691365814],[4.684632782156316,35.704444]]]}},{"type":"Feature","properties":{"nameAr":"معاريف","nameFr":"Maarif","wilayaCode":28,"code":2829},"geometry":{"type":"Polygon","coordinates":[[[4.430135333957756,35.415278],[4.392151166978878,35.46133135496342],[4.316182833021123,35.46133135496342],[4.278198666042245,35.415278],[4.316182833021123,35.36922464503658],[4.392151166978878,35.36922464503658],[4.430135333957756,35.415278]]]}},{"type":"Feature","properties":{"nameAr":"أولاد دراج","nameFr":"Ouled Derradj","wilayaCode":28,"code":2804},"geometry":{"type":"Polygon","coordinates":[[[4.8543041944164,35.6927204],[4.8188187472082005,35.735744218245735],[4.747847852791799,35.735744218245735],[4.712362405583599,35.6927204],[4.747847852791799,35.64969658175426],[4.8188187472082005,35.64969658175426],[4.8543041944164,35.6927204]]]}},{"type":"Feature","properties":{"nameAr":"السوامع","nameFr":"Souamaa","wilayaCode":28,"code":2840},"geometry":{"type":"Polygon","coordinates":[[[4.735807717252324,35.6546],[4.702348358626161,35.695167316390425],[4.635429641373839,35.695167316390425],[4.6019702827476765,35.6546],[4.635429641373839,35.61403268360958],[4.702348358626161,35.61403268360958],[4.735807717252324,35.6546]]]}},{"type":"Feature","properties":{"nameAr":"عين الخضراء","nameFr":"Ain Khadra","wilayaCode":28,"code":2813},"geometry":{"type":"Polygon","coordinates":[[[5.0601265527873265,35.5393686],[5.016000476393663,35.59286862437675],[4.927748323606337,35.59286862437675],[4.883622247212673,35.5393686],[4.927748323606337,35.48586857562326],[5.016000476393663,35.48586857562326],[5.0601265527873265,35.5393686]]]}},{"type":"Feature","properties":{"nameAr":"أولاد عدي لقبالة","nameFr":"Ouled Addi Guebala","wilayaCode":28,"code":2814},"geometry":{"type":"Polygon","coordinates":[[[4.945447483898924,35.670556],[4.909128391949462,35.71459055877886],[4.836490208050538,35.71459055877886],[4.800171116101076,35.670556],[4.836490208050538,35.626521441221136],[4.909128391949462,35.626521441221136],[4.945447483898924,35.670556]]]}},{"type":"Feature","properties":{"nameAr":"وادي الأبطال","nameFr":"Oued El Abtal","wilayaCode":29,"code":2910},"geometry":{"type":"Polygon","coordinates":[[[0.770217106825138,35.455952],[0.729108553412569,35.505793472195364],[0.6468914465874309,35.505793472195364],[0.6057828931748619,35.455952],[0.6468914465874308,35.40611052780464],[0.729108553412569,35.40611052780464],[0.770217106825138,35.455952]]]}},{"type":"Feature","properties":{"nameAr":"سيدي عبد المومن","nameFr":"Sidi Abdelmoumene","wilayaCode":29,"code":2932},"geometry":{"type":"Polygon","coordinates":[[[0.05567038687258509,35.652778],[0.03477969343629255,35.6781066197059],[-0.007001693436292535,35.6781066197059],[-0.027892386872585093,35.652778],[-0.007001693436292563,35.627449380294095],[0.03477969343629255,35.627449380294095],[0.05567038687258509,35.652778]]]}},{"type":"Feature","properties":{"nameAr":"سجرارة","nameFr":"Sedjerara","wilayaCode":29,"code":2935},"geometry":{"type":"Polygon","coordinates":[[[0.260383458862735,35.5397],[0.2371362294313675,35.56788576775724],[0.19064177056863252,35.56788576775724],[0.167394541137265,35.5397],[0.1906417705686325,35.51151423224277],[0.2371362294313675,35.51151423224277],[0.260383458862735,35.5397]]]}},{"type":"Feature","properties":{"nameAr":"المحمدية","nameFr":"Mohammadia","wilayaCode":29,"code":2931},"geometry":{"type":"Polygon","coordinates":[[[0.11397146853691431,35.58839],[0.09033573426845716,35.61704680483901],[0.043064265731542845,35.61704680483901],[0.01942853146308568,35.58839],[0.04306426573154282,35.55973319516098],[0.09033573426845716,35.55973319516098],[0.11397146853691431,35.58839]]]}},{"type":"Feature","properties":{"nameAr":"تيغنيف","nameFr":"Tighennif","wilayaCode":29,"code":2906},"geometry":{"type":"Polygon","coordinates":[[[0.3705071163653815,35.4143144],[0.34986995818269073,35.43933562454738],[0.30859564181730925,35.43933562454738],[0.2879584836346185,35.4143144],[0.30859564181730925,35.38929317545262],[0.34986995818269073,35.38929317545262],[0.3705071163653815,35.4143144]]]}},{"type":"Feature","properties":{"nameAr":"مقطع الدوز","nameFr":"Mocta-Douz","wilayaCode":29,"code":2936},"geometry":{"type":"Polygon","coordinates":[[[-0.0027304375768645653,35.6068031],[-0.025860318788432278,35.63484659060203],[-0.07212008121156771,35.63484659060203],[-0.09524996242313544,35.6068031],[-0.07212008121156774,35.57875960939797],[-0.025860318788432278,35.57875960939797],[-0.0027304375768645653,35.6068031]]]}},{"type":"Feature","properties":{"nameAr":"فراقيق","nameFr":"Ferraguig","wilayaCode":29,"code":2933},"geometry":{"type":"Polygon","coordinates":[[[0.09993559953679843,35.583333],[0.07679739976839922,35.611386576316185],[0.03052100023160079,35.611386576316185],[0.007382800463201562,35.583333],[0.03052100023160076,35.55527942368382],[0.07679739976839922,35.55527942368382],[0.09993559953679843,35.583333]]]}},{"type":"Feature","properties":{"nameAr":"الغمري","nameFr":"El Ghomri","wilayaCode":29,"code":2934},"geometry":{"type":"Polygon","coordinates":[[[0.2577128959715851,35.6883106],[0.23234674798579255,35.719065419972594],[0.18161445201420745,35.719065419972594],[0.15624830402841489,35.6883106],[0.1816144520142074,35.65755578002741],[0.23234674798579255,35.65755578002741],[0.2577128959715851,35.6883106]]]}},{"type":"Feature","properties":{"nameAr":"زهانة","nameFr":"Zahana","wilayaCode":29,"code":2930},"geometry":{"type":"Polygon","coordinates":[[[-0.10833345362336172,35.48333333],[-0.12916672681168084,35.50859233135509],[-0.17083327318831912,35.50859233135509],[-0.19166654637663827,35.48333333],[-0.17083327318831915,35.45807432864491],[-0.12916672681168084,35.45807432864491],[-0.10833345362336172,35.48333333]]]}},{"type":"Feature","properties":{"nameAr":"القعدة","nameFr":"El Gaada","wilayaCode":29,"code":2929},"geometry":{"type":"Polygon","coordinates":[[[-0.15243260337648318,35.53333333],[-0.16788296818824158,35.552065901794606],[-0.1987836978117584,35.552065901794606],[-0.2142340626235168,35.53333333],[-0.19878369781175842,35.51460075820539],[-0.16788296818824158,35.51460075820539],[-0.15243260337648318,35.53333333]]]}},{"type":"Feature","properties":{"nameAr":"رأس عين عميروش","nameFr":"Ras El Ain Amirouche","wilayaCode":29,"code":2944},"geometry":{"type":"Polygon","coordinates":[[[-0.17175213016165936,35.5925],[-0.19212606508082966,35.61720208330107],[-0.2328739349191703,35.61720208330107],[-0.25324786983834063,35.5925],[-0.23287393491917033,35.56779791669893],[-0.19212606508082966,35.56779791669893],[-0.17175213016165936,35.5925]]]}},{"type":"Feature","properties":{"nameAr":"عقاز","nameFr":"Oggaz","wilayaCode":29,"code":2927},"geometry":{"type":"Polygon","coordinates":[[[-0.21963307768361787,35.566667],[-0.23965153884180893,35.59093809427073],[-0.27968846115819107,35.59093809427073],[-0.2997069223163822,35.566667],[-0.2796884611581911,35.54239590572927],[-0.23965153884180893,35.54239590572927],[-0.21963307768361787,35.566667]]]}},{"type":"Feature","properties":{"nameAr":"العلايمية","nameFr":"Alaimia","wilayaCode":29,"code":2928},"geometry":{"type":"Polygon","coordinates":[[[-0.27152335151224166,35.51011],[-0.2970116757561208,35.541012950813126],[-0.34798832424387915,35.541012950813126],[-0.37347664848775836,35.51011],[-0.3479883242438792,35.47920704918687],[-0.2970116757561208,35.47920704918687],[-0.27152335151224166,35.51011]]]}},{"type":"Feature","properties":{"nameAr":"سيق","nameFr":"Sig","wilayaCode":29,"code":2926},"geometry":{"type":"Polygon","coordinates":[[[-0.1619916457510262,35.5283],[-0.1773848228755131,35.54696323540866],[-0.2081711771244869,35.54696323540866],[-0.2235643542489738,35.5283],[-0.2081711771244869,35.50963676459134],[-0.1773848228755131,35.50963676459134],[-0.1619916457510262,35.5283]]]}},{"type":"Feature","properties":{"nameAr":"الشرفاء","nameFr":"Chorfa","wilayaCode":29,"code":2943},"geometry":{"type":"Polygon","coordinates":[[[-0.19875334978485107,35.431944],[-0.22201567489242552,35.46014807029196],[-0.2685403251075745,35.46014807029196],[-0.29180265021514895,35.431944],[-0.2685403251075745,35.403739929708046],[-0.22201567489242552,35.403739929708046],[-0.19875334978485107,35.431944]]]}},{"type":"Feature","properties":{"nameAr":"بوهني","nameFr":"Bou Henni","wilayaCode":29,"code":2937},"geometry":{"type":"Polygon","coordinates":[[[-0.03950704895870548,35.56055556],[-0.061975746479352736,35.587797407979956],[-0.10691314152064724,35.587797407979956],[-0.12938183904129452,35.56055556],[-0.10691314152064726,35.53331371202004],[-0.061975746479352736,35.53331371202004],[-0.03950704895870548,35.56055556]]]}},{"type":"Feature","properties":{"nameAr":"المأمونية","nameFr":"El Mamounia","wilayaCode":29,"code":2939},"geometry":{"type":"Polygon","coordinates":[[[0.2839867310120239,35.433333],[0.26444336550601194,35.457028071405105],[0.2253566344939881,35.457028071405105],[0.20581326898797617,35.433333],[0.22535663449398807,35.40963792859489],[0.26444336550601194,35.40963792859489],[0.2839867310120239,35.433333]]]}},{"type":"Feature","properties":{"nameAr":"القطنة","nameFr":"El Gueitena","wilayaCode":29,"code":2938},"geometry":{"type":"Polygon","coordinates":[[[0.08662238379708398,35.2522718],[0.069711191898542,35.27277553050938],[0.03588880810145802,35.27277553050938],[0.018977616202916013,35.2522718],[0.03588880810145799,35.23176806949063],[0.069711191898542,35.23176806949063],[0.08662238379708398,35.2522718]]]}},{"type":"Feature","properties":{"nameAr":"عين فارس","nameFr":"Ain Fares","wilayaCode":29,"code":2924},"geometry":{"type":"Polygon","coordinates":[[[0.28139403402602486,35.4799],[0.26314701701301246,35.502023332387175],[0.22665298298698758,35.502023332387175],[0.20840596597397515,35.4799],[0.22665298298698755,35.457776667612826],[0.26314701701301246,35.457776667612826],[0.28139403402602486,35.4799]]]}},{"type":"Feature","properties":{"nameAr":"غروس","nameFr":"Gharrous","wilayaCode":29,"code":2941},"geometry":{"type":"Polygon","coordinates":[[[0.46260826369527175,35.19583333],[0.4317207983476359,35.23328239150939],[0.36994586765236415,35.23328239150939],[0.3390584023047283,35.19583333],[0.3699458676523641,35.15838426849061],[0.4317207983476359,35.15838426849061],[0.46260826369527175,35.19583333]]]}},{"type":"Feature","properties":{"nameAr":"بنيان","nameFr":"Benian","wilayaCode":29,"code":2919},"geometry":{"type":"Polygon","coordinates":[[[0.16908204356743414,35.21222],[0.15440212178371707,35.230018459266375],[0.12504227821628291,35.230018459266375],[0.11036235643256584,35.21222],[0.1250422782162829,35.19442154073363],[0.15440212178371707,35.19442154073363],[0.16908204356743414,35.21222]]]}},{"type":"Feature","properties":{"nameAr":"عوف","nameFr":"Aouf","wilayaCode":29,"code":2923},"geometry":{"type":"Polygon","coordinates":[[[0.17622323928073522,35.1],[0.1631116196403676,35.115896993970644],[0.13688838035963238,35.115896993970644],[0.12377676071926477,35.1],[0.13688838035963238,35.08410300602936],[0.1631116196403676,35.08410300602936],[0.17622323928073522,35.1]]]}},{"type":"Feature","properties":{"nameAr":"قرجوم","nameFr":"Guerdjoum","wilayaCode":29,"code":2942},"geometry":{"type":"Polygon","coordinates":[[[0.08861834541945773,35.15],[0.07113877270972886,35.17119285561949],[0.03617962729027114,35.17119285561949],[0.018700054580542268,35.15],[0.03617962729027112,35.12880714438051],[0.07113877270972886,35.12880714438051],[0.08861834541945773,35.15]]]}},{"type":"Feature","properties":{"nameAr":"عين أفرص","nameFr":"Ain Frass","wilayaCode":29,"code":2925},"geometry":{"type":"Polygon","coordinates":[[[-0.0986891812281249,35.195278],[-0.12809459061406245,35.230930164151665],[-0.18690540938593755,35.230930164151665],[-0.2163108187718751,35.195278],[-0.18690540938593758,35.15962583584834],[-0.12809459061406245,35.15962583584834],[-0.0986891812281249,35.195278]]]}},{"type":"Feature","properties":{"nameAr":"عين فكان","nameFr":"Ain Fekan","wilayaCode":29,"code":2918},"geometry":{"type":"Polygon","coordinates":[[[0.04032623011846829,35.2153],[0.019363115059234146,35.24071642625725],[-0.022563115059234133,35.24071642625725],[-0.04352623011846828,35.2153],[-0.02256311505923416,35.18988357374275],[0.019363115059234146,35.18988357374275],[0.04032623011846829,35.2153]]]}},{"type":"Feature","properties":{"nameAr":"خلوية","nameFr":"Khalouia","wilayaCode":29,"code":2920},"geometry":{"type":"Polygon","coordinates":[[[0.18929032595151002,35.4613997],[0.16992296297575502,35.484881379677844],[0.13118823702424504,35.484881379677844],[0.11182087404849002,35.4613997],[0.131188237024245,35.43791802032216],[0.16992296297575502,35.43791802032216],[0.18929032595151002,35.4613997]]]}},{"type":"Feature","properties":{"nameAr":"المنور","nameFr":"El Menaouer","wilayaCode":29,"code":2921},"geometry":{"type":"Polygon","coordinates":[[[0.4193975216480518,35.394444],[0.3953945608240259,35.42354604337551],[0.3473886391759741,35.42354604337551],[0.3233856783519482,35.394444],[0.34738863917597407,35.36534195662449],[0.3953945608240259,35.36534195662449],[0.4193975216480518,35.394444]]]}},{"type":"Feature","properties":{"nameAr":"البرج","nameFr":"El Bordj","wilayaCode":29,"code":2917},"geometry":{"type":"Polygon","coordinates":[[[0.3427548436493757,35.515833],[0.3222274218246879,35.54072117628413],[0.2811725781753122,35.54072117628413],[0.26064515635062435,35.515833],[0.28117257817531216,35.49094482371587],[0.3222274218246879,35.49094482371587],[0.3427548436493757,35.515833]]]}},{"type":"Feature","properties":{"nameAr":"سيدي بوسعيد","nameFr":"Sidi Boussaid","wilayaCode":29,"code":2916},"geometry":{"type":"Polygon","coordinates":[[[0.3443519461859803,35.250556],[0.32037047309299016,35.27963199088619],[0.27240752690700987,35.27963199088619],[0.24842605381401972,35.250556],[0.27240752690700987,35.22148000911382],[0.32037047309299016,35.22148000911382],[0.3443519461859803,35.250556]]]}},{"type":"Feature","properties":{"nameAr":"المطمور","nameFr":"Matemore","wilayaCode":29,"code":2914},"geometry":{"type":"Polygon","coordinates":[[[0.08738198739677491,35.36140556],[0.07052059369838745,35.38184891340042],[0.03679780630161255,35.38184891340042],[0.01993641260322509,35.36140556],[0.03679780630161253,35.340962206599585],[0.07052059369838745,35.340962206599585],[0.08738198739677491,35.36140556]]]}},{"type":"Feature","properties":{"nameAr":"سيدي قادة","nameFr":"Sidi Kada","wilayaCode":29,"code":2908},"geometry":{"type":"Polygon","coordinates":[[[0.3905940547188015,35.333333],[0.36724152735940074,35.36164643471014],[0.32053647264059926,35.36164643471014],[0.2971839452811985,35.333333],[0.32053647264059926,35.30501956528987],[0.36724152735940074,35.30501956528987],[0.3905940547188015,35.333333]]]}},{"type":"Feature","properties":{"nameAr":"ماقضة","nameFr":"Makhda","wilayaCode":29,"code":2915},"geometry":{"type":"Polygon","coordinates":[[[0.16987644364049945,35.15],[0.15993822182024972,35.16204945359069],[0.14006177817975027,35.16204945359069],[0.13012355635950054,35.15],[0.14006177817975024,35.13795054640931],[0.15993822182024972,35.13795054640931],[0.16987644364049945,35.15]]]}},{"type":"Feature","properties":{"nameAr":"معسكر","nameFr":"Mascara","wilayaCode":29,"code":2901},"geometry":{"type":"Polygon","coordinates":[[[0.16088449998740562,35.4],[0.1471087499937028,35.41670220923102],[0.11955725000629722,35.41670220923102],[0.10578150001259441,35.4],[0.11955725000629719,35.38329779076898],[0.1471087499937028,35.38329779076898],[0.16088449998740562,35.4]]]}},{"type":"Feature","properties":{"nameAr":"بوحنيفية","nameFr":"Bouhanifia","wilayaCode":29,"code":2902},"geometry":{"type":"Polygon","coordinates":[[[0.006839297273324781,35.316111],[-0.020747017863337602,35.34955762958721],[-0.07591964813666238,35.34955762958721],[-0.10350596327332479,35.316111],[-0.07591964813666241,35.28266437041279],[-0.020747017863337602,35.28266437041279],[0.006839297273324781,35.316111]]]}},{"type":"Feature","properties":{"nameAr":"غريس","nameFr":"Ghriss","wilayaCode":29,"code":2912},"geometry":{"type":"Polygon","coordinates":[[[0.19176730611215007,35.216944],[0.17658365305607504,35.235353200976334],[0.14621634694392496,35.235353200976334],[0.1310326938878499,35.216944],[0.14621634694392494,35.19853479902366],[0.17658365305607504,35.19853479902366],[0.19176730611215007,35.216944]]]}},{"type":"Feature","properties":{"nameAr":"حسين","nameFr":"Hacine","wilayaCode":29,"code":2904},"geometry":{"type":"Polygon","coordinates":[[[0.12059920533787237,35.33333333],[0.10946460266893619,35.346833318281284],[0.08719539733106382,35.346833318281284],[0.07606079466212763,35.33333333],[0.08719539733106381,35.31983334171872],[0.10946460266893619,35.31983334171872],[0.12059920533787237,35.33333333]]]}},{"type":"Feature","properties":{"nameAr":"القرط","nameFr":"El Keurt","wilayaCode":29,"code":2940},"geometry":{"type":"Polygon","coordinates":[[[0.11759347454908138,35.381111],[0.1046302372745407,35.39682808991305],[0.07870376272545931,35.39682808991305],[0.06574052545091862,35.381111],[0.0787037627254593,35.365393910086944],[0.1046302372745407,35.365393910086944],[0.11759347454908138,35.381111]]]}},{"type":"Feature","properties":{"nameAr":"فروحة","nameFr":"Froha","wilayaCode":29,"code":2913},"geometry":{"type":"Polygon","coordinates":[[[0.15114582844733201,35.3026637],[0.139699714223666,35.31654137596924],[0.11680748577633399,35.31654137596924],[0.10536137155266796,35.3026637],[0.11680748577633397,35.288786024030756],[0.139699714223666,35.288786024030756],[0.15114582844733201,35.3026637]]]}},{"type":"Feature","properties":{"nameAr":"تيزي","nameFr":"Tizi","wilayaCode":29,"code":2903},"geometry":{"type":"Polygon","coordinates":[[[0.1736531238806853,35.31603],[0.16393411194034266,35.327813675736024],[0.14449608805965736,35.327813675736024],[0.1347770761193147,35.31603],[0.14449608805965733,35.30424632426397],[0.16393411194034266,35.30424632426397],[0.1736531238806853,35.31603]]]}},{"type":"Feature","properties":{"nameAr":"السهايلية","nameFr":"Sehailia","wilayaCode":29,"code":2947},"geometry":{"type":"Polygon","coordinates":[[[0.1690421962829886,35.316667],[0.1595210981414943,35.32821071800745],[0.1404789018585057,35.32821071800745],[0.13095780371701138,35.316667],[0.14047890185850567,35.30512328199256],[0.1595210981414943,35.30512328199256],[0.1690421962829886,35.316667]]]}},{"type":"Feature","properties":{"nameAr":"ماوسة","nameFr":"Maoussa","wilayaCode":29,"code":2905},"geometry":{"type":"Polygon","coordinates":[[[0.23481629757513633,35.3129898],[0.21865814878756817,35.332580514259426],[0.18634185121243185,35.332580514259426],[0.1701837024248637,35.3129898],[0.18634185121243182,35.29339908574057],[0.21865814878756817,35.29339908574057],[0.23481629757513633,35.3129898]]]}},{"type":"Feature","properties":{"nameAr":"سيدي عبد الجبار","nameFr":"Sidi Abdeldjebar","wilayaCode":29,"code":2946},"geometry":{"type":"Polygon","coordinates":[[[0.5981585427587788,35.258611],[0.5607448213793894,35.30397272643053],[0.4859173786206107,35.30397272643053],[0.4485036572412213,35.258611],[0.48591737862061063,35.213249273569474],[0.5607448213793894,35.213249273569474],[0.5981585427587788,35.258611]]]}},{"type":"Feature","properties":{"nameAr":"الحشم","nameFr":"El Hachem","wilayaCode":29,"code":2907},"geometry":{"type":"Polygon","coordinates":[[[0.17290823186860066,35.366667],[0.1614541159343003,35.380554377527794],[0.13854588406569968,35.380554377527794],[0.12709176813139933,35.366667],[0.13854588406569965,35.352779622472205],[0.1614541159343003,35.352779622472205],[0.17290823186860066,35.366667]]]}},{"type":"Feature","properties":{"nameAr":"نسمط","nameFr":"Nesmot","wilayaCode":29,"code":2945},"geometry":{"type":"Polygon","coordinates":[[[0.28729682425773906,35.21222],[0.2665650786288695,35.23735590573116],[0.22510158737113045,35.23735590573116],[0.20436984174226092,35.21222],[0.22510158737113042,35.18708409426885],[0.2665650786288695,35.18708409426885],[0.28729682425773906,35.21222]]]}},{"type":"Feature","properties":{"nameAr":"زلامطة","nameFr":"Zelamta","wilayaCode":29,"code":2909},"geometry":{"type":"Polygon","coordinates":[[[0.5350879147358013,35.29108],[0.5056539573679006,35.326766776740314],[0.4467860426320993,35.326766776740314],[0.41735208526419865,35.29108],[0.4467860426320993,35.25539322325969],[0.5056539573679006,35.25539322325969],[0.5350879147358013,35.29108]]]}},{"type":"Feature","properties":{"nameAr":"عين فراح","nameFr":"Ain Ferah","wilayaCode":29,"code":2911},"geometry":{"type":"Polygon","coordinates":[[[0.8739852774092561,35.381111],[0.8296807887046281,35.43482733780784],[0.741071811295372,35.43482733780784],[0.6967673225907439,35.381111],[0.7410718112953719,35.327394662192155],[0.8296807887046281,35.327394662192155],[0.8739852774092561,35.381111]]]}},{"type":"Feature","properties":{"nameAr":"وادي التاغية","nameFr":"Oued Taria","wilayaCode":29,"code":2922},"geometry":{"type":"Polygon","coordinates":[[[0.119001553429173,35.1130905],[0.1050165767145865,35.13004638314863],[0.0770466232854135,35.13004638314863],[0.06306164657082701,35.1130905],[0.07704662328541349,35.096134616851366],[0.1050165767145865,35.096134616851366],[0.119001553429173,35.1130905]]]}},{"type":"Feature","properties":{"nameAr":"ورقلة","nameFr":"Ouargla","wilayaCode":30,"code":3001},"geometry":{"type":"Polygon","coordinates":[[[5.406941364887422,31.95],[5.361820682443711,32.00470592012528],[5.271579317556289,32.00470592012528],[5.226458635112578,31.95],[5.271579317556289,31.895294079874716],[5.361820682443711,31.895294079874716],[5.406941364887422,31.95]]]}},{"type":"Feature","properties":{"nameAr":"حاسي مسعود","nameFr":"Hassi Messaoud","wilayaCode":30,"code":3004},"geometry":{"type":"Polygon","coordinates":[[[6.390895122922045,31.7019],[6.2319475614610225,31.894613676532767],[5.914052438538978,31.894613676532767],[5.755104877077955,31.7019],[5.914052438538977,31.50918632346723],[6.2319475614610225,31.50918632346723],[6.390895122922045,31.7019]]]}},{"type":"Feature","properties":{"nameAr":"عين البيضاء","nameFr":"Ain Beida","wilayaCode":30,"code":3002},"geometry":{"type":"Polygon","coordinates":[[[5.48373083500196,31.9377],[5.441635417500979,31.988737981314266],[5.357444582499021,31.988737981314266],[5.31534916499804,31.9377],[5.35744458249902,31.886662018685733],[5.441635417500979,31.886662018685733],[5.48373083500196,31.9377]]]}},{"type":"Feature","properties":{"nameAr":"حاسي بن عبد الله","nameFr":"Hassi Ben Abdellah","wilayaCode":30,"code":3012},"geometry":{"type":"Polygon","coordinates":[[[5.55936198150744,32.025833],[5.5139864907537195,32.08084785878267],[5.423235509246281,32.08084785878267],[5.3778600184925605,32.025833],[5.42323550924628,31.97081814121733],[5.5139864907537195,31.97081814121733],[5.55936198150744,32.025833]]]}},{"type":"Feature","properties":{"nameAr":"سيدي خويلد","nameFr":"Sidi Khouiled","wilayaCode":30,"code":3011},"geometry":{"type":"Polygon","coordinates":[[[5.498694704901969,31.979722],[5.458513852450984,32.028438694555575],[5.378152147549015,32.028438694555575],[5.33797129509803,31.979722],[5.378152147549015,31.931005305444426],[5.458513852450984,31.931005305444426],[5.498694704901969,31.979722]]]}},{"type":"Feature","properties":{"nameAr":"البرمة","nameFr":"El Borma","wilayaCode":30,"code":3021},"geometry":{"type":"Polygon","coordinates":[[[10.21083458578651,31.656389],[9.695000792893255,32.281804236286455],[8.663333207106744,32.281804236286455],[8.14749941421349,31.656389],[8.663333207106744,31.030973763713547],[9.695000792893255,31.030973763713547],[10.21083458578651,31.656389]]]}},{"type":"Feature","properties":{"nameAr":"الرويسات","nameFr":"Rouissat","wilayaCode":30,"code":3005},"geometry":{"type":"Polygon","coordinates":[[[5.440879411528355,31.916667],[5.395439705764177,31.971759715345176],[5.304560294235822,31.971759715345176],[5.259120588471644,31.916667],[5.304560294235822,31.861574284654825],[5.395439705764177,31.861574284654825],[5.440879411528355,31.916667]]]}},{"type":"Feature","properties":{"nameAr":"انقوسة","nameFr":"N'goussa","wilayaCode":30,"code":3003},"geometry":{"type":"Polygon","coordinates":[[[5.417850981257683,32.141111],[5.363725490628841,32.206734669827625],[5.255474509371158,32.206734669827625],[5.201349018742317,32.141111],[5.255474509371158,32.07548733017238],[5.363725490628841,32.07548733017238],[5.417850981257683,32.141111]]]}},{"type":"Feature","properties":{"nameAr":"سيدي الشحمي","nameFr":"Sidi Chami","wilayaCode":31,"code":3113},"geometry":{"type":"Polygon","coordinates":[[[-0.4935402480442602,35.62687],[-0.5076201240221301,35.64394094239056],[-0.53577987597787,35.64394094239056],[-0.5498597519557399,35.62687],[-0.53577987597787,35.609799057609436],[-0.5076201240221301,35.609799057609436],[-0.4935402480442602,35.62687]]]}},{"type":"Feature","properties":{"nameAr":"حاسي مفسوخ","nameFr":"Hassi Mefsoukh","wilayaCode":31,"code":3121},"geometry":{"type":"Polygon","coordinates":[[[-0.3394976654716991,35.7861],[-0.3568323327358496,35.80711716710366],[-0.3915016672641505,35.80711716710366],[-0.408836334528301,35.7861],[-0.39150166726415053,35.76508283289633],[-0.3568323327358496,35.76508283289633],[-0.3394976654716991,35.7861]]]}},{"type":"Feature","properties":{"nameAr":"بئر الجير","nameFr":"Bir El Djir","wilayaCode":31,"code":3103},"geometry":{"type":"Polygon","coordinates":[[[-0.5056404028955229,35.7368],[-0.5253202014477615,35.76066048768264],[-0.5646797985522386,35.76066048768264],[-0.5843595971044772,35.7368],[-0.5646797985522386,35.71293951231736],[-0.5253202014477615,35.71293951231736],[-0.5056404028955229,35.7368]]]}},{"type":"Feature","properties":{"nameAr":"حاسي بن عقبة","nameFr":"Hassi Ben Okba","wilayaCode":31,"code":3119},"geometry":{"type":"Polygon","coordinates":[[[-0.4345560162308096,35.72964],[-0.4501945081154048,35.74860066374851],[-0.4814714918845952,35.74860066374851],[-0.4971099837691904,35.72964],[-0.4814714918845952,35.710679336251495],[-0.4501945081154048,35.710679336251495],[-0.4345560162308096,35.72964]]]}},{"type":"Feature","properties":{"nameAr":"قديل","nameFr":"Gdyel","wilayaCode":31,"code":3102},"geometry":{"type":"Polygon","coordinates":[[[-0.38564168763988793,35.8052667],[-0.404693843819944,35.82836621174831],[-0.442798156180056,35.82836621174831],[-0.4618503123601121,35.8052667],[-0.4427981561800561,35.782167188251684],[-0.404693843819944,35.782167188251684],[-0.38564168763988793,35.8052667]]]}},{"type":"Feature","properties":{"nameAr":"حاسي بونيف","nameFr":"Hassi Bounif","wilayaCode":31,"code":3104},"geometry":{"type":"Polygon","coordinates":[[[-0.47475369195424844,35.6792778],[-0.4873768459771242,35.694582560883575],[-0.5126231540228757,35.694582560883575],[-0.5252463080457516,35.6792778],[-0.5126231540228758,35.66397303911643],[-0.4873768459771242,35.66397303911643],[-0.47475369195424844,35.6792778]]]}},{"type":"Feature","properties":{"nameAr":"الكرمة","nameFr":"El Kerma","wilayaCode":31,"code":3117},"geometry":{"type":"Polygon","coordinates":[[[-0.5441532744620516,35.6186807],[-0.5613821927310257,35.63956965326092],[-0.5958400292689742,35.63956965326092],[-0.6130689475379483,35.6186807],[-0.5958400292689742,35.59779174673908],[-0.5613821927310257,35.59779174673908],[-0.5441532744620516,35.6186807]]]}},{"type":"Feature","properties":{"nameAr":"السانية","nameFr":"Es Senia","wilayaCode":31,"code":3105},"geometry":{"type":"Polygon","coordinates":[[[-0.5844270087526369,35.6478],[-0.6043037043763184,35.671899212694754],[-0.6440570956236815,35.671899212694754],[-0.6639337912473631,35.6478],[-0.6440570956236815,35.62370078730524],[-0.6043037043763184,35.62370078730524],[-0.5844270087526369,35.6478]]]}},{"type":"Feature","properties":{"nameAr":"بن فريحة","nameFr":"Ben Freha","wilayaCode":31,"code":3120},"geometry":{"type":"Polygon","coordinates":[[[-0.38060080465512736,35.6937209],[-0.39962770232756367,35.71678978743535],[-0.4376814976724363,35.71678978743535],[-0.4567083953448726,35.6937209],[-0.4376814976724363,35.67065201256465],[-0.39962770232756367,35.67065201256465],[-0.38060080465512736,35.6937209]]]}},{"type":"Feature","properties":{"nameAr":"أرزيو","nameFr":"Arzew","wilayaCode":31,"code":3106},"geometry":{"type":"Polygon","coordinates":[[[-0.2768858380222986,35.85048],[-0.2967929190111493,35.87461605299215],[-0.33660708098885067,35.87461605299215],[-0.35651416197770136,35.85048],[-0.33660708098885067,35.82634394700784],[-0.2967929190111493,35.82634394700784],[-0.2768858380222986,35.85048]]]}},{"type":"Feature","properties":{"nameAr":"سيدي بن يبقى","nameFr":"Sidi Ben Yebka","wilayaCode":31,"code":3122},"geometry":{"type":"Polygon","coordinates":[[[-0.35687338181788725,35.82972],[-0.3757976909089436,35.85266450539069],[-0.41364630909105643,35.85266450539069],[-0.4325706181821128,35.82972],[-0.41364630909105643,35.80677549460931],[-0.3757976909089436,35.80677549460931],[-0.35687338181788725,35.82972]]]}},{"type":"Feature","properties":{"nameAr":"عين البية","nameFr":"Ain Biya","wilayaCode":31,"code":3126},"geometry":{"type":"Polygon","coordinates":[[[-0.243402876158761,35.816667],[-0.2625391380793805,35.83986848453942],[-0.30081166192061953,35.83986848453942],[-0.31994792384123905,35.816667],[-0.30081166192061953,35.79346551546058],[-0.2625391380793805,35.79346551546058],[-0.243402876158761,35.816667]]]}},{"type":"Feature","properties":{"nameAr":"بطيوة","nameFr":"Bethioua","wilayaCode":31,"code":3107},"geometry":{"type":"Polygon","coordinates":[[[-0.21687856274656142,35.805837],[-0.2382392813732807,35.83173549496336],[-0.2809607186267193,35.83173549496336],[-0.3023214372534386,35.805837],[-0.2809607186267193,35.77993850503663],[-0.2382392813732807,35.77993850503663],[-0.21687856274656142,35.805837]]]}},{"type":"Feature","properties":{"nameAr":"مرسى الحجاج","nameFr":"Marsat El Hadjadj","wilayaCode":31,"code":3108},"geometry":{"type":"Polygon","coordinates":[[[-0.10111659749082526,35.783333],[-0.13389179874541263,35.82307081966087],[-0.19944220125458736,35.82307081966087],[-0.23221740250917478,35.783333],[-0.19944220125458742,35.74359518033913],[-0.13389179874541263,35.74359518033913],[-0.10111659749082526,35.783333]]]}},{"type":"Feature","properties":{"nameAr":"عين الترك","nameFr":"Ain Turk","wilayaCode":31,"code":3109},"geometry":{"type":"Polygon","coordinates":[[[-0.7255357246256379,35.74494],[-0.7476178623128189,35.77171316908975],[-0.7917821376871811,35.77171316908975],[-0.8138642753743622,35.74494],[-0.7917821376871812,35.71816683091025],[-0.7476178623128189,35.71816683091025],[-0.7255357246256379,35.74494]]]}},{"type":"Feature","properties":{"nameAr":"وهران","nameFr":"Oran","wilayaCode":31,"code":3101},"geometry":{"type":"Polygon","coordinates":[[[-0.5904346876444981,35.70833333],[-0.6117673438222491,35.73419780105218],[-0.6544326561777509,35.73419780105218],[-0.6757653123555019,35.70833333],[-0.6544326561777509,35.68246885894782],[-0.6117673438222491,35.68246885894782],[-0.5904346876444981,35.70833333]]]}},{"type":"Feature","properties":{"nameAr":"العنصر","nameFr":"El Ancor","wilayaCode":31,"code":3110},"geometry":{"type":"Polygon","coordinates":[[[-0.8128797815299472,35.7408],[-0.8397733907649736,35.77340676831578],[-0.8935606092350263,35.77340676831578],[-0.9204542184700527,35.7408],[-0.8935606092350263,35.70819323168422],[-0.8397733907649736,35.70819323168422],[-0.8128797815299472,35.7408]]]}},{"type":"Feature","properties":{"nameAr":"المرسى الكبير","nameFr":"Mers El Kebir","wilayaCode":31,"code":3115},"geometry":{"type":"Polygon","coordinates":[[[-0.6629776951003615,35.728611],[-0.6849608475501807,35.755264155867536],[-0.7289271524498193,35.755264155867536],[-0.7509103048996385,35.728611],[-0.7289271524498193,35.701957844132465],[-0.6849608475501807,35.701957844132465],[-0.6629776951003615,35.728611]]]}},{"type":"Feature","properties":{"nameAr":"بوفاتيس","nameFr":"Boufatis","wilayaCode":31,"code":3114},"geometry":{"type":"Polygon","coordinates":[[[-0.4562605847324156,35.6791],[-0.46896379236620783,35.694501820728576],[-0.4943702076337922,35.694501820728576],[-0.5070734152675844,35.6791],[-0.49437020763379225,35.66369817927142],[-0.46896379236620783,35.66369817927142],[-0.4562605847324156,35.6791]]]}},{"type":"Feature","properties":{"nameAr":"البراية","nameFr":"El Braya","wilayaCode":31,"code":3118},"geometry":{"type":"Polygon","coordinates":[[[-0.4869994596569671,35.612222],[-0.5018332298284836,35.63020699052341],[-0.5315007701715164,35.63020699052341],[-0.5463345403430329,35.612222],[-0.5315007701715164,35.59423700947659],[-0.5018332298284836,35.59423700947659],[-0.4869994596569671,35.612222]]]}},{"type":"Feature","properties":{"nameAr":"وادي تليلات","nameFr":"Oued Tlelat","wilayaCode":31,"code":3111},"geometry":{"type":"Polygon","coordinates":[[[-0.40577623688754666,35.5519239],[-0.4290183184437733,35.58010342629033],[-0.47550248155622665,35.58010342629033],[-0.49874456311245335,35.5519239],[-0.4755024815562267,35.52374437370967],[-0.4290183184437733,35.52374437370967],[-0.40577623688754666,35.5519239]]]}},{"type":"Feature","properties":{"nameAr":"عين الكرمة","nameFr":"Ain Kerma","wilayaCode":31,"code":3125},"geometry":{"type":"Polygon","coordinates":[[[-0.9099038337622699,35.648979],[-0.9428029168811349,35.68886701843901],[-1.008601083118865,35.68886701843901],[-1.04150016623773,35.648979],[-1.008601083118865,35.60909098156098],[-0.9428029168811349,35.60909098156098],[-0.9099038337622699,35.648979]]]}},{"type":"Feature","properties":{"nameAr":"بوتليليس","nameFr":"Boutlelis","wilayaCode":31,"code":3124},"geometry":{"type":"Polygon","coordinates":[[[-0.769620846242402,35.573],[-0.8019104231212011,35.612149031396285],[-0.866489576878799,35.612149031396285],[-0.8987791537575981,35.573],[-0.8664895768787991,35.533850968603716],[-0.8019104231212011,35.533850968603716],[-0.769620846242402,35.573]]]}},{"type":"Feature","properties":{"nameAr":"مسرغين","nameFr":"Messerghin","wilayaCode":31,"code":3123},"geometry":{"type":"Polygon","coordinates":[[[-0.7262137023737854,35.6455611],[-0.7492555511868927,35.67349785699124],[-0.7953392488131074,35.67349785699124],[-0.8183810976262147,35.6455611],[-0.7953392488131074,35.617624343008764],[-0.7492555511868927,35.617624343008764],[-0.7262137023737854,35.6455611]]]}},{"type":"Feature","properties":{"nameAr":"بوسفر","nameFr":"Bousfer","wilayaCode":31,"code":3116},"geometry":{"type":"Polygon","coordinates":[[[-0.7675890944655074,35.710833],[-0.7890725472327537,35.73688030220041],[-0.8320394527672464,35.73688030220041],[-0.8535229055344927,35.710833],[-0.8320394527672464,35.68478569779959],[-0.7890725472327537,35.68478569779959],[-0.7675890944655074,35.710833]]]}},{"type":"Feature","properties":{"nameAr":"طفراوي","nameFr":"Tafraoui","wilayaCode":31,"code":3112},"geometry":{"type":"Polygon","coordinates":[[[-0.46555493367495937,35.483333],[-0.4911109668374797,35.51431804351418],[-0.5422230331625203,35.51431804351418],[-0.5677790663250406,35.483333],[-0.5422230331625203,35.45234795648582],[-0.4911109668374797,35.45234795648582],[-0.46555493367495937,35.483333]]]}},{"type":"Feature","properties":{"nameAr":"سيدي سليمان","nameFr":"Sidi Slimane","wilayaCode":32,"code":3221},"geometry":{"type":"Polygon","coordinates":[[[0.734728122007644,33.833333],[0.644718227503822,33.94246419732518],[0.46469843849617803,33.94246419732518],[0.374688543992356,33.833333],[0.4646984384961779,33.72420180267483],[0.644718227503822,33.72420180267483],[0.734728122007644,33.833333]]]}},{"type":"Feature","properties":{"nameAr":"سيدي عامر","nameFr":"Sidi Ameur","wilayaCode":32,"code":3218},"geometry":{"type":"Polygon","coordinates":[[[1.5212097227325256,33.768333],[1.4674104168662627,33.833561191820614],[1.3598118051337373,33.833561191820614],[1.3060124992674744,33.768333],[1.3598118051337371,33.70310480817938],[1.4674104168662627,33.70310480817938],[1.5212097227325256,33.768333]]]}},{"type":"Feature","properties":{"nameAr":"بوعلام","nameFr":"Boualem","wilayaCode":32,"code":3206},"geometry":{"type":"Polygon","coordinates":[[[1.6372233692600788,33.72903],[1.5850955846300394,33.792231580025664],[1.4808400153699606,33.792231580025664],[1.4287122307399212,33.72903],[1.4808400153699606,33.66582841997434],[1.5850955846300394,33.66582841997434],[1.6372233692600788,33.72903]]]}},{"type":"Feature","properties":{"nameAr":"بوقطب","nameFr":"Bougtoub","wilayaCode":32,"code":3210},"geometry":{"type":"Polygon","coordinates":[[[0.19235540888234015,34.1436111],[0.11284420444117009,34.240013312104175],[-0.04617820444117003,34.240013312104175],[-0.12568940888234015,34.1436111],[-0.04617820444117014,34.04720888789583],[0.11284420444117009,34.04720888789583],[0.19235540888234015,34.1436111]]]}},{"type":"Feature","properties":{"nameAr":"الخيثر","nameFr":"El Kheiter","wilayaCode":32,"code":3211},"geometry":{"type":"Polygon","coordinates":[[[0.23531745603353135,34.14333333],[0.1543253945167657,34.241530985889746],[-0.007658728516765634,34.241530985889746],[-0.08865079003353135,34.14333333],[-0.007658728516765745,34.04513567411025],[0.1543253945167657,34.04513567411025],[0.23531745603353135,34.14333333]]]}},{"type":"Feature","properties":{"nameAr":"توسمولين","nameFr":"Tousmouline","wilayaCode":32,"code":3220},"geometry":{"type":"Polygon","coordinates":[[[0.45654931699711143,33.651667],[0.36160815849855577,33.766777037174265],[0.1717258415014443,33.766777037174265],[0.07678468300288852,33.651667],[0.17172584150144415,33.53655696282574],[0.36160815849855577,33.53655696282574],[0.45654931699711143,33.651667]]]}},{"type":"Feature","properties":{"nameAr":"سيدي طيفور","nameFr":"Sidi Tiffour","wilayaCode":32,"code":3222},"geometry":{"type":"Polygon","coordinates":[[[1.7895038524235123,33.717201],[1.7361074262117562,33.78194072619896],[1.629314573788244,33.78194072619896],[1.5759181475764878,33.717201],[1.629314573788244,33.652461273801045],[1.7361074262117562,33.652461273801045],[1.7895038524235123,33.717201]]]}},{"type":"Feature","properties":{"nameAr":"ستيتن","nameFr":"Stitten","wilayaCode":32,"code":3203},"geometry":{"type":"Polygon","coordinates":[[[1.3459136117919432,33.75805556],[1.2846234723959717,33.83236590480576],[1.1620431936040285,33.83236590480576],[1.1007530542080568,33.75805556],[1.1620431936040283,33.68374521519424],[1.2846234723959717,33.68374521519424],[1.3459136117919432,33.75805556]]]}},{"type":"Feature","properties":{"nameAr":"البيض","nameFr":"El Bayadh","wilayaCode":32,"code":3201},"geometry":{"type":"Polygon","coordinates":[[[1.1675851664204593,33.7216667],[1.0939315832102297,33.81096692379573],[0.9466244167897704,33.81096692379573],[0.8729708335795408,33.7216667],[0.9466244167897703,33.63236647620427],[1.0939315832102297,33.63236647620427],[1.1675851664204593,33.7216667]]]}},{"type":"Feature","properties":{"nameAr":"رقاصة","nameFr":"Rogassa","wilayaCode":32,"code":3202},"geometry":{"type":"Polygon","coordinates":[[[1.0777067644416554,34.0188896],[1.0024217322208278,34.110167850599154],[0.8518516677791724,34.110167850599154],[0.7765666355583447,34.0188896],[0.8518516677791723,33.92761134940085],[1.0024217322208278,33.92761134940085],[1.0777067644416554,34.0188896]]]}},{"type":"Feature","properties":{"nameAr":"المحرة","nameFr":"El Mehara","wilayaCode":32,"code":3219},"geometry":{"type":"Polygon","coordinates":[[[0.5460695872072249,33.311667],[0.45525679360361243,33.42177166074911],[0.2736312063963876,33.42177166074911],[0.18281841279277514,33.311667],[0.2736312063963875,33.20156233925089],[0.45525679360361243,33.20156233925089],[0.5460695872072249,33.311667]]]}},{"type":"Feature","properties":{"nameAr":"الكاف الأحمر","nameFr":"Kef El Ahmar","wilayaCode":32,"code":3212},"geometry":{"type":"Polygon","coordinates":[[[0.7828863339088067,34.15],[0.6902153169544034,34.26235763682787],[0.5048732830455968,34.26235763682787],[0.41220226609119337,34.15],[0.5048732830455966,34.037642363172125],[0.6902153169544034,34.037642363172125],[0.7828863339088067,34.15]]]}},{"type":"Feature","properties":{"nameAr":"الشقيق","nameFr":"Cheguig","wilayaCode":32,"code":3217},"geometry":{"type":"Polygon","coordinates":[[[1.3659687884906322,34.168889],[1.297012394245316,34.252494184837744],[1.159099605754684,34.252494184837744],[1.0901432115093679,34.168889],[1.1590996057546838,34.085283815162256],[1.297012394245316,34.085283815162256],[1.3659687884906322,34.168889]]]}},{"type":"Feature","properties":{"nameAr":"شلالة","nameFr":"Chellala","wilayaCode":32,"code":3214},"geometry":{"type":"Polygon","coordinates":[[[0.08773948174377678,35.216667],[0.07166974087188839,35.236150525358205],[0.03953025912811161,35.236150525358205],[0.02346051825622321,35.216667],[0.03953025912811159,35.1971834746418],[0.07166974087188839,35.1971834746418],[0.08773948174377678,35.216667]]]}},{"type":"Feature","properties":{"nameAr":"برج عمر إدريس","nameFr":"Bordj Omar Driss","wilayaCode":33,"code":3304},"geometry":{"type":"Polygon","coordinates":[[[8.11470074655523,28.146389],[7.420304923277614,28.988299192536314],[6.031513276722386,28.988299192536314],[5.337117453444771,28.146389],[6.031513276722385,27.304478807463685],[7.420304923277614,27.304478807463685],[8.11470074655523,28.146389]]]}},{"type":"Feature","properties":{"nameAr":"دبداب","nameFr":"Debdeb","wilayaCode":33,"code":3303},"geometry":{"type":"Polygon","coordinates":[[[10.689829964412455,29.96710797],[10.056278694706227,30.735248061831673],[8.789176155293772,30.735248061831673],[8.155624885587544,29.96710797],[8.789176155293772,29.19896787816833],[10.056278694706227,29.19896787816833],[10.689829964412455,29.96710797]]]}},{"type":"Feature","properties":{"nameAr":"عين أمناس","nameFr":"Ain Amenas","wilayaCode":33,"code":3306},"geometry":{"type":"Polygon","coordinates":[[[10.846007343271348,28.040833],[10.240503671635674,28.77496718640974],[9.029496328364326,28.774967186409743],[8.423992656728652,28.040833],[9.029496328364326,27.30669881359026],[10.240503671635674,27.30669881359026],[10.846007343271348,28.040833]]]}},{"type":"Feature","properties":{"nameAr":"إيليزي","nameFr":"Illizi","wilayaCode":33,"code":3301},"geometry":{"type":"Polygon","coordinates":[[[9.563375464341519,26.483333],[9.023354398670758,27.13807374602947],[7.943312267329239,27.13807374602947],[7.4032912016584795,26.483333],[7.943312267329239,25.828592253970527],[9.023354398670758,25.828592253970527],[9.563375464341519,26.483333]]]}},{"type":"Feature","properties":{"nameAr":"الحمادية","nameFr":"Elhammadia","wilayaCode":34,"code":3411},"geometry":{"type":"Polygon","coordinates":[[[4.79075371650543,35.976944],[4.769126858252714,36.00316517211126],[4.725873141747285,36.00316517211126],[4.7042462834945695,35.976944],[4.725873141747285,35.95072282788875],[4.769126858252714,35.95072282788875],[4.79075371650543,35.976944]]]}},{"type":"Feature","properties":{"nameAr":"أولاد سيدي ابراهيم","nameFr":"Ouled Sidi-Brahim","wilayaCode":34,"code":3423},"geometry":{"type":"Polygon","coordinates":[[[4.382747205586041,36.228056],[4.359151602793021,36.25666414801091],[4.31196039720698,36.25666414801091],[4.28836479441396,36.228056],[4.31196039720698,36.19944785198909],[4.359151602793021,36.19944785198909],[4.382747205586041,36.228056]]]}},{"type":"Feature","properties":{"nameAr":"عين تاغروت","nameFr":"Ain Taghrout","wilayaCode":34,"code":3408},"geometry":{"type":"Polygon","coordinates":[[[5.1290343980522435,36.128889],[5.1028506990261215,36.160635047930334],[5.050483300973878,36.160635047930334],[5.024299601947756,36.128889],[5.050483300973878,36.09714295206967],[5.1028506990261215,36.09714295206967],[5.1290343980522435,36.128889]]]}},{"type":"Feature","properties":{"nameAr":"تيكستار","nameFr":"Tixter","wilayaCode":34,"code":3426},"geometry":{"type":"Polygon","coordinates":[[[4.685928524192707,36.0475],[4.670325373096353,36.06641781531994],[4.639119070903647,36.06641781531994],[4.623515919807294,36.0475],[4.639119070903647,36.02858218468006],[4.670325373096353,36.02858218468006],[4.685928524192707,36.0475]]]}},{"type":"Feature","properties":{"nameAr":"بليمور","nameFr":"Belimour","wilayaCode":34,"code":3412},"geometry":{"type":"Polygon","coordinates":[[[4.870961406619442,36.027222],[4.852147369809721,36.05003280735494],[4.814519296190278,36.05003280735494],[4.795705259380557,36.027222],[4.814519296190278,36.004411192645065],[4.852147369809721,36.004411192645065],[4.870961406619442,36.027222]]]}},{"type":"Feature","properties":{"nameAr":"العناصر","nameFr":"El Annasseur","wilayaCode":34,"code":3428},"geometry":{"type":"Polygon","coordinates":[[[4.869539709602619,36.0642129],[4.851436521301309,36.0861618493418],[4.81523014469869,36.0861618493418],[4.79712695639738,36.0642129],[4.81523014469869,36.0422639506582],[4.851436521301309,36.0422639506582],[4.869539709602619,36.0642129]]]}},{"type":"Feature","properties":{"nameAr":"غيلاسة","nameFr":"Ghailasa","wilayaCode":34,"code":3432},"geometry":{"type":"Polygon","coordinates":[[[4.956425283688514,35.981389],[4.936562691844257,36.00547111277098],[4.896837508155743,36.00547111277098],[4.876974916311486,35.981389],[4.896837508155743,35.957306887229024],[4.936562691844257,35.957306887229024],[4.956425283688514,35.981389]]]}},{"type":"Feature","properties":{"nameAr":"تقلعيت","nameFr":"Taglait","wilayaCode":34,"code":3421},"geometry":{"type":"Polygon","coordinates":[[[5.057346859501287,35.771667],[5.028534540750643,35.806600079971986],[4.970909903249357,35.806600079971986],[4.942097584498713,35.771667],[4.970909903249357,35.736733920028016],[5.028534540750643,35.736733920028016],[5.057346859501287,35.771667]]]}},{"type":"Feature","properties":{"nameAr":"برج الغدير","nameFr":"Bordj Ghedir","wilayaCode":34,"code":3409},"geometry":{"type":"Polygon","coordinates":[[[4.940852372807039,35.8991893],[4.920017186403519,35.92445062100525],[4.8783468135964805,35.92445062100525],[4.85751162719296,35.8991893],[4.8783468135964805,35.87392797899476],[4.920017186403519,35.87392797899476],[4.940852372807039,35.8991893]]]}},{"type":"Feature","properties":{"nameAr":"العش","nameFr":"El Euch","wilayaCode":34,"code":3427},"geometry":{"type":"Polygon","coordinates":[[[4.961748759101044,35.914444],[4.942159579550522,35.93819461798207],[4.902981220449477,35.93819461798207],[4.883392040898955,35.914444],[4.902981220449477,35.890693382017936],[4.942159579550522,35.890693382017936],[4.961748759101044,35.914444]]]}},{"type":"Feature","properties":{"nameAr":"سيدي أمبارك","nameFr":"Sidi-Embarek","wilayaCode":34,"code":3410},"geometry":{"type":"Polygon","coordinates":[[[4.9609295747404785,36.1039],[4.936404787370239,36.133634724439055],[4.887355212629761,36.133634724439055],[4.862830425259522,36.1039],[4.887355212629761,36.07416527556095],[4.936404787370239,36.07416527556095],[4.9609295747404785,36.1039]]]}},{"type":"Feature","properties":{"nameAr":"خليل","nameFr":"Khelil","wilayaCode":34,"code":3420},"geometry":{"type":"Polygon","coordinates":[[[5.075285469912995,36.175556],[5.052226234956498,36.203513836569826],[5.006107765043502,36.203513836569826],[4.9830485300870055,36.175556],[5.006107765043502,36.147598163430175],[5.052226234956498,36.147598163430175],[5.075285469912995,36.175556]]]}},{"type":"Feature","properties":{"nameAr":"بئر قاصد علي","nameFr":"Bir Kasdali","wilayaCode":34,"code":3431},"geometry":{"type":"Polygon","coordinates":[[[5.079086815853946,36.15],[5.056209907926973,36.17773677679472],[5.010456092073027,36.17773677679472],[4.987579184146053,36.15],[5.010456092073027,36.12226322320528],[5.056209907926973,36.12226322320528],[5.079086815853946,36.15]]]}},{"type":"Feature","properties":{"nameAr":"تفرق","nameFr":"Tefreg","wilayaCode":34,"code":3424},"geometry":{"type":"Polygon","coordinates":[[[4.740087202795033,36.425556],[4.726988101397517,36.4414378164078],[4.700789898602483,36.4414378164078],[4.687690797204967,36.425556],[4.700789898602483,36.4096741835922],[4.726988101397517,36.4096741835922],[4.740087202795033,36.425556]]]}},{"type":"Feature","properties":{"nameAr":"الماين","nameFr":"El Main","wilayaCode":34,"code":3416},"geometry":{"type":"Polygon","coordinates":[[[4.7434128047790685,36.425556],[4.730039902389534,36.441769782468334],[4.703294097610466,36.441769782468334],[4.689921195220932,36.425556],[4.703294097610466,36.409342217531666],[4.730039902389534,36.409342217531666],[4.7434128047790685,36.425556]]]}},{"type":"Feature","properties":{"nameAr":"جعافرة","nameFr":"Djaafra","wilayaCode":34,"code":3415},"geometry":{"type":"Polygon","coordinates":[[[4.720208687170642,36.2922699],[4.69152289358532,36.327049576361645],[4.6341513064146795,36.327049576361645],[4.605465512829358,36.2922699],[4.6341513064146795,36.25749022363836],[4.69152289358532,36.25749022363836],[4.720208687170642,36.2922699]]]}},{"type":"Feature","properties":{"nameAr":"القلة","nameFr":"Colla","wilayaCode":34,"code":3425},"geometry":{"type":"Polygon","coordinates":[[[4.690313098689282,36.1016103],[4.674606549344642,36.12065347903355],[4.6431934506553585,36.12065347903355],[4.627486901310718,36.1016103],[4.6431934506553585,36.082567120966445],[4.674606549344642,36.082567120966445],[4.690313098689282,36.1016103]]]}},{"type":"Feature","properties":{"nameAr":"ثنية النصر","nameFr":"Teniet En Nasr","wilayaCode":34,"code":3414},"geometry":{"type":"Polygon","coordinates":[[[4.634342249605381,36.08333333],[4.617726624802691,36.10347870445043],[4.58449537519731,36.10347870445043],[4.56787975039462,36.08333333],[4.58449537519731,36.06318795554957],[4.617726624802691,36.06318795554957],[4.634342249605381,36.08333333]]]}},{"type":"Feature","properties":{"nameAr":"المهير","nameFr":"El M'hir","wilayaCode":34,"code":3405},"geometry":{"type":"Polygon","coordinates":[[[4.445877898538391,36.119384],[4.414975629269195,36.15685101031039],[4.353171090730806,36.15685101031039],[4.32226882146161,36.119384],[4.353171090730806,36.0819169896896],[4.414975629269195,36.0819169896896],[4.445877898538391,36.119384]]]}},{"type":"Feature","properties":{"nameAr":"القصور","nameFr":"Ksour","wilayaCode":34,"code":3422},"geometry":{"type":"Polygon","coordinates":[[[4.647920191633246,35.98333333],[4.6228490958166235,36.01373041822907],[4.572706904183376,36.01373041822907],[4.547635808366754,35.98333333],[4.572706904183376,35.95293624177093],[4.6228490958166235,35.95293624177093],[4.647920191633246,35.98333333]]]}},{"type":"Feature","properties":{"nameAr":"المنصورة","nameFr":"Mansoura","wilayaCode":34,"code":3404},"geometry":{"type":"Polygon","coordinates":[[[4.52065190410593,36.08725],[4.490325952052965,36.12401826282054],[4.429674047947035,36.12401826282054],[4.39934809589407,36.08725],[4.429674047947035,36.05048173717945],[4.490325952052965,36.05048173717945],[4.52065190410593,36.08725]]]}},{"type":"Feature","properties":{"nameAr":"حرازة","nameFr":"Haraza","wilayaCode":34,"code":3434},"geometry":{"type":"Polygon","coordinates":[[[4.283904015129612,36.156389],[4.253618507564806,36.193108226484675],[4.193047492435195,36.193108226484675],[4.1627619848703885,36.156389],[4.193047492435195,36.11966977351532],[4.253618507564806,36.11966977351532],[4.283904015129612,36.156389]]]}},{"type":"Feature","properties":{"nameAr":"الرابطة","nameFr":"Rabta","wilayaCode":34,"code":3433},"geometry":{"type":"Polygon","coordinates":[[[4.826550646130938,35.9227778],[4.803870323065469,35.95027623031703],[4.75850967693453,35.95027623031703],[4.735829353869061,35.9227778],[4.75850967693453,35.89527936968297],[4.803870323065469,35.89527936968297],[4.826550646130938,35.9227778]]]}},{"type":"Feature","properties":{"nameAr":"الياشير","nameFr":"El Achir","wilayaCode":34,"code":3407},"geometry":{"type":"Polygon","coordinates":[[[4.647612432348608,36.06386],[4.632156216174304,36.08259966619466],[4.601243783825695,36.08259966619466],[4.5857875676513915,36.06386],[4.601243783825695,36.045120333805336],[4.632156216174304,36.045120333805336],[4.647612432348608,36.06386]]]}},{"type":"Feature","properties":{"nameAr":"حسناوة","nameFr":"Hasnaoua","wilayaCode":34,"code":3419},"geometry":{"type":"Polygon","coordinates":[[[4.842124282092003,36.14083333],[4.818912141046002,36.16897655535089],[4.7724878589539985,36.16897655535089],[4.749275717907997,36.14083333],[4.7724878589539985,36.11269010464911],[4.818912141046002,36.11269010464911],[4.842124282092003,36.14083333]]]}},{"type":"Feature","properties":{"nameAr":"مجانة","nameFr":"Medjana","wilayaCode":34,"code":3413},"geometry":{"type":"Polygon","coordinates":[[[4.706046824074708,36.1319],[4.687523412037354,36.154358443544766],[4.650476587962645,36.154358443544766],[4.631953175925291,36.1319],[4.650476587962645,36.10944155645524],[4.687523412037354,36.10944155645524],[4.706046824074708,36.1319]]]}},{"type":"Feature","properties":{"nameAr":"عين تسرة","nameFr":"Ain Tesra","wilayaCode":34,"code":3430},"geometry":{"type":"Polygon","coordinates":[[[5.047731665849805,36.0125],[5.024976943924903,36.040088634140226],[4.979467500075097,36.040088634140226],[4.956712778150195,36.0125],[4.979467500075097,35.98491136585978],[5.024976943924903,35.98491136585978],[5.047731665849805,36.0125]]]}},{"type":"Feature","properties":{"nameAr":"أولاد أبراهم","nameFr":"Ouled Brahem","wilayaCode":34,"code":3417},"geometry":{"type":"Polygon","coordinates":[[[5.119569281929323,35.8733817],[5.0971457519646615,35.900568785228685],[5.052298692035339,35.900568785228685],[5.029875162070677,35.8733817],[5.052298692035339,35.84619461477132],[5.0971457519646615,35.84619461477132],[5.119569281929323,35.8733817]]]}},{"type":"Feature","properties":{"nameAr":"رأس الوادي","nameFr":"Ras El Oued","wilayaCode":34,"code":3402},"geometry":{"type":"Polygon","coordinates":[[[5.07355652119224,35.94972222],[5.053444927096121,35.97410623195697],[5.013221738903879,35.97410623195697],[4.993110144807759,35.94972222],[5.013221738903879,35.92533820804302],[5.053444927096121,35.92533820804302],[5.07355652119224,35.94972222]]]}},{"type":"Feature","properties":{"nameAr":"برج زمورة","nameFr":"Bordj Zemmoura","wilayaCode":34,"code":3403},"geometry":{"type":"Polygon","coordinates":[[[4.897589387434037,36.2677309],[4.876711360217018,36.29304416273117],[4.834955305782981,36.29304416273117],[4.8140772785659625,36.2677309],[4.834955305782981,36.24241763726882],[4.876711360217018,36.24241763726882],[4.897589387434037,36.2677309]]]}},{"type":"Feature","properties":{"nameAr":"أولاد دحمان","nameFr":"Ouled Dahmane","wilayaCode":34,"code":3418},"geometry":{"type":"Polygon","coordinates":[[[4.810446669545379,36.3667],[4.79022333477269,36.391219490327344],[4.7497766652273095,36.391219490327344],[4.72955333045462,36.3667],[4.7497766652273095,36.34218050967266],[4.79022333477269,36.34218050967266],[4.810446669545379,36.3667]]]}},{"type":"Feature","properties":{"nameAr":"تسامرت","nameFr":"Tassamert","wilayaCode":34,"code":3429},"geometry":{"type":"Polygon","coordinates":[[[4.863474803975452,36.27131],[4.842657401987726,36.29654975854703],[4.801022598012274,36.29654975854703],[4.780205196024548,36.27131],[4.801022598012274,36.24607024145297],[4.842657401987726,36.24607024145297],[4.863474803975452,36.27131]]]}},{"type":"Feature","properties":{"nameAr":"برج بوعريرج","nameFr":"B. B. Arreridj","wilayaCode":34,"code":3401},"geometry":{"type":"Polygon","coordinates":[[[4.80477738717273,36.0704188],[4.7857221935863645,36.09352199440775],[4.7476118064136354,36.09352199440775],[4.72855661282727,36.0704188],[4.747611806413635,36.047315605592246],[4.7857221935863645,36.047315605592246],[4.80477738717273,36.0704188]]]}},{"type":"Feature","properties":{"nameAr":"بن داود","nameFr":"Ben Daoud","wilayaCode":34,"code":3406},"geometry":{"type":"Polygon","coordinates":[[[4.453107259857692,36.19702],[4.427803629928846,36.22769902085688],[4.377196370071154,36.22769902085688],[4.351892740142308,36.19702],[4.377196370071154,36.16634097914312],[4.427803629928846,36.16634097914312],[4.453107259857692,36.19702]]]}},{"type":"Feature","properties":{"nameAr":"الخروبة","nameFr":"El Kharrouba","wilayaCode":35,"code":3532},"geometry":{"type":"Polygon","coordinates":[[[3.4328405931798165,36.6576809],[3.419614796589908,36.67371632616501],[3.393163203410092,36.67371632616501],[3.3799374068201833,36.6576809],[3.393163203410092,36.641645473835],[3.419614796589908,36.641645473835],[3.4328405931798165,36.6576809]]]}},{"type":"Feature","properties":{"nameAr":"دلس","nameFr":"Dellys","wilayaCode":35,"code":3523},"geometry":{"type":"Polygon","coordinates":[[[3.9627569451437177,36.913272],[3.938425472571859,36.9427723427022],[3.889762527428141,36.9427723427022],[3.8654310548562822,36.913272],[3.889762527428141,36.8837716572978],[3.938425472571859,36.8837716572978],[3.9627569451437177,36.913272]]]}},{"type":"Feature","properties":{"nameAr":"بن شود","nameFr":"Ben Choud","wilayaCode":35,"code":3522},"geometry":{"type":"Polygon","coordinates":[[[3.9116420201689226,36.8623517],[3.8961095600844615,36.88118380702297],[3.8650446399155385,36.88118380702297],[3.8495121798310774,36.8623517],[3.8650446399155385,36.843519592977025],[3.8961095600844615,36.843519592977025],[3.9116420201689226,36.8623517]]]}},{"type":"Feature","properties":{"nameAr":"أعفير","nameFr":"Afir","wilayaCode":35,"code":3503},"geometry":{"type":"Polygon","coordinates":[[[3.7292149555799483,36.7675],[3.7159964777899743,36.78352655259167],[3.6895595222100255,36.78352655259167],[3.6763410444200515,36.7675],[3.6895595222100255,36.75147344740833],[3.7159964777899743,36.75147344740833],[3.7292149555799483,36.7675]]]}},{"type":"Feature","properties":{"nameAr":"الثنية","nameFr":"Thenia","wilayaCode":35,"code":3514},"geometry":{"type":"Polygon","coordinates":[[[3.5806848209698816,36.7254],[3.5672869104849405,36.741644103172625],[3.540491089515059,36.741644103172625],[3.527093179030118,36.7254],[3.540491089515059,36.709155896827376],[3.5672869104849405,36.709155896827376],[3.5806848209698816,36.7254]]]}},{"type":"Feature","properties":{"nameAr":"بني عمران","nameFr":"Beni Amrane","wilayaCode":35,"code":3525},"geometry":{"type":"Polygon","coordinates":[[[3.620277635279492,36.66774],[3.606111039639746,36.68491608439283],[3.5777778483602543,36.68491608439283],[3.5636112527205084,36.66774],[3.5777778483602543,36.65056391560717],[3.606111039639746,36.65056391560717],[3.620277635279492,36.66774]]]}},{"type":"Feature","properties":{"nameAr":"خميس الخشنة","nameFr":"Khemis El Khechna","wilayaCode":35,"code":3531},"geometry":{"type":"Polygon","coordinates":[[[3.359680978142707,36.65],[3.345240489071353,36.66750816253041],[3.316359510928647,36.66750816253041],[3.301919021857293,36.65],[3.316359510928647,36.63249183746959],[3.345240489071353,36.63249183746959],[3.359680978142707,36.65]]]}},{"type":"Feature","properties":{"nameAr":"عمال","nameFr":"Ammal","wilayaCode":35,"code":3524},"geometry":{"type":"Polygon","coordinates":[[[3.6196926023480587,36.6333333],[3.6029018511740296,36.65369100389146],[3.5693203488259706,36.65369100389146],[3.5525295976519415,36.6333333],[3.5693203488259706,36.612975596108534],[3.6029018511740296,36.612975596108534],[3.6196926023480587,36.6333333]]]}},{"type":"Feature","properties":{"nameAr":"تيمزريت","nameFr":"Timezrit","wilayaCode":35,"code":3515},"geometry":{"type":"Polygon","coordinates":[[[3.8476950207579086,36.673333],[3.827042010378954,36.698373444313916],[3.7857359896210454,36.698373444313916],[3.765082979242091,36.673333],[3.7857359896210454,36.64829255568608],[3.827042010378954,36.64829255568608],[3.8476950207579086,36.673333]]]}},{"type":"Feature","properties":{"nameAr":"زموري","nameFr":"Zemmouri","wilayaCode":35,"code":3510},"geometry":{"type":"Polygon","coordinates":[[[3.6380261513283956,36.783333],[3.620813075664198,36.80420274512344],[3.586386924335802,36.80420274512344],[3.5691738486716047,36.783333],[3.586386924335802,36.76246325487656],[3.620813075664198,36.76246325487656],[3.6380261513283956,36.783333]]]}},{"type":"Feature","properties":{"nameAr":"الاربعطاش","nameFr":"Larbatache","wilayaCode":35,"code":3518},"geometry":{"type":"Polygon","coordinates":[[[3.40106668397793,36.6368081],[3.386472041988965,36.65450316301022],[3.3572827580110345,36.65450316301022],[3.3426881160220696,36.6368081],[3.3572827580110345,36.61911303698979],[3.386472041988965,36.61911303698979],[3.40106668397793,36.6368081]]]}},{"type":"Feature","properties":{"nameAr":"يسر","nameFr":"Isser","wilayaCode":35,"code":3509},"geometry":{"type":"Polygon","coordinates":[[[3.6953093658957408,36.706667],[3.6833491829478704,36.72116795117348],[3.6594288170521296,36.72116795117348],[3.6474686341042593,36.706667],[3.6594288170521296,36.69216604882653],[3.6833491829478704,36.69216604882653],[3.6953093658957408,36.706667]]]}},{"type":"Feature","properties":{"nameAr":"شعبة العامر","nameFr":"Chabet El Ameur","wilayaCode":35,"code":3513},"geometry":{"type":"Polygon","coordinates":[[[3.721911068358471,36.63709],[3.7026221841792357,36.66047652919382],[3.6640444158207646,36.66047652919382],[3.6447555316415294,36.63709],[3.6640444158207646,36.61370347080618],[3.7026221841792357,36.61370347080618],[3.721911068358471,36.63709]]]}},{"type":"Feature","properties":{"nameAr":"أولاد عيسى","nameFr":"Ouled Aissa","wilayaCode":35,"code":3521},"geometry":{"type":"Polygon","coordinates":[[[3.8486169621354995,36.806667],[3.83146348106775,36.827464490515204],[3.79715651893225,36.827464490515204],[3.7800030378645,36.806667],[3.79715651893225,36.78586950948479],[3.83146348106775,36.78586950948479],[3.8486169621354995,36.806667]]]}},{"type":"Feature","properties":{"nameAr":"الناصرية","nameFr":"Naciria","wilayaCode":35,"code":3507},"geometry":{"type":"Polygon","coordinates":[[[3.868988969547044,36.7475],[3.851160984773522,36.76911528279702],[3.8155050152264782,36.76911528279702],[3.7976770304529563,36.7475],[3.8155050152264782,36.72588471720299],[3.851160984773522,36.72588471720299],[3.868988969547044,36.7475]]]}},{"type":"Feature","properties":{"nameAr":"بوزقزة قدارة","nameFr":"Bouzegza Keddara","wilayaCode":35,"code":3519},"geometry":{"type":"Polygon","coordinates":[[[3.5189226213461744,36.625278],[3.499183310673087,36.64921064229452],[3.4597046893269128,36.64921064229452],[3.4399653786538256,36.625278],[3.4597046893269128,36.60134535770548],[3.499183310673087,36.60134535770548],[3.5189226213461744,36.625278]]]}},{"type":"Feature","properties":{"nameAr":"سوق الحد","nameFr":"Souk El Had","wilayaCode":35,"code":3526},"geometry":{"type":"Polygon","coordinates":[[[3.6084256710332077,36.7214044],[3.595879502016604,36.73661582152397],[3.5707871639833964,36.73661582152397],[3.5582409949667926,36.7214044],[3.5707871639833964,36.706192978476025],[3.595879502016604,36.706192978476025],[3.6084256710332077,36.7214044]]]}},{"type":"Feature","properties":{"nameAr":"سيدي داود","nameFr":"Sidi Daoud","wilayaCode":35,"code":3506},"geometry":{"type":"Polygon","coordinates":[[[3.880790551771485,36.85],[3.8653952758857426,36.86866578002145],[3.8346047241142576,36.86866578002145],[3.819209448228515,36.85],[3.8346047241142576,36.83133421997855],[3.8653952758857426,36.83133421997855],[3.880790551771485,36.85]]]}},{"type":"Feature","properties":{"nameAr":"بغلية","nameFr":"Baghlia","wilayaCode":35,"code":3505},"geometry":{"type":"Polygon","coordinates":[[[3.9027431277506976,36.81694],[3.889227513875349,36.833326810949316],[3.8621962861246515,36.833326810949316],[3.8486806722493028,36.81694],[3.8621962861246515,36.80055318905069],[3.889227513875349,36.80055318905069],[3.9027431277506976,36.81694]]]}},{"type":"Feature","properties":{"nameAr":"لقاطة","nameFr":"Leghata","wilayaCode":35,"code":3529},"geometry":{"type":"Polygon","coordinates":[[[3.704577011887147,36.7461111],[3.6938165059435737,36.75915752010659],[3.6722954940564265,36.75915752010659],[3.6615349881128534,36.7461111],[3.6722954940564265,36.73306467989341],[3.6938165059435737,36.73306467989341],[3.704577011887147,36.7461111]]]}},{"type":"Feature","properties":{"nameAr":"جنات","nameFr":"Djinet","wilayaCode":35,"code":3508},"geometry":{"type":"Polygon","coordinates":[[[3.7755272217440536,36.8779905],[3.7480136108720266,36.91134898035102],[3.6929863891279733,36.91134898035102],[3.665472778255946,36.8779905],[3.6929863891279733,36.844632019648984],[3.7480136108720266,36.844632019648984],[3.7755272217440536,36.8779905]]]}},{"type":"Feature","properties":{"nameAr":"تيجلابين","nameFr":"Tidjelabine","wilayaCode":35,"code":3512},"geometry":{"type":"Polygon","coordinates":[[[3.523717942649522,36.7305],[3.5092689713247607,36.74801844671612],[3.480371028675239,36.74801844671612],[3.4659220573504776,36.7305],[3.480371028675239,36.71298155328388],[3.5092689713247607,36.71298155328388],[3.523717942649522,36.7305]]]}},{"type":"Feature","properties":{"nameAr":"سي مصطفى","nameFr":"Si Mustapha","wilayaCode":35,"code":3511},"geometry":{"type":"Polygon","coordinates":[[[3.6394477032788513,36.7247],[3.6273768516394256,36.739335129831076],[3.6032351483605742,36.739335129831076],[3.5911642967211486,36.7247],[3.6032351483605742,36.71006487016892],[3.6273768516394256,36.71006487016892],[3.6394477032788513,36.7247]]]}},{"type":"Feature","properties":{"nameAr":"أولاد هداج","nameFr":"Ouled Hedadj","wilayaCode":35,"code":3528},"geometry":{"type":"Polygon","coordinates":[[[3.373898352329722,36.7130535],[3.361949176164861,36.72754110615829],[3.338050823835139,36.72754110615829],[3.3261016476702783,36.7130535],[3.338050823835139,36.69856589384171],[3.361949176164861,36.69856589384171],[3.373898352329722,36.7130535]]]}},{"type":"Feature","properties":{"nameAr":"أولاد موسى","nameFr":"Ouled Moussa","wilayaCode":35,"code":3517},"geometry":{"type":"Polygon","coordinates":[[[3.4115376969456346,36.6857409],[3.4004135484728173,36.6992282132421],[3.3781652515271827,36.6992282132421],[3.3670411030543654,36.6857409],[3.3781652515271827,36.6722535867579],[3.4004135484728173,36.6722535867579],[3.4115376969456346,36.6857409]]]}},{"type":"Feature","properties":{"nameAr":"بومرداس","nameFr":"Boumerdes","wilayaCode":35,"code":3501},"geometry":{"type":"Polygon","coordinates":[[[3.506876675993279,36.766],[3.4919383379966393,36.78411177227357],[3.4620616620033604,36.78411177227357],[3.447123324006721,36.766],[3.4620616620033604,36.74788822772643],[3.4919383379966393,36.74788822772643],[3.506876675993279,36.766]]]}},{"type":"Feature","properties":{"nameAr":"قورصو","nameFr":"Corso","wilayaCode":35,"code":3516},"geometry":{"type":"Polygon","coordinates":[[[3.495475844804138,36.75096],[3.481840622402069,36.76749182858102],[3.454570177597931,36.76749182858102],[3.440934955195862,36.75096],[3.454570177597931,36.734428171418976],[3.481840622402069,36.734428171418976],[3.495475844804138,36.75096]]]}},{"type":"Feature","properties":{"nameAr":"برج منايل","nameFr":"Bordj Menaiel","wilayaCode":35,"code":3504},"geometry":{"type":"Polygon","coordinates":[[[3.742878344090899,36.741667],[3.7302224220454496,36.75701148999954],[3.704910577954551,36.75701148999954],[3.6922546559091014,36.741667],[3.704910577954551,36.72632251000046],[3.7302224220454496,36.72632251000046],[3.742878344090899,36.741667]]]}},{"type":"Feature","properties":{"nameAr":"بودواو","nameFr":"Boudouaou","wilayaCode":35,"code":3502},"geometry":{"type":"Polygon","coordinates":[[[3.43529908196378,36.72735],[3.42262454098189,36.742717064260276],[3.39727545901811,36.742717064260276],[3.3846009180362198,36.72735],[3.39727545901811,36.71198293573973],[3.42262454098189,36.71198293573973],[3.43529908196378,36.72735]]]}},{"type":"Feature","properties":{"nameAr":"بودواو البحري","nameFr":"Boudouaou El Bahri","wilayaCode":35,"code":3527},"geometry":{"type":"Polygon","coordinates":[[[3.41830931888781,36.7732001],[3.4027902094439053,36.79201602023154],[3.3717519905560946,36.79201602023154],[3.3562328811121898,36.7732001],[3.3717519905560946,36.75438417976845],[3.4027902094439053,36.75438417976845],[3.41830931888781,36.7732001]]]}},{"type":"Feature","properties":{"nameAr":"تاورقة","nameFr":"Taourga","wilayaCode":35,"code":3520},"geometry":{"type":"Polygon","coordinates":[[[3.9858765735400454,36.7939],[3.968108286770023,36.8154429028144],[3.9325717132299776,36.8154429028144],[3.914803426459955,36.7939],[3.9325717132299776,36.772357097185605],[3.968108286770023,36.772357097185605],[3.9858765735400454,36.7939]]]}},{"type":"Feature","properties":{"nameAr":"حمادي","nameFr":"Hammedi","wilayaCode":35,"code":3530},"geometry":{"type":"Polygon","coordinates":[[[3.294143743855616,36.676944],[3.2787677719278077,36.6955863752163],[3.2480158280721922,36.6955863752163],[3.232639856144384,36.676944],[3.2480158280721922,36.6583016247837],[3.2787677719278077,36.6583016247837],[3.294143743855616,36.676944]]]}},{"type":"Feature","properties":{"nameAr":"عين العسل","nameFr":"Ain El Assel","wilayaCode":36,"code":3606},"geometry":{"type":"Polygon","coordinates":[[[8.480393624850482,36.7947505],[8.45489136242524,36.82567034995993],[8.40388683757476,36.82567034995993],[8.378384575149518,36.7947505],[8.40388683757476,36.76383065004007],[8.45489136242524,36.76383065004007],[8.480393624850482,36.7947505]]]}},{"type":"Feature","properties":{"nameAr":"بوقوس","nameFr":"Bougous","wilayaCode":36,"code":3604},"geometry":{"type":"Polygon","coordinates":[[[8.425499869223403,36.758056],[8.397471934611701,36.792038064745086],[8.341416065388298,36.792038064745086],[8.313388130776596,36.758056],[8.341416065388298,36.72407393525492],[8.397471934611701,36.72407393525492],[8.425499869223403,36.758056]]]}},{"type":"Feature","properties":{"nameAr":"الطارف","nameFr":"El Tarf","wilayaCode":36,"code":3601},"geometry":{"type":"Polygon","coordinates":[[[8.374313849136287,36.7667186],[8.345656924568143,36.801463274538484],[8.288343075431857,36.801463274538484],[8.259686150863713,36.7667186],[8.288343075431857,36.73197392546151],[8.345656924568143,36.73197392546151],[8.374313849136287,36.7667186]]]}},{"type":"Feature","properties":{"nameAr":"الزيتونة","nameFr":"Zitouna","wilayaCode":36,"code":3620},"geometry":{"type":"Polygon","coordinates":[[[8.29298934180541,36.668056],[8.263794670902705,36.703452657319616],[8.205405329097296,36.703452657319616],[8.176210658194591,36.668056],[8.205405329097296,36.632659342680384],[8.263794670902705,36.632659342680384],[8.29298934180541,36.668056]]]}},{"type":"Feature","properties":{"nameAr":"البسباس","nameFr":"Besbes","wilayaCode":36,"code":3616},"geometry":{"type":"Polygon","coordinates":[[[7.886635154863641,36.702222],[7.866928577431821,36.72611495534864],[7.82751542256818,36.72611495534864],[7.80780884513636,36.702222],[7.82751542256818,36.678329044651356],[7.866928577431821,36.678329044651356],[7.886635154863641,36.702222]]]}},{"type":"Feature","properties":{"nameAr":"عين الكرمة","nameFr":"Ain Kerma","wilayaCode":36,"code":3621},"geometry":{"type":"Polygon","coordinates":[[[8.259260969184506,36.5644539],[8.230185984592252,36.599705445380145],[8.172036015407746,36.599705445380145],[8.142961030815492,36.5644539],[8.172036015407746,36.52920235461985],[8.230185984592252,36.52920235461985],[8.259260969184506,36.5644539]]]}},{"type":"Feature","properties":{"nameAr":"بوحجار","nameFr":"Bouhadjar","wilayaCode":36,"code":3602},"geometry":{"type":"Polygon","coordinates":[[[8.16200346024729,36.5034174],[8.136279730123645,36.53460576527404],[8.084832269876356,36.53460576527404],[8.059108539752712,36.5034174],[8.084832269876356,36.472229034725956],[8.136279730123645,36.472229034725956],[8.16200346024729,36.5034174]]]}},{"type":"Feature","properties":{"nameAr":"حمام بني صالح","nameFr":"Hammam Beni Salah","wilayaCode":36,"code":3623},"geometry":{"type":"Polygon","coordinates":[[[8.050179809038934,36.51972222],[8.015632154519466,36.561609025037036],[7.946536845480533,36.561609025037036],[7.911989190961067,36.51972222],[7.946536845480533,36.47783541496296],[8.015632154519466,36.47783541496296],[8.050179809038934,36.51972222]]]}},{"type":"Feature","properties":{"nameAr":"وادي الزيتون","nameFr":"Oued Zitoun","wilayaCode":36,"code":3622},"geometry":{"type":"Polygon","coordinates":[[[8.111351517090169,36.466111],[8.084425758545084,36.49875674728269],[8.030574241454914,36.49875674728269],[8.00364848290983,36.466111],[8.030574241454914,36.433465252717305],[8.084425758545084,36.433465252717305],[8.111351517090169,36.466111]]]}},{"type":"Feature","properties":{"nameAr":"بن مهيدي","nameFr":"Ben M Hidi","wilayaCode":36,"code":3603},"geometry":{"type":"Polygon","coordinates":[[[7.955805514927533,36.77501471],[7.930700021463767,36.80545350315983],[7.880489034536233,36.80545350315983],[7.855383541072467,36.77501471],[7.880489034536233,36.74457591684017],[7.930700021463767,36.74457591684017],[7.955805514927533,36.77501471]]]}},{"type":"Feature","properties":{"nameAr":"بريحان","nameFr":"Berrihane","wilayaCode":36,"code":3610},"geometry":{"type":"Polygon","coordinates":[[[8.14025524046436,36.83722222],[8.10429912023218,36.880816698959634],[8.03238687976782,36.880816698959634],[7.996430759535642,36.83722222],[8.03238687976782,36.79362774104037],[8.10429912023218,36.79362774104037],[8.14025524046436,36.83722222]]]}},{"type":"Feature","properties":{"nameAr":"شبيطة مختار","nameFr":"Chebaita Mokhtar","wilayaCode":36,"code":3615},"geometry":{"type":"Polygon","coordinates":[[[7.773892519843775,36.755843],[7.757779759921887,36.77537868318441],[7.725554240078112,36.77537868318441],[7.709441480156224,36.755843],[7.725554240078112,36.73630731681559],[7.757779759921887,36.73630731681559],[7.773892519843775,36.755843]]]}},{"type":"Feature","properties":{"nameAr":"الشط","nameFr":"Echatt","wilayaCode":36,"code":3618},"geometry":{"type":"Polygon","coordinates":[[[7.922021621612216,36.830278],[7.897010810806108,36.86060199653827],[7.846989189193891,36.86060199653827],[7.821978378387784,36.830278],[7.846989189193891,36.79995400346173],[7.897010810806108,36.79995400346173],[7.922021621612216,36.830278]]]}},{"type":"Feature","properties":{"nameAr":"العيون","nameFr":"El Aioun","wilayaCode":36,"code":3607},"geometry":{"type":"Polygon","coordinates":[[[8.671161742294313,36.827222],[8.635580871147155,36.8703615136231],[8.564419128852844,36.8703615136231],[8.528838257705686,36.827222],[8.564419128852844,36.784082486376896],[8.635580871147155,36.784082486376896],[8.671161742294313,36.827222]]]}},{"type":"Feature","properties":{"nameAr":"القالة","nameFr":"El Kala","wilayaCode":36,"code":3605},"geometry":{"type":"Polygon","coordinates":[[[8.504490688963967,36.8956],[8.473895344481985,36.93269488378251],[8.412704655518016,36.93269488378251],[8.382109311036034,36.8956],[8.412704655518016,36.85850511621749],[8.473895344481985,36.85850511621749],[8.504490688963967,36.8956]]]}},{"type":"Feature","properties":{"nameAr":"السوارخ","nameFr":"Souarekh","wilayaCode":36,"code":3609},"geometry":{"type":"Polygon","coordinates":[[[8.630742766158967,36.88194444],[8.597454883079482,36.92230385333905],[8.530879116920516,36.92230385333905],[8.497591233841032,36.88194444],[8.530879116920516,36.841585026660944],[8.597454883079482,36.841585026660944],[8.630742766158967,36.88194444]]]}},{"type":"Feature","properties":{"nameAr":"زريزر","nameFr":"Zerizer","wilayaCode":36,"code":3619},"geometry":{"type":"Polygon","coordinates":[[[7.940841139376508,36.727222],[7.9177815696882545,36.75518024241051],[7.871662430311746,36.75518024241051],[7.848602860623491,36.727222],[7.871662430311745,36.699263757589485],[7.9177815696882545,36.699263757589485],[7.940841139376508,36.727222]]]}},{"type":"Feature","properties":{"nameAr":"بوثلجة","nameFr":"Bouteldja","wilayaCode":36,"code":3608},"geometry":{"type":"Polygon","coordinates":[[[8.27227385550904,36.85],[8.23734852775452,36.89234470949928],[8.16749787224548,36.89234470949928],[8.13257254449096,36.85],[8.16749787224548,36.807655290500726],[8.23734852775452,36.807655290500726],[8.27227385550904,36.85]]]}},{"type":"Feature","properties":{"nameAr":"الشافية","nameFr":"Chefia","wilayaCode":36,"code":3612},"geometry":{"type":"Polygon","coordinates":[[[8.22103372022368,36.611111],[8.19215516011184,36.6461243933542],[8.13439803988816,36.6461243933542],[8.10551947977632,36.611111],[8.13439803988816,36.5760976066458],[8.19215516011184,36.5760976066458],[8.22103372022368,36.611111]]]}},{"type":"Feature","properties":{"nameAr":"بحيرة الطيور","nameFr":"Lac Des Oiseaux","wilayaCode":36,"code":3611},"geometry":{"type":"Polygon","coordinates":[[[8.183325621201796,36.775556],[8.150690610600897,36.815123847526415],[8.085420589399103,36.815123847526415],[8.052785578798204,36.775556],[8.085420589399103,36.73598815247359],[8.150690610600897,36.73598815247359],[8.183325621201796,36.775556]]]}},{"type":"Feature","properties":{"nameAr":"شحاني","nameFr":"Chihani","wilayaCode":36,"code":3614},"geometry":{"type":"Polygon","coordinates":[[[7.809400693533341,36.646944],[7.7924783467666705,36.66746125506822],[7.758633653233329,36.66746125506822],[7.741711306466659,36.646944],[7.758633653233329,36.62642674493178],[7.7924783467666705,36.62642674493178],[7.809400693533341,36.646944]]]}},{"type":"Feature","properties":{"nameAr":"رمل السوق","nameFr":"Raml Souk","wilayaCode":36,"code":3624},"geometry":{"type":"Polygon","coordinates":[[[8.592537776279558,36.786111],[8.56404688813978,36.8206543660676],[8.50706511186022,36.8206543660676],[8.478574223720441,36.786111],[8.50706511186022,36.751567633932396],[8.56404688813978,36.751567633932396],[8.592537776279558,36.786111]]]}},{"type":"Feature","properties":{"nameAr":"عصفور","nameFr":"Asfour","wilayaCode":36,"code":3617},"geometry":{"type":"Polygon","coordinates":[[[7.771899687856593,36.674167],[7.7573526439282965,36.69180435342862],[7.728258556071703,36.69180435342862],[7.713711512143406,36.674167],[7.728258556071703,36.65652964657137],[7.7573526439282965,36.65652964657137],[7.771899687856593,36.674167]]]}},{"type":"Feature","properties":{"nameAr":"الذرعـان","nameFr":"Drean","wilayaCode":36,"code":3613},"geometry":{"type":"Polygon","coordinates":[[[7.778812229221918,36.68333333],[7.764406114610959,36.700799815712095],[7.735593885389041,36.700799815712095],[7.721187770778082,36.68333333],[7.735593885389041,36.66586684428791],[7.764406114610959,36.66586684428791],[7.778812229221918,36.68333333]]]}},{"type":"Feature","properties":{"nameAr":"تندوف","nameFr":"Tindouf","wilayaCode":37,"code":3701},"geometry":{"type":"Polygon","coordinates":[[[-5.885491593458756,27.670556],[-7.006365796729378,29.029543748270605],[-9.248114203270623,29.029543748270605],[-10.368988406541245,27.670556],[-9.248114203270623,26.3115682517294],[-7.006365796729378,26.311568251729398],[-5.885491593458756,27.670556]]]}},{"type":"Feature","properties":{"nameAr":"أم العسل","nameFr":"Oum El Assel","wilayaCode":37,"code":3702},"geometry":{"type":"Polygon","coordinates":[[[-5.240105290486104,28.6125],[-6.1094971452430515,29.666581604887902],[-7.848280854756947,29.666581604887902],[-8.717672709513895,28.6125],[-7.848280854756949,27.5584183951121],[-6.1094971452430515,27.5584183951121],[-5.240105290486104,28.6125]]]}},{"type":"Feature","properties":{"nameAr":"خميستي","nameFr":"Khemisti","wilayaCode":38,"code":3811},"geometry":{"type":"Polygon","coordinates":[[[2.011845131167347,35.6667],[1.9809225655836735,35.704191618283915],[1.9190774344163264,35.704191618283915],[1.8881548688326528,35.6667],[1.9190774344163264,35.62920838171608],[1.9809225655836735,35.62920838171608],[2.011845131167347,35.6667]]]}},{"type":"Feature","properties":{"nameAr":"ثنية الاحد","nameFr":"Theniet El Had","wilayaCode":38,"code":3803},"geometry":{"type":"Polygon","coordinates":[[[2.083365095117128,35.87111],[2.050036687558564,35.91151854665876],[1.983379872441436,35.91151854665876],[1.9500514648828722,35.87111],[1.983379872441436,35.83070145334124],[2.050036687558564,35.83070145334124],[2.083365095117128,35.87111]]]}},{"type":"Feature","properties":{"nameAr":"أولاد بسام","nameFr":"Ouled Bessam","wilayaCode":38,"code":3812},"geometry":{"type":"Polygon","coordinates":[[[1.9200832948758315,35.686389],[1.8921251474379157,35.72028645229358],[1.836208852562084,35.72028645229358],[1.8082507051241683,35.686389],[1.836208852562084,35.65249154770642],[1.8921251474379157,35.65249154770642],[1.9200832948758315,35.686389]]]}},{"type":"Feature","properties":{"nameAr":"سيدي بوتوشنت","nameFr":"Sidi Boutouchent","wilayaCode":38,"code":3815},"geometry":{"type":"Polygon","coordinates":[[[2.0083471232969425,35.825278],[1.9798680066484713,35.85980709389288],[1.9229097733515288,35.85980709389288],[1.8944306567030575,35.825278],[1.9229097733515288,35.79074890610711],[1.9798680066484713,35.79074890610711],[2.0083471232969425,35.825278]]]}},{"type":"Feature","properties":{"nameAr":"تيسمسيلت","nameFr":"Tissemsilt","wilayaCode":38,"code":3801},"geometry":{"type":"Polygon","coordinates":[[[1.8753068713298253,35.60722],[1.8430534356649126,35.64632521250319],[1.7785465643350873,35.64632521250319],[1.7462931286701746,35.60722],[1.7785465643350873,35.5681147874968],[1.8430534356649126,35.5681147874968],[1.8753068713298253,35.60722]]]}},{"type":"Feature","properties":{"nameAr":"سيدي العنتري","nameFr":"Sidi Lantri","wilayaCode":38,"code":3808},"geometry":{"type":"Polygon","coordinates":[[[1.457002034174061,35.70139],[1.4296160170870307,35.73459378110818],[1.3748439829129697,35.73459378110818],[1.3474579658259391,35.70139],[1.3748439829129695,35.668186218891826],[1.4296160170870307,35.668186218891826],[1.457002034174061,35.70139]]]}},{"type":"Feature","properties":{"nameAr":"بني شعيب","nameFr":"Beni Chaib","wilayaCode":38,"code":3805},"geometry":{"type":"Polygon","coordinates":[[[1.858049508606664,35.820278],[1.828790054303332,35.85575320301858],[1.770271145696668,35.85575320301858],[1.741011691393336,35.820278],[1.770271145696668,35.784802796981424],[1.828790054303332,35.784802796981424],[1.858049508606664,35.820278]]]}},{"type":"Feature","properties":{"nameAr":"بني لحسن","nameFr":"Beni Lahcene","wilayaCode":38,"code":3822},"geometry":{"type":"Polygon","coordinates":[[[1.663603637360634,35.8517],[1.6441629296803169,35.875270605406186],[1.605281514319683,35.875270605406186],[1.5858408066393659,35.8517],[1.605281514319683,35.828129394593816],[1.6441629296803169,35.828129394593816],[1.663603637360634,35.8517]]]}},{"type":"Feature","properties":{"nameAr":"سيدي عابد","nameFr":"Sidi Abed","wilayaCode":38,"code":3818},"geometry":{"type":"Polygon","coordinates":[[[1.758267352854999,35.745278],[1.7316336764274995,35.777569616535345],[1.6783663235725006,35.777569616535345],[1.6517326471450011,35.745278],[1.6783663235725006,35.71298638346465],[1.7316336764274995,35.71298638346465],[1.758267352854999,35.745278]]]}},{"type":"Feature","properties":{"nameAr":"سيدي سليمان","nameFr":"Sidi Slimane","wilayaCode":38,"code":3820},"geometry":{"type":"Polygon","coordinates":[[[1.8954831502273146,35.86],[1.8644082416136571,35.89767632439159],[1.8022584243863427,35.89767632439159],[1.7711835157726852,35.86],[1.8022584243863424,35.82232367560841],[1.8644082416136571,35.82232367560841],[1.8954831502273146,35.86]]]}},{"type":"Feature","properties":{"nameAr":"بوقائد","nameFr":"Boucaid","wilayaCode":38,"code":3821},"geometry":{"type":"Polygon","coordinates":[[[1.660339554605031,35.890278],[1.6400597773025156,35.9148659232579],[1.5995002226974844,35.9148659232579],[1.579220445394969,35.890278],[1.5995002226974844,35.865690076742105],[1.6400597773025156,35.865690076742105],[1.660339554605031,35.890278]]]}},{"type":"Feature","properties":{"nameAr":"الأربعاء","nameFr":"Larbaa","wilayaCode":38,"code":3816},"geometry":{"type":"Polygon","coordinates":[[[1.5367967531338116,35.937222],[1.5060368765669059,35.9745163683339],[1.4445171234330942,35.9745163683339],[1.4137572468661883,35.937222],[1.444517123433094,35.899927631666095],[1.5060368765669059,35.899927631666095],[1.5367967531338116,35.937222]]]}},{"type":"Feature","properties":{"nameAr":"الأزهرية","nameFr":"Lazharia","wilayaCode":38,"code":3804},"geometry":{"type":"Polygon","coordinates":[[[1.6061545135956492,35.93722222],[1.5830772567978246,35.9652019068912],[1.5369227432021755,35.9652019068912],[1.513845486404351,35.93722222],[1.5369227432021755,35.9092425331088],[1.5830772567978246,35.9092425331088],[1.6061545135956492,35.93722222]]]}},{"type":"Feature","properties":{"nameAr":"لرجام","nameFr":"Lardjem","wilayaCode":38,"code":3806},"geometry":{"type":"Polygon","coordinates":[[[1.6015118802135218,35.7495],[1.5750059401067609,35.7816367444771],[1.521994059893239,35.7816367444771],[1.4954881197864782,35.7495],[1.521994059893239,35.7173632555229],[1.5750059401067609,35.7173632555229],[1.6015118802135218,35.7495]]]}},{"type":"Feature","properties":{"nameAr":"الملعب","nameFr":"Melaab","wilayaCode":38,"code":3807},"geometry":{"type":"Polygon","coordinates":[[[1.3922540256251654,35.7495],[1.3623770128125827,35.78572395291884],[1.3026229871874173,35.78572395291884],[1.2727459743748346,35.7495],[1.3026229871874173,35.71327604708115],[1.3623770128125827,35.71327604708115],[1.3922540256251654,35.7495]]]}},{"type":"Feature","properties":{"nameAr":"العيون","nameFr":"Layoune","wilayaCode":38,"code":3810},"geometry":{"type":"Polygon","coordinates":[[[2.0620317374502113,35.6967],[2.0293358687251057,35.73634163408064],[1.9639441312748944,35.73634163408064],[1.9312482625497889,35.6967],[1.9639441312748944,35.65705836591936],[2.0293358687251057,35.65705836591936],[2.0620317374502113,35.6967]]]}},{"type":"Feature","properties":{"nameAr":"تملاحت","nameFr":"Tamellahet","wilayaCode":38,"code":3819},"geometry":{"type":"Polygon","coordinates":[[[1.677412656667869,35.711111],[1.6546785503339345,35.738674639064534],[1.6092103376660654,35.738674639064534],[1.5864762313321308,35.711111],[1.6092103376660654,35.68354736093547],[1.6546785503339345,35.68354736093547],[1.677412656667869,35.711111]]]}},{"type":"Feature","properties":{"nameAr":"اليوسفية","nameFr":"Youssoufia","wilayaCode":38,"code":3814},"geometry":{"type":"Polygon","coordinates":[[[2.187408956326988,35.948056],[2.1500934781634937,35.99329861286153],[2.0754625218365064,35.99329861286153],[2.0381470436730122,35.948056],[2.0754625218365064,35.90281338713847],[2.1500934781634937,35.90281338713847],[2.187408956326988,35.948056]]]}},{"type":"Feature","properties":{"nameAr":"برج الأمير عبد القادر","nameFr":"Bordj El Emir Abdelkader","wilayaCode":38,"code":3809},"geometry":{"type":"Polygon","coordinates":[[[2.350629077025613,35.8652978],[2.3090315885128065,35.91573207450001],[2.2258366114871935,35.91573207450001],[2.184239122974387,35.8652978],[2.2258366114871935,35.81486352549999],[2.3090315885128065,35.81486352549999],[2.350629077025613,35.8652978]]]}},{"type":"Feature","properties":{"nameAr":"عماري","nameFr":"Ammari","wilayaCode":38,"code":3813},"geometry":{"type":"Polygon","coordinates":[[[1.7195527771173593,35.5771],[1.6909263885586798,35.61180765159459],[1.6336736114413206,35.61180765159459],[1.605047222882641,35.5771],[1.6336736114413204,35.542392348405414],[1.6909263885586798,35.542392348405414],[1.7195527771173593,35.5771]]]}},{"type":"Feature","properties":{"nameAr":"المعاصم","nameFr":"Maacem","wilayaCode":38,"code":3817},"geometry":{"type":"Polygon","coordinates":[[[1.6539259090914888,35.659722],[1.6287684545457444,35.690223792623634],[1.5784535454542554,35.690223792623634],[1.553296090908511,35.659722],[1.5784535454542554,35.62922020737637],[1.6287684545457444,35.62922020737637],[1.6539259090914888,35.659722]]]}},{"type":"Feature","properties":{"nameAr":"برج بونعامة","nameFr":"Bordj Bounaama","wilayaCode":38,"code":3802},"geometry":{"type":"Polygon","coordinates":[[[1.6556415040425336,35.8505025],[1.6363633020212667,35.87387607776559],[1.5978068979787332,35.87387607776559],[1.5785286959574663,35.8505025],[1.5978068979787332,35.82712892223441],[1.6363633020212667,35.82712892223441],[1.6556415040425336,35.8505025]]]}},{"type":"Feature","properties":{"nameAr":"دوار الماء","nameFr":"Douar El Maa","wilayaCode":39,"code":3915},"geometry":{"type":"Polygon","coordinates":[[[7.959080382834997,33.372222],[7.822595691417499,33.537700893993325],[7.549626308582503,33.537700893993325],[7.413141617165004,33.372222],[7.549626308582502,33.20674310600668],[7.822595691417499,33.20674310600668],[7.959080382834997,33.372222]]]}},{"type":"Feature","properties":{"nameAr":"العقلة","nameFr":"El Ogla","wilayaCode":39,"code":3925},"geometry":{"type":"Polygon","coordinates":[[[7.01311580088762,33.246667],[6.981557900443811,33.28492892086422],[6.91844209955619,33.28492892086422],[6.88688419911238,33.246667],[6.91844209955619,33.20840507913579],[6.981557900443811,33.20840507913579],[7.01311580088762,33.246667]]]}},{"type":"Feature","properties":{"nameAr":"المقرن","nameFr":"Magrane","wilayaCode":39,"code":3918},"geometry":{"type":"Polygon","coordinates":[[[6.959197404778393,33.4998054],[6.9447377023891965,33.51733685744029],[6.915818297610804,33.51733685744029],[6.901358595221608,33.4998054],[6.915818297610804,33.48227394255971],[6.9447377023891965,33.48227394255971],[6.959197404778393,33.4998054]]]}},{"type":"Feature","properties":{"nameAr":"سيدي عون","nameFr":"Sidi Aoun","wilayaCode":39,"code":3916},"geometry":{"type":"Polygon","coordinates":[[[6.939453710071514,33.54212],[6.922226855035757,33.56300645172359],[6.887773144964243,33.56300645172359],[6.870546289928487,33.54212],[6.887773144964243,33.521233548276406],[6.922226855035757,33.521233548276406],[6.939453710071514,33.54212]]]}},{"type":"Feature","properties":{"nameAr":"اميه وانسة","nameFr":"Mih Ouansa","wilayaCode":39,"code":3926},"geometry":{"type":"Polygon","coordinates":[[[6.803404707096898,33.158611],[6.760174353548448,33.21102501814256],[6.673713646451551,33.21102501814256],[6.630483292903102,33.158611],[6.673713646451551,33.106196981857444],[6.760174353548448,33.106196981857444],[6.803404707096898,33.158611]]]}},{"type":"Feature","properties":{"nameAr":"كوينين","nameFr":"Kouinine","wilayaCode":39,"code":3907},"geometry":{"type":"Polygon","coordinates":[[[6.867906823928228,33.4037855],[6.8471805119641145,33.42891481776276],[6.805727888035885,33.42891481776276],[6.785001576071771,33.4037855],[6.805727888035885,33.378656182237236],[6.8471805119641145,33.378656182237236],[6.867906823928228,33.4037855]]]}},{"type":"Feature","properties":{"nameAr":"البياضة","nameFr":"Bayadha","wilayaCode":39,"code":3904},"geometry":{"type":"Polygon","coordinates":[[[6.926111431649623,33.334444],[6.907342365824812,33.35720028293342],[6.869804234175188,33.35720028293342],[6.851035168350377,33.334444],[6.869804234175188,33.311687717066576],[6.907342365824812,33.311687717066576],[6.926111431649623,33.334444]]]}},{"type":"Feature","properties":{"nameAr":"النخلة","nameFr":"Nakhla","wilayaCode":39,"code":3905},"geometry":{"type":"Polygon","coordinates":[[[6.923333273264196,33.2806326],[6.901111136632098,33.30757550878967],[6.856666863367902,33.30757550878967],[6.834444726735804,33.2806326],[6.856666863367902,33.253689691210326],[6.901111136632098,33.253689691210326],[6.923333273264196,33.2806326]]]}},{"type":"Feature","properties":{"nameAr":"الرباح","nameFr":"Robbah","wilayaCode":39,"code":3902},"geometry":{"type":"Polygon","coordinates":[[[6.522841574388712,33.281111],[6.469756037194356,33.3454737932974],[6.3635849628056445,33.3454737932974],[6.3104994256112885,33.281111],[6.3635849628056445,33.216748206702604],[6.469756037194356,33.216748206702604],[6.522841574388712,33.281111]]]}},{"type":"Feature","properties":{"nameAr":"قمار","nameFr":"Guemar","wilayaCode":39,"code":3906},"geometry":{"type":"Polygon","coordinates":[[[6.847816422833421,33.5],[6.8228039114167105,33.53032605841905],[6.77277888858329,33.53032605841905],[6.74776637716658,33.5],[6.77277888858329,33.46967394158095],[6.8228039114167105,33.46967394158095],[6.847816422833421,33.5]]]}},{"type":"Feature","properties":{"nameAr":"بن قشة","nameFr":"Ben Guecha","wilayaCode":39,"code":3919},"geometry":{"type":"Polygon","coordinates":[[[7.2571149581415995,33.3551532],[7.2044074790708,33.41905762218264],[7.0989925209292,33.41905762218264],[7.0462850418584,33.3551532],[7.0989925209292,33.29124877781735],[7.2044074790708,33.29124877781735],[7.2571149581415995,33.3551532]]]}},{"type":"Feature","properties":{"nameAr":"ورماس","nameFr":"Ourmes","wilayaCode":39,"code":3920},"geometry":{"type":"Polygon","coordinates":[[[6.545800906670119,33.541667],[6.48123395333506,33.61995027056637],[6.352100046664941,33.61995027056637],[6.287533093329881,33.541667],[6.35210004666494,33.46338372943362],[6.48123395333506,33.46338372943362],[6.545800906670119,33.541667]]]}},{"type":"Feature","properties":{"nameAr":"تغزوت","nameFr":"Taghzout","wilayaCode":39,"code":3910},"geometry":{"type":"Polygon","coordinates":[[[6.928878691890493,32.966667],[6.8633393459452465,33.0461292339504],[6.732260654054753,33.0461292339504],[6.666721308109506,32.966667],[6.732260654054753,32.8872047660496],[6.8633393459452465,32.8872047660496],[6.928878691890493,32.966667]]]}},{"type":"Feature","properties":{"nameAr":"الحمراية","nameFr":"Hamraia","wilayaCode":39,"code":3909},"geometry":{"type":"Polygon","coordinates":[[[6.397748807025571,34.110833],[6.314152203512785,34.21218849523704],[6.146958996487214,34.21218849523704],[6.063362392974429,34.110833],[6.146958996487214,34.00947750476296],[6.314152203512785,34.00947750476296],[6.397748807025571,34.110833]]]}},{"type":"Feature","properties":{"nameAr":"الرقيبة","nameFr":"Reguiba","wilayaCode":39,"code":3908},"geometry":{"type":"Polygon","coordinates":[[[6.788257945515159,33.56391],[6.745628972757579,33.61559488268342],[6.660371027242421,33.61559488268342],[6.617742054484841,33.56391],[6.660371027242421,33.51222511731658],[6.745628972757579,33.51222511731658],[6.788257945515159,33.56391]]]}},{"type":"Feature","properties":{"nameAr":"الدبيلة","nameFr":"Debila","wilayaCode":39,"code":3911},"geometry":{"type":"Polygon","coordinates":[[[6.981795131746348,33.51667],[6.965897565873174,33.535944774266305],[6.934102434126826,33.535944774266305],[6.918204868253652,33.51667],[6.934102434126826,33.49739522573369],[6.965897565873174,33.49739522573369],[6.981795131746348,33.51667]]]}},{"type":"Feature","properties":{"nameAr":"حساني عبد الكريم","nameFr":"Hassani Abdelkrim","wilayaCode":39,"code":3912},"geometry":{"type":"Polygon","coordinates":[[[6.925985166393467,33.477222],[6.910492583196733,33.49600575886606],[6.879507416803266,33.49600575886606],[6.864014833606532,33.477222],[6.879507416803266,33.45843824113393],[6.910492583196733,33.45843824113393],[6.925985166393467,33.477222]]]}},{"type":"Feature","properties":{"nameAr":"حاسي خليفة","nameFr":"Hassi Khalifa","wilayaCode":39,"code":3913},"geometry":{"type":"Polygon","coordinates":[[[7.040325649771031,33.562222],[7.0153018248855155,33.592561775270994],[6.9652541751144845,33.592561775270994],[6.940230350228969,33.562222],[6.9652541751144845,33.531882224729],[7.0153018248855155,33.531882224729],[7.040325649771031,33.562222]]]}},{"type":"Feature","properties":{"nameAr":"الطريفاوي","nameFr":"Trifaoui","wilayaCode":39,"code":3917},"geometry":{"type":"Polygon","coordinates":[[[6.97266642243806,33.42298],[6.9535932112190295,33.4461050396264],[6.9154467887809705,33.4461050396264],[6.89637357756194,33.42298],[6.9154467887809705,33.3998549603736],[6.9535932112190295,33.3998549603736],[6.97266642243806,33.42298]]]}},{"type":"Feature","properties":{"nameAr":"الطالب العربي","nameFr":"Taleb Larbi","wilayaCode":39,"code":3914},"geometry":{"type":"Polygon","coordinates":[[[7.751146550271302,33.7275],[7.6341842751356515,33.86930922217266],[7.400259724864349,33.86930922217266],[7.283297449728699,33.7275],[7.400259724864349,33.58569077782734],[7.6341842751356515,33.58569077782734],[7.751146550271302,33.7275]]]}},{"type":"Feature","properties":{"nameAr":"وادي العلندة","nameFr":"Oued El Alenda","wilayaCode":39,"code":3903},"geometry":{"type":"Polygon","coordinates":[[[6.822408155695334,33.228889],[6.789815077847667,33.26840600676505],[6.724628922152332,33.26840600676505],[6.692035844304665,33.228889],[6.724628922152332,33.18937199323496],[6.789815077847667,33.18937199323496],[6.822408155695334,33.228889]]]}},{"type":"Feature","properties":{"nameAr":"الوادي","nameFr":"El-Oued","wilayaCode":39,"code":3901},"geometry":{"type":"Polygon","coordinates":[[[6.898260239400082,33.36111111],[6.87940791970004,33.38396833289271],[6.841703280299959,33.38396833289271],[6.822850960599918,33.36111111],[6.841703280299959,33.3382538871073],[6.87940791970004,33.3382538871073],[6.898260239400082,33.36111111]]]}},{"type":"Feature","properties":{"nameAr":"خيران","nameFr":"Khirane","wilayaCode":40,"code":4020},"geometry":{"type":"Polygon","coordinates":[[[6.886807089585324,34.6667],[6.823053544792662,34.74399706512045],[6.695546455207338,34.74399706512045],[6.631792910414675,34.6667],[6.695546455207337,34.589402934879544],[6.823053544792662,34.589402934879544],[6.886807089585324,34.6667]]]}},{"type":"Feature","properties":{"nameAr":"بابار","nameFr":"Babar","wilayaCode":40,"code":4013},"geometry":{"type":"Polygon","coordinates":[[[7.185504606529384,35.1691777],[7.145113303264692,35.21814955260686],[7.064330696735308,35.21814955260686],[7.023939393470616,35.1691777],[7.064330696735308,35.12020584739314],[7.145113303264692,35.12020584739314],[7.185504606529384,35.1691777]]]}},{"type":"Feature","properties":{"nameAr":"المحمل","nameFr":"El Mahmal","wilayaCode":40,"code":4017},"geometry":{"type":"Polygon","coordinates":[[[7.265761819975495,35.37381],[7.239475909987747,35.405679972135374],[7.186904090012253,35.405679972135374],[7.160618180024505,35.37381],[7.186904090012253,35.341940027864624],[7.239475909987747,35.341940027864624],[7.265761819975495,35.37381]]]}},{"type":"Feature","properties":{"nameAr":"أولاد رشاش","nameFr":"Ouled Rechache","wilayaCode":40,"code":4016},"geometry":{"type":"Polygon","coordinates":[[[7.430413568596117,35.3],[7.391734784298058,35.346895533705464],[7.314377215701941,35.346895533705464],[7.275698431403883,35.3],[7.314377215701941,35.25310446629453],[7.391734784298058,35.25310446629453],[7.430413568596117,35.3]]]}},{"type":"Feature","properties":{"nameAr":"جلال","nameFr":"Djellal","wilayaCode":40,"code":4012},"geometry":{"type":"Polygon","coordinates":[[[7.0212388634798755,34.91925],[6.9606194317399375,34.992747154989665],[6.839380568260063,34.992747154989665],[6.778761136520125,34.91925],[6.839380568260063,34.84575284501033],[6.9606194317399375,34.84575284501033],[7.0212388634798755,34.91925]]]}},{"type":"Feature","properties":{"nameAr":"يابوس","nameFr":"Yabous","wilayaCode":40,"code":4019},"geometry":{"type":"Polygon","coordinates":[[[6.68845763677945,35.405278],[6.665128818389725,35.43356268911209],[6.618471181610275,35.43356268911209],[6.59514236322055,35.405278],[6.618471181610275,35.37699331088792],[6.665128818389725,35.37699331088792],[6.68845763677945,35.405278]]]}},{"type":"Feature","properties":{"nameAr":"خنشلة","nameFr":"Khenchela","wilayaCode":40,"code":4001},"geometry":{"type":"Polygon","coordinates":[[[7.184785432535203,35.4358],[7.164042716267601,35.46094920692373],[7.122557283732399,35.46094920692373],[7.101814567464797,35.4358],[7.122557283732399,35.41065079307627],[7.164042716267601,35.41065079307627],[7.184785432535203,35.4358]]]}},{"type":"Feature","properties":{"nameAr":"قايس","nameFr":"Kais","wilayaCode":40,"code":4003},"geometry":{"type":"Polygon","coordinates":[[[6.9970420273785265,35.4946392],[6.9606735136892635,35.5387336794539],[6.887936486310737,35.5387336794539],[6.851567972621474,35.4946392],[6.887936486310737,35.450544720546105],[6.9606735136892635,35.450544720546105],[6.9970420273785265,35.4946392]]]}},{"type":"Feature","properties":{"nameAr":"شلية","nameFr":"Chelia","wilayaCode":40,"code":4021},"geometry":{"type":"Polygon","coordinates":[[[6.681234686224154,35.364444],[6.658972343112077,35.391435656555956],[6.614447656887923,35.391435656555956],[6.592185313775846,35.364444],[6.614447656887923,35.33745234344404],[6.658972343112077,35.33745234344404],[6.681234686224154,35.364444]]]}},{"type":"Feature","properties":{"nameAr":"الرميلة","nameFr":"Remila","wilayaCode":40,"code":4010},"geometry":{"type":"Polygon","coordinates":[[[6.965949654540377,35.569444],[6.932974827270189,35.60942385334194],[6.867025172729812,35.60942385334194],[6.834050345459624,35.569444],[6.867025172729812,35.52946414665806],[6.932974827270189,35.52946414665806],[6.965949654540377,35.569444]]]}},{"type":"Feature","properties":{"nameAr":"تاوزيانت","nameFr":"Taouzianat","wilayaCode":40,"code":4007},"geometry":{"type":"Polygon","coordinates":[[[6.402259189012264,35.511111],[6.378705694506133,35.53966809442629],[6.331598705493867,35.53966809442629],[6.308045210987736,35.511111],[6.331598705493867,35.48255390557371],[6.378705694506133,35.48255390557371],[6.402259189012264,35.511111]]]}},{"type":"Feature","properties":{"nameAr":"بغاي","nameFr":"Baghai","wilayaCode":40,"code":4004},"geometry":{"type":"Polygon","coordinates":[[[7.170697361477404,35.521944],[7.142570680738702,35.55604578806139],[7.086317319261298,35.55604578806139],[7.058190638522595,35.521944],[7.086317319261298,35.487842211938606],[7.142570680738702,35.487842211938606],[7.170697361477404,35.521944]]]}},{"type":"Feature","properties":{"nameAr":"الحامة","nameFr":"El Hamma","wilayaCode":40,"code":4005},"geometry":{"type":"Polygon","coordinates":[[[7.131666726261805,35.466667],[7.1070833631309025,35.49647274377455],[7.057916636869097,35.49647274377455],[7.033333273738194,35.466667],[7.057916636869097,35.436861256225455],[7.1070833631309025,35.436861256225455],[7.131666726261805,35.466667]]]}},{"type":"Feature","properties":{"nameAr":"انسيغة","nameFr":"Ensigha","wilayaCode":40,"code":4015},"geometry":{"type":"Polygon","coordinates":[[[7.183181428678559,35.397222],[7.163118714339279,35.42154674840136],[7.12299328566072,35.42154674840136],[7.102930571321441,35.397222],[7.12299328566072,35.37289725159864],[7.163118714339279,35.37289725159864],[7.183181428678559,35.397222]]]}},{"type":"Feature","properties":{"nameAr":"طامزة","nameFr":"Tamza","wilayaCode":40,"code":4014},"geometry":{"type":"Polygon","coordinates":[[[7.070396931904643,35.31491],[7.0351984659523215,35.35758587196453],[6.9648015340476785,35.35758587196453],[6.929603068095357,35.31491],[6.9648015340476785,35.272234128035464],[7.0351984659523215,35.272234128035464],[7.070396931904643,35.31491]]]}},{"type":"Feature","properties":{"nameAr":"عين الطويلة","nameFr":"Ain Touila","wilayaCode":40,"code":4006},"geometry":{"type":"Polygon","coordinates":[[[7.52656607779788,35.443611],[7.49661653889894,35.47992288612535],[7.43671746110106,35.47992288612535],[7.40676792220212,35.443611],[7.43671746110106,35.40729911387464],[7.49661653889894,35.40729911387464],[7.52656607779788,35.443611]]]}},{"type":"Feature","properties":{"nameAr":"متوسة","nameFr":"M'toussa","wilayaCode":40,"code":4002},"geometry":{"type":"Polygon","coordinates":[[[7.309730172579951,35.599444],[7.277350086289976,35.63870276822539],[7.2125899137100244,35.63870276822539],[7.180209827420049,35.599444],[7.2125899137100244,35.560185231774604],[7.277350086289976,35.560185231774604],[7.309730172579951,35.599444]]]}},{"type":"Feature","properties":{"nameAr":"بوحمامة","nameFr":"Bouhmama","wilayaCode":40,"code":4008},"geometry":{"type":"Polygon","coordinates":[[[6.824665193547624,35.320278],[6.785650146773812,35.36758123029035],[6.707620053226187,35.36758123029035],[6.668605006452376,35.320278],[6.707620053226187,35.272974769709656],[6.785650146773812,35.272974769709656],[6.824665193547624,35.320278]]]}},{"type":"Feature","properties":{"nameAr":"الولجة","nameFr":"El Oueldja","wilayaCode":40,"code":4009},"geometry":{"type":"Polygon","coordinates":[[[6.797233612672558,34.915833],[6.73889480633628,34.986565043639146],[6.622217193663721,34.986565043639146],[6.563878387327442,34.915833],[6.622217193663721,34.84510095636085],[6.73889480633628,34.84510095636085],[6.797233612672558,34.915833]]]}},{"type":"Feature","properties":{"nameAr":"مصارة","nameFr":"M'sara","wilayaCode":40,"code":4018},"geometry":{"type":"Polygon","coordinates":[[[7.194776220402696,35.3216667],[7.169054760201348,35.35285231313952],[7.117611839798652,35.35285231313952],[7.091890379597304,35.3216667],[7.117611839798652,35.29048108686048],[7.169054760201348,35.29048108686048],[7.194776220402696,35.3216667]]]}},{"type":"Feature","properties":{"nameAr":"ششار","nameFr":"Chechar","wilayaCode":40,"code":4011},"geometry":{"type":"Polygon","coordinates":[[[7.106325797724638,35.1583333],[7.061497898862319,35.21268423889827],[6.971842101137682,35.21268423889827],[6.9270142022753625,35.1583333],[6.971842101137682,35.103982361101735],[7.061497898862319,35.103982361101735],[7.106325797724638,35.1583333]]]}},{"type":"Feature","properties":{"nameAr":"سوق أهراس","nameFr":"Souk Ahras","wilayaCode":41,"code":4101},"geometry":{"type":"Polygon","coordinates":[[[7.995010604776319,36.286389],[7.97292196888816,36.313170047739725],[7.92874469711184,36.313170047739725],[7.906656061223681,36.286389],[7.92874469711184,36.259607952260275],[7.97292196888816,36.259607952260275],[7.995010604776319,36.286389]]]}},{"type":"Feature","properties":{"nameAr":"عين سلطان","nameFr":"Ain Soltane","wilayaCode":41,"code":4118},"geometry":{"type":"Polygon","coordinates":[[[7.418818600253107,36.178334],[7.393992800126553,36.20843368301042],[7.344341199873447,36.20843368301042],[7.319515399746893,36.178334],[7.344341199873447,36.14823431698958],[7.393992800126553,36.14823431698958],[7.418818600253107,36.178334]]]}},{"type":"Feature","properties":{"nameAr":"سدراتة","nameFr":"Sedrata","wilayaCode":41,"code":4102},"geometry":{"type":"Polygon","coordinates":[[[7.582921903155664,36.129],[7.558460951577832,36.158657327654],[7.509539048422168,36.158657327654],[7.485078096844336,36.129],[7.509539048422168,36.099342672346],[7.558460951577832,36.099342672346],[7.582921903155664,36.129]]]}},{"type":"Feature","properties":{"nameAr":"الحنانشة","nameFr":"Hanencha","wilayaCode":41,"code":4103},"geometry":{"type":"Polygon","coordinates":[[[7.93120376982243,36.19119],[7.909490884911214,36.21751547389158],[7.8660651150887855,36.21751547389158],[7.84435223017757,36.19119],[7.8660651150887855,36.16486452610842],[7.909490884911214,36.16486452610842],[7.93120376982243,36.19119]]]}},{"type":"Feature","properties":{"nameAr":"المشروحة","nameFr":"Machroha","wilayaCode":41,"code":4104},"geometry":{"type":"Polygon","coordinates":[[[7.988806488569202,36.357222],[7.961069894284601,36.3908508333709],[7.905596705715399,36.3908508333709],[7.877860111430798,36.357222],[7.905596705715399,36.3235931666291],[7.961069894284601,36.3235931666291],[7.988806488569202,36.357222]]]}},{"type":"Feature","properties":{"nameAr":"عين الزانة","nameFr":"Ain Zana","wilayaCode":41,"code":4117},"geometry":{"type":"Polygon","coordinates":[[[8.256868226182899,36.400556],[8.22398961309145,36.44041919984976],[8.15823238690855,36.44041919984976],[8.1253537738171,36.400556],[8.15823238690855,36.36069280015025],[8.22398961309145,36.36069280015025],[8.256868226182899,36.400556]]]}},{"type":"Feature","properties":{"nameAr":"أولاد إدريس","nameFr":"Ouled Driss","wilayaCode":41,"code":4105},"geometry":{"type":"Polygon","coordinates":[[[8.070613311037704,36.35],[8.043656655518852,36.38268320787255],[7.989743344481148,36.38268320787255],[7.9627866889622965,36.35],[7.989743344481148,36.31731679212745],[8.043656655518852,36.31731679212745],[8.070613311037704,36.35]]]}},{"type":"Feature","properties":{"nameAr":"ترقالت","nameFr":"Terraguelt","wilayaCode":41,"code":4125},"geometry":{"type":"Polygon","coordinates":[[[7.918125076794776,35.895278],[7.886085038397388,35.93412448206651],[7.822004961602612,35.93412448206651],[7.789964923205225,35.895278],[7.822004961602612,35.85643151793349],[7.886085038397388,35.85643151793349],[7.918125076794776,35.895278]]]}},{"type":"Feature","properties":{"nameAr":"أم العظايم","nameFr":"Oum El Adhaim","wilayaCode":41,"code":4116},"geometry":{"type":"Polygon","coordinates":[[[7.66814117882992,36.033889],[7.63532058941496,36.07368184988075],[7.5696794105850405,36.07368184988075],[7.53685882117008,36.033889],[7.5696794105850405,35.994096150119255],[7.63532058941496,35.994096150119255],[7.66814117882992,36.033889]]]}},{"type":"Feature","properties":{"nameAr":"وادي الكبريت","nameFr":"Oued Kebrit","wilayaCode":41,"code":4124},"geometry":{"type":"Polygon","coordinates":[[[7.980740898272634,35.933333],[7.948906099136317,35.97193064268699],[7.885236500863683,35.97193064268699],[7.853401701727366,35.933333],[7.885236500863683,35.894735357313],[7.948906099136317,35.894735357313],[7.980740898272634,35.933333]]]}},{"type":"Feature","properties":{"nameAr":"تيفاش","nameFr":"Tiffech","wilayaCode":41,"code":4106},"geometry":{"type":"Polygon","coordinates":[[[7.837088502721514,36.191667],[7.811599751360757,36.22257046866483],[7.760622248639243,36.22257046866483],[7.735133497278486,36.191667],[7.760622248639243,36.16076353133518],[7.811599751360757,36.16076353133518],[7.837088502721514,36.191667]]]}},{"type":"Feature","properties":{"nameAr":"الراقوبة","nameFr":"Ragouba","wilayaCode":41,"code":4122},"geometry":{"type":"Polygon","coordinates":[[[7.720305099960363,36.125],[7.693486049980182,36.15751637002348],[7.639847950019819,36.15751637002348],[7.613028900039637,36.125],[7.639847950019819,36.09248362997652],[7.693486049980182,36.09248362997652],[7.720305099960363,36.125]]]}},{"type":"Feature","properties":{"nameAr":"الدريعة","nameFr":"Drea","wilayaCode":41,"code":4109},"geometry":{"type":"Polygon","coordinates":[[[7.930966066666052,36.1167],[7.907149683333026,36.145575830189735],[7.8595169166669745,36.145575830189735],[7.835700533333949,36.1167],[7.8595169166669745,36.08782416981027],[7.907149683333026,36.08782416981027],[7.930966066666052,36.1167]]]}},{"type":"Feature","properties":{"nameAr":"تاورة","nameFr":"Taoura","wilayaCode":41,"code":4108},"geometry":{"type":"Polygon","coordinates":[[[8.089975934597627,36.17],[8.065127967298814,36.20012655927845],[8.015432032701185,36.20012655927845],[7.990584065402372,36.17],[8.015432032701185,36.13987344072155],[8.065127967298814,36.13987344072155],[8.089975934597627,36.17]]]}},{"type":"Feature","properties":{"nameAr":"الزعرورية","nameFr":"Zaarouria","wilayaCode":41,"code":4107},"geometry":{"type":"Polygon","coordinates":[[[8.000893329341139,36.227222],[7.979335664670569,36.25335927935137],[7.936220335329431,36.25335927935137],[7.914662670658862,36.227222],[7.936220335329431,36.20108472064862],[7.979335664670569,36.20108472064862],[8.000893329341139,36.227222]]]}},{"type":"Feature","properties":{"nameAr":"الحدادة","nameFr":"Haddada","wilayaCode":41,"code":4110},"geometry":{"type":"Polygon","coordinates":[[[8.330946161843357,36.23083333],[8.301723080921679,36.26626443263703],[8.243276919078323,36.26626443263703],[8.214053838156644,36.23083333],[8.243276919078323,36.195402227362976],[8.301723080921679,36.195402227362976],[8.330946161843357,36.23083333]]]}},{"type":"Feature","properties":{"nameAr":"الخضارة","nameFr":"Khedara","wilayaCode":41,"code":4111},"geometry":{"type":"Polygon","coordinates":[[[8.297779241879036,36.195556],[8.270417976939518,36.22872977072422],[8.215695447060481,36.22872977072422],[8.188334182120963,36.195556],[8.215695447060481,36.162382229275785],[8.270417976939518,36.162382229275785],[8.297779241879036,36.195556]]]}},{"type":"Feature","properties":{"nameAr":"أولاد مومن","nameFr":"Ouled Moumen","wilayaCode":41,"code":4113},"geometry":{"type":"Polygon","coordinates":[[[8.39870915695183,36.3834462],[8.357271078475915,36.43368720010182],[8.274394921524085,36.43368720010182],[8.23295684304817,36.3834462],[8.274394921524085,36.33320519989818],[8.357271078475915,36.33320519989818],[8.39870915695183,36.3834462]]]}},{"type":"Feature","properties":{"nameAr":"المراهنة","nameFr":"Merahna","wilayaCode":41,"code":4112},"geometry":{"type":"Polygon","coordinates":[[[8.20242079144338,36.1975],[8.178710395721689,36.22624732704027],[8.13128960427831,36.22624732704027],[8.107579208556619,36.1975],[8.13128960427831,36.16875267295973],[8.178710395721689,36.16875267295973],[8.20242079144338,36.1975]]]}},{"type":"Feature","properties":{"nameAr":"ويلان","nameFr":"Ouillen","wilayaCode":41,"code":4119},"geometry":{"type":"Polygon","coordinates":[[[8.112475007432788,36.195],[8.088598503716394,36.22394872228073],[8.040845496283605,36.22394872228073],[8.016968992567211,36.195],[8.040845496283605,36.16605127771927],[8.088598503716394,36.16605127771927],[8.112475007432788,36.195]]]}},{"type":"Feature","properties":{"nameAr":"سيدي فرج","nameFr":"Sidi Fredj","wilayaCode":41,"code":4120},"geometry":{"type":"Polygon","coordinates":[[[8.246791887414963,36.1537121],[8.221033493707482,36.184942492635905],[8.169516706292518,36.184942492635905],[8.143758312585037,36.1537121],[8.169516706292518,36.122481707364095],[8.221033493707482,36.122481707364095],[8.246791887414963,36.1537121]]]}},{"type":"Feature","properties":{"nameAr":"بئر بوحوش","nameFr":"Bir Bouhouche","wilayaCode":41,"code":4114},"geometry":{"type":"Polygon","coordinates":[[[7.506979737304899,36.165611],[7.48683986865245,36.19002929303466],[7.4465601313475505,36.19002929303466],[7.4264202626951015,36.165611],[7.4465601313475505,36.141192706965334],[7.48683986865245,36.141192706965334],[7.506979737304899,36.165611]]]}},{"type":"Feature","properties":{"nameAr":"سافل الويدان","nameFr":"Safel El Ouiden","wilayaCode":41,"code":4121},"geometry":{"type":"Polygon","coordinates":[[[7.565705160012747,35.929167],[7.527991580006374,35.974892285694445],[7.452564419993626,35.974892285694445],[7.414850839987253,35.929167],[7.452564419993626,35.883441714305555],[7.527991580006374,35.883441714305555],[7.565705160012747,35.929167]]]}},{"type":"Feature","properties":{"nameAr":"خميسة","nameFr":"Khemissa","wilayaCode":41,"code":4123},"geometry":{"type":"Polygon","coordinates":[[[7.717350445107082,36.193056],[7.688119722553541,36.22849636762328],[7.62965827744646,36.22849636762328],[7.600427554892919,36.193056],[7.62965827744646,36.15761563237672],[7.688119722553541,36.15761563237672],[7.717350445107082,36.193056]]]}},{"type":"Feature","properties":{"nameAr":"مداوروش","nameFr":"M'daourouche","wilayaCode":41,"code":4115},"geometry":{"type":"Polygon","coordinates":[[[7.865868156570011,36.1218],[7.842795189285005,36.1497744861333],[7.796649254714995,36.1497744861333],[7.773576287429989,36.1218],[7.796649254714995,36.0938255138667],[7.842795189285005,36.0938255138667],[7.865868156570011,36.1218]]]}},{"type":"Feature","properties":{"nameAr":"الزوابي","nameFr":"Zouabi","wilayaCode":41,"code":4126},"geometry":{"type":"Polygon","coordinates":[[[7.478034843338614,36.195556],[7.459572921669307,36.21793989043562],[7.422649078330694,36.21793989043562],[7.404187156661386,36.195556],[7.422649078330694,36.17317210956438],[7.459572921669307,36.17317210956438],[7.478034843338614,36.195556]]]}},{"type":"Feature","properties":{"nameAr":"حجوط","nameFr":"Hadjout","wilayaCode":42,"code":4208},"geometry":{"type":"Polygon","coordinates":[[[2.4521495895915484,36.51257],[2.433219194795774,36.53552188391553],[2.395358405204226,36.53552188391553],[2.3764280104084516,36.51257],[2.395358405204226,36.489618116084465],[2.433219194795774,36.489618116084465],[2.4521495895915484,36.51257]]]}},{"type":"Feature","properties":{"nameAr":"مراد","nameFr":"Merad","wilayaCode":42,"code":4216},"geometry":{"type":"Polygon","coordinates":[[[2.463709458932288,36.47477],[2.444979729466144,36.49747859013317],[2.407520270533856,36.49747859013317],[2.388790541067712,36.47477],[2.407520270533856,36.45206140986683],[2.444979729466144,36.45206140986683],[2.463709458932288,36.47477]]]}},{"type":"Feature","properties":{"nameAr":"مناصر","nameFr":"Menaceur","wilayaCode":42,"code":4202},"geometry":{"type":"Polygon","coordinates":[[[2.2961148003477407,36.492],[2.2683354001738705,36.52568073275345],[2.21277659982613,36.52568073275345],[2.1849971996522597,36.492],[2.21277659982613,36.458319267246544],[2.2683354001738705,36.458319267246544],[2.2961148003477407,36.492]]]}},{"type":"Feature","properties":{"nameAr":"أغبال","nameFr":"Aghbal","wilayaCode":42,"code":4207},"geometry":{"type":"Polygon","coordinates":[[[1.8993131230003066,36.502778],[1.8725730615001535,36.535198601581044],[1.8190929384998467,36.535198601581044],[1.7923528769996935,36.502778],[1.8190929384998467,36.470357398418955],[1.8725730615001535,36.470357398418955],[1.8993131230003066,36.502778]]]}},{"type":"Feature","properties":{"nameAr":"الناظور","nameFr":"Nador","wilayaCode":42,"code":4211},"geometry":{"type":"Polygon","coordinates":[[[2.3590075903182908,36.569722],[2.3356553451591453,36.59803509256051],[2.2889508548408544,36.59803509256051],[2.265598609681709,36.569722],[2.2889508548408544,36.54140890743949],[2.3356553451591453,36.54140890743949],[2.3590075903182908,36.569722]]]}},{"type":"Feature","properties":{"nameAr":"سيدي عامر","nameFr":"Sidi-Amar","wilayaCode":42,"code":4209},"geometry":{"type":"Polygon","coordinates":[[[2.351379314274812,36.5330597],[2.328884157137406,36.560333628560365],[2.2838938428625934,36.560333628560365],[2.2613986857251875,36.5330597],[2.2838938428625934,36.50578577143964],[2.328884157137406,36.50578577143964],[2.351379314274812,36.5330597]]]}},{"type":"Feature","properties":{"nameAr":"قوراية","nameFr":"Gouraya","wilayaCode":42,"code":4210},"geometry":{"type":"Polygon","coordinates":[[[1.9618551595337657,36.5675],[1.933427579766883,36.601966608744725],[1.876572420233117,36.601966608744725],[1.8481448404662344,36.5675],[1.876572420233117,36.53303339125528],[1.933427579766883,36.53303339125528],[1.9618551595337657,36.5675]]]}},{"type":"Feature","properties":{"nameAr":"مسلمون","nameFr":"Messelmoun","wilayaCode":42,"code":4222},"geometry":{"type":"Polygon","coordinates":[[[2.051789264019386,36.563056],[2.027144632009693,36.592936028342244],[1.9778553679903068,36.592936028342244],[1.9532107359806137,36.563056],[1.9778553679903068,36.53317597165776],[2.027144632009693,36.53317597165776],[2.051789264019386,36.563056]]]}},{"type":"Feature","properties":{"nameAr":"شرشال","nameFr":"Cherchell","wilayaCode":42,"code":4214},"geometry":{"type":"Polygon","coordinates":[[[2.245183827317683,36.605],[2.218006913658842,36.63795025667501],[2.1636530863411583,36.63795025667501],[2.136476172682317,36.605],[2.1636530863411583,36.57204974332498],[2.218006913658842,36.57204974332498],[2.245183827317683,36.605]]]}},{"type":"Feature","properties":{"nameAr":"حجرة النص","nameFr":"Hadjret Ennous","wilayaCode":42,"code":4228},"geometry":{"type":"Polygon","coordinates":[[[2.099306257041716,36.573333],[2.075625128520858,36.60204484244508],[2.0282628714791424,36.60204484244508],[2.0045817429582846,36.573333],[2.0282628714791424,36.544621157554914],[2.075625128520858,36.544621157554914],[2.099306257041716,36.573333]]]}},{"type":"Feature","properties":{"nameAr":"سيدي غيلاس","nameFr":"Sidi Ghiles","wilayaCode":42,"code":4221},"geometry":{"type":"Polygon","coordinates":[[[2.1626634432713367,36.5583006],[2.1391162716356686,36.58685002835327],[2.0920219283643315,36.58685002835327],[2.0684747567286634,36.5583006],[2.0920219283643315,36.52975117164674],[2.1391162716356686,36.52975117164674],[2.1626634432713367,36.5583006]]]}},{"type":"Feature","properties":{"nameAr":"الداموس","nameFr":"Damous","wilayaCode":42,"code":4215},"geometry":{"type":"Polygon","coordinates":[[[1.7571117696107346,36.5200245],[1.7306393848053674,36.552120560836286],[1.6776946151946328,36.552120560836286],[1.6512222303892654,36.5200245],[1.6776946151946326,36.48792843916371],[1.7306393848053674,36.48792843916371],[1.7571117696107346,36.5200245]]]}},{"type":"Feature","properties":{"nameAr":"الأرهاط","nameFr":"Larhat","wilayaCode":42,"code":4203},"geometry":{"type":"Polygon","coordinates":[[[1.8581088321812793,36.558],[1.8297488605906398,36.59238463818734],[1.7730289174093603,36.59238463818734],[1.7446689458187208,36.558],[1.7730289174093603,36.52361536181266],[1.8297488605906398,36.52361536181266],[1.8581088321812793,36.558]]]}},{"type":"Feature","properties":{"nameAr":"فوكة","nameFr":"Fouka","wilayaCode":42,"code":4217},"geometry":{"type":"Polygon","coordinates":[[[2.7662394719979537,36.6667],[2.754178235998977,36.681323471486614],[2.730055764001023,36.681323471486614],[2.717994528002046,36.6667],[2.730055764001023,36.65207652851338],[2.754178235998977,36.65207652851338],[2.7662394719979537,36.6667]]]}},{"type":"Feature","properties":{"nameAr":"عين تاقورايت","nameFr":"Ain Tagourait","wilayaCode":42,"code":4213},"geometry":{"type":"Polygon","coordinates":[[[2.6237677007379423,36.5868863],[2.603986950368971,36.61086918525563],[2.5644254496310293,36.61086918525563],[2.544644699262058,36.5868863],[2.5644254496310293,36.562903414744376],[2.603986950368971,36.562903414744376],[2.6237677007379423,36.5868863]]]}},{"type":"Feature","properties":{"nameAr":"بوهارون","nameFr":"Bou Haroun","wilayaCode":42,"code":4220},"geometry":{"type":"Polygon","coordinates":[[[2.680941040351935,36.62503],[2.6678705201759674,36.64087716351829],[2.6417294798240323,36.64087716351829],[2.6286589596480647,36.62503],[2.6417294798240323,36.609182836481715],[2.6678705201759674,36.609182836481715],[2.680941040351935,36.62503]]]}},{"type":"Feature","properties":{"nameAr":"بواسماعيل","nameFr":"Bou Ismail","wilayaCode":42,"code":4218},"geometry":{"type":"Polygon","coordinates":[[[2.711497244355784,36.64262],[2.700716722177892,36.65569068850096],[2.679155677822108,36.65569068850096],[2.668375155644216,36.64262],[2.679155677822108,36.62954931149904],[2.700716722177892,36.62954931149904],[2.711497244355784,36.64262]]]}},{"type":"Feature","properties":{"nameAr":"خميستي","nameFr":"Khemisti","wilayaCode":42,"code":4206},"geometry":{"type":"Polygon","coordinates":[[[2.7024267580518413,36.625833],[2.6916300455259203,36.638923318254726],[2.6700366204740793,36.638923318254726],[2.6592399079481583,36.625833],[2.6700366204740793,36.612742681745274],[2.6916300455259203,36.612742681745274],[2.7024267580518413,36.625833]]]}},{"type":"Feature","properties":{"nameAr":"أحمر العين","nameFr":"Ahmer El Ain","wilayaCode":42,"code":4219},"geometry":{"type":"Polygon","coordinates":[[[2.6061885163393095,36.47688],[2.5877611081696545,36.49922204504116],[2.5509062918303456,36.49922204504116],[2.5324788836606906,36.47688],[2.5509062918303456,36.454537954958845],[2.5877611081696545,36.454537954958845],[2.6061885163393095,36.47688]]]}},{"type":"Feature","properties":{"nameAr":"بورقيقة","nameFr":"Bourkika","wilayaCode":42,"code":4205},"geometry":{"type":"Polygon","coordinates":[[[2.5126133752359743,36.4858595],[2.4945066876179873,36.50781269203779],[2.4582933123820125,36.50781269203779],[2.4401866247640256,36.4858595],[2.4582933123820125,36.463906307962205],[2.4945066876179873,36.463906307962205],[2.5126133752359743,36.4858595]]]}},{"type":"Feature","properties":{"nameAr":"دواودة","nameFr":"Douaouda","wilayaCode":42,"code":4204},"geometry":{"type":"Polygon","coordinates":[[[2.811862302233004,36.6737396],[2.7975976511165017,36.691034570340214],[2.769068348883498,36.691034570340214],[2.7548036977669956,36.6737396],[2.769068348883498,36.65644462965978],[2.7975976511165017,36.65644462965978],[2.811862302233004,36.6737396]]]}},{"type":"Feature","properties":{"nameAr":"سيدي راشد","nameFr":"Sidi Rached","wilayaCode":42,"code":4223},"geometry":{"type":"Polygon","coordinates":[[[2.575265288521513,36.5625],[2.554299310760756,36.587919897098395],[2.5123673552392436,36.587919897098395],[2.491401377478487,36.5625],[2.5123673552392436,36.537080102901605],[2.554299310760756,36.537080102901605],[2.575265288521513,36.5625]]]}},{"type":"Feature","properties":{"nameAr":"الحطاطبة","nameFr":"Attatba","wilayaCode":42,"code":4225},"geometry":{"type":"Polygon","coordinates":[[[2.70881649203265,36.57278],[2.692878246016325,36.592104096318664],[2.6610017539836752,36.592104096318664],[2.6450635079673503,36.57278],[2.6610017539836752,36.55345590368134],[2.692878246016325,36.55345590368134],[2.70881649203265,36.57278]]]}},{"type":"Feature","properties":{"nameAr":"الشعيبة","nameFr":"Chaiba","wilayaCode":42,"code":4212},"geometry":{"type":"Polygon","coordinates":[[[2.7517637717022807,36.6251],[2.7404653858511403,36.638798564836385],[2.7178686141488595,36.638798564836385],[2.706570228297719,36.6251],[2.7178686141488595,36.61140143516362],[2.7404653858511403,36.61140143516362],[2.7517637717022807,36.6251]]]}},{"type":"Feature","properties":{"nameAr":"القليعة","nameFr":"Kolea","wilayaCode":42,"code":4224},"geometry":{"type":"Polygon","coordinates":[[[2.793457578795741,36.6389],[2.7807287893978705,36.65433283696917],[2.755271210602129,36.65433283696917],[2.7425424212042584,36.6389],[2.755271210602129,36.62346716303083],[2.7807287893978705,36.62346716303083],[2.793457578795741,36.6389]]]}},{"type":"Feature","properties":{"nameAr":"سيدي سميان","nameFr":"Sidi Semiane","wilayaCode":42,"code":4226},"geometry":{"type":"Polygon","coordinates":[[[2.1146983804066077,36.508611],[2.089293690203304,36.53941254992787],[2.0384843097966963,36.53941254992787],[2.0130796195933924,36.508611],[2.0384843097966963,36.47780945007214],[2.089293690203304,36.47780945007214],[2.1146983804066077,36.508611]]]}},{"type":"Feature","properties":{"nameAr":"تيبازة","nameFr":"Tipaza","wilayaCode":42,"code":4201},"geometry":{"type":"Polygon","coordinates":[[[2.4908009460871954,36.591944],[2.4669004730435975,36.620921783545505],[2.4190995269564026,36.620921783545505],[2.3951990539128047,36.591944],[2.4190995269564026,36.56296621645449],[2.4669004730435975,36.56296621645449],[2.4908009460871954,36.591944]]]}},{"type":"Feature","properties":{"nameAr":"بني ميلك","nameFr":"Beni Mileuk","wilayaCode":42,"code":4227},"geometry":{"type":"Polygon","coordinates":[[[1.76855029885275,36.444444],[1.7426086494263748,36.47589657838703],[1.690725350573625,36.47589657838703],[1.66478370114725,36.444444],[1.6907253505736248,36.412991421612965],[1.7426086494263748,36.412991421612965],[1.76855029885275,36.444444]]]}},{"type":"Feature","properties":{"nameAr":"مشيرة","nameFr":"El Mechira","wilayaCode":43,"code":4326},"geometry":{"type":"Polygon","coordinates":[[[6.308724247136896,36.010247],[6.269995623568447,36.05720296060943],[6.1925383764315525,36.05720296060943],[6.153809752863104,36.010247],[6.1925383764315525,35.96329103939057],[6.269995623568447,35.96329103939057],[6.308724247136896,36.010247]]]}},{"type":"Feature","properties":{"nameAr":"العياضي برباس","nameFr":"El Ayadi Barbes","wilayaCode":43,"code":4329},"geometry":{"type":"Polygon","coordinates":[[[5.950918124581996,36.440278],[5.931997112290998,36.46321850823305],[5.894155087709001,36.46321850823305],[5.875234075418003,36.440278],[5.894155087709001,36.41733749176695],[5.931997112290998,36.41733749176695],[5.950918124581996,36.440278]]]}},{"type":"Feature","properties":{"nameAr":"عين البيضاء أحريش","nameFr":"Ain Beida Harriche","wilayaCode":43,"code":4330},"geometry":{"type":"Polygon","coordinates":[[[5.937440439679808,36.3959678],[5.915386719839904,36.422706514281025],[5.871279280160096,36.422706514281025],[5.849225560320193,36.3959678],[5.871279280160096,36.36922908571898],[5.915386719839904,36.36922908571898],[5.937440439679808,36.3959678]]]}},{"type":"Feature","properties":{"nameAr":"تسالة لمطاعي","nameFr":"Tassala Lematai","wilayaCode":43,"code":4316},"geometry":{"type":"Polygon","coordinates":[[[6.359348661738031,36.495833],[6.342114330869015,36.51672851568971],[6.307645669130985,36.51672851568971],[6.290411338261969,36.495833],[6.307645669130985,36.47493748431029],[6.342114330869015,36.47493748431029],[6.359348661738031,36.495833]]]}},{"type":"Feature","properties":{"nameAr":"ترعي باينان","nameFr":"Terrai Bainen","wilayaCode":43,"code":4323},"geometry":{"type":"Polygon","coordinates":[[[6.173470627875965,36.5481],[6.157635313937982,36.56729929780607],[6.125964686062018,36.56729929780607],[6.110129372124035,36.5481],[6.125964686062018,36.52890070219392],[6.157635313937982,36.52890070219392],[6.173470627875965,36.5481]]]}},{"type":"Feature","properties":{"nameAr":"اعميرة اراس","nameFr":"Amira Arres","wilayaCode":43,"code":4322},"geometry":{"type":"Polygon","coordinates":[[[6.101688354665007,36.5375],[6.0834831773325035,36.55957260447049],[6.047072822667497,36.55957260447049],[6.028867645334993,36.5375],[6.047072822667497,36.515427395529514],[6.0834831773325035,36.515427395529514],[6.101688354665007,36.5375]]]}},{"type":"Feature","properties":{"nameAr":"تسدان حدادة","nameFr":"Tassadane Haddada","wilayaCode":43,"code":4319},"geometry":{"type":"Polygon","coordinates":[[[5.916828468157626,36.52269],[5.897778634078813,36.54578669635018],[5.859678965921187,36.54578669635018],[5.840629131842374,36.52269],[5.859678965921187,36.49959330364982],[5.897778634078813,36.49959330364982],[5.916828468157626,36.52269]]]}},{"type":"Feature","properties":{"nameAr":"مينار زارزة","nameFr":"Minar Zarza","wilayaCode":43,"code":4321},"geometry":{"type":"Polygon","coordinates":[[[5.969424930917644,36.5377483],[5.949914415458822,36.56140354283957],[5.910893384541178,36.56140354283957],[5.8913828690823555,36.5377483],[5.910893384541178,36.51409305716042],[5.949914415458822,36.51409305716042],[5.969424930917644,36.5377483]]]}},{"type":"Feature","properties":{"nameAr":"سيدي مروان","nameFr":"Sidi Merouane","wilayaCode":43,"code":4318},"geometry":{"type":"Polygon","coordinates":[[[6.294724680572889,36.521667],[6.278612340286444,36.54120217440347],[6.246387659713556,36.54120217440347],[6.230275319427111,36.521667],[6.246387659713556,36.50213182559653],[6.278612340286444,36.50213182559653],[6.294724680572889,36.521667]]]}},{"type":"Feature","properties":{"nameAr":"الشيقارة","nameFr":"Chigara","wilayaCode":43,"code":4332},"geometry":{"type":"Polygon","coordinates":[[[6.2576622865893965,36.5600819],[6.239665043294698,36.58190239784782],[6.203670556705301,36.58190239784782],[6.185673313410603,36.5600819],[6.203670556705301,36.53826140215218],[6.239665043294698,36.53826140215218],[6.2576622865893965,36.5600819]]]}},{"type":"Feature","properties":{"nameAr":"حمالة","nameFr":"Hamala","wilayaCode":43,"code":4324},"geometry":{"type":"Polygon","coordinates":[[[6.3749419733702855,36.56667],[6.357470986685143,36.58785244561792],[6.322529013314857,36.58785244561792],[6.305058026629714,36.56667],[6.322529013314857,36.545487554382085],[6.357470986685143,36.545487554382085],[6.3749419733702855,36.56667]]]}},{"type":"Feature","properties":{"nameAr":"القرارم قوقة","nameFr":"Grarem Gouga","wilayaCode":43,"code":4317},"geometry":{"type":"Polygon","coordinates":[[[6.366321079861579,36.5167],[6.349825539930789,36.53669977928089],[6.316834460069211,36.53669977928089],[6.3003389201384215,36.5167],[6.316834460069211,36.49670022071911],[6.349825539930789,36.49670022071911],[6.366321079861579,36.5167]]]}},{"type":"Feature","properties":{"nameAr":"تيبرقنت","nameFr":"Tiberguent","wilayaCode":43,"code":4313},"geometry":{"type":"Polygon","coordinates":[[[6.076738904806304,36.4667623],[6.058169452403152,36.489276564521695],[6.021030547596848,36.489276564521695],[6.002461095193696,36.4667623],[6.021030547596848,36.4442480354783],[6.058169452403152,36.4442480354783],[6.076738904806304,36.4667623]]]}},{"type":"Feature","properties":{"nameAr":"الرواشد","nameFr":"Rouached","wilayaCode":43,"code":4315},"geometry":{"type":"Polygon","coordinates":[[[6.079797179297173,36.457741],[6.0612335896485865,36.48024815630955],[6.024106410351414,36.48024815630955],[6.005542820702828,36.457741],[6.024106410351414,36.43523384369045],[6.0612335896485865,36.43523384369045],[6.079797179297173,36.457741]]]}},{"type":"Feature","properties":{"nameAr":"دراحي بوصلاح","nameFr":"Derrahi Bousselah","wilayaCode":43,"code":4320},"geometry":{"type":"Polygon","coordinates":[[[6.0027087717024905,36.3125],[5.980382185851245,36.339569546737735],[5.935729014148754,36.339569546737735],[5.913402428297509,36.3125],[5.935729014148754,36.285430453262265],[5.980382185851245,36.285430453262265],[6.0027087717024905,36.3125]]]}},{"type":"Feature","properties":{"nameAr":"زغاية","nameFr":"Zeghaia","wilayaCode":43,"code":4328},"geometry":{"type":"Polygon","coordinates":[[[6.209975772416457,36.468056],[6.191237886208229,36.49077447965736],[6.153762113791772,36.49077447965736],[6.135024227583544,36.468056],[6.153762113791772,36.44533752034263],[6.191237886208229,36.44533752034263],[6.209975772416457,36.468056]]]}},{"type":"Feature","properties":{"nameAr":"وادي النجاء","nameFr":"Oued Endja","wilayaCode":43,"code":4310},"geometry":{"type":"Polygon","coordinates":[[[6.151594798463878,36.5],[6.136213899231939,36.51864834925507],[6.105452100768061,36.51864834925507],[6.090071201536122,36.5],[6.105452100768061,36.48135165074493],[6.136213899231939,36.48135165074493],[6.151594798463878,36.5]]]}},{"type":"Feature","properties":{"nameAr":"أحمد راشدي","nameFr":"Ahmed Rachedi","wilayaCode":43,"code":4311},"geometry":{"type":"Polygon","coordinates":[[[6.173210751575978,36.390556],[6.149105375787989,36.41978221492023],[6.100894624212011,36.41978221492023],[6.076789248424022,36.390556],[6.100894624212011,36.36132978507976],[6.149105375787989,36.36132978507976],[6.173210751575978,36.390556]]]}},{"type":"Feature","properties":{"nameAr":"تاجنانت","nameFr":"Tadjenanet","wilayaCode":43,"code":4308},"geometry":{"type":"Polygon","coordinates":[[[6.045188248802568,36.12129],[6.015944124401284,36.15674661650012],[5.957455875598716,36.15674661650012],[5.9282117511974315,36.12129],[5.957455875598716,36.08583338349988],[6.015944124401284,36.08583338349988],[6.045188248802568,36.12129]]]}},{"type":"Feature","properties":{"nameAr":"عين الملوك","nameFr":"Ain Mellouk","wilayaCode":43,"code":4305},"geometry":{"type":"Polygon","coordinates":[[[6.246784714454964,36.2755],[6.212642357227482,36.316895408185715],[6.144357642772517,36.316895408185715],[6.110215285545035,36.2755],[6.144357642772517,36.23410459181429],[6.212642357227482,36.23410459181429],[6.246784714454964,36.2755]]]}},{"type":"Feature","properties":{"nameAr":"أولاد اخلوف","nameFr":"Ouled Khalouf","wilayaCode":43,"code":4312},"geometry":{"type":"Polygon","coordinates":[[[6.1995619857430135,36.055556],[6.162280992871507,36.100756801667046],[6.087719007128493,36.100756801667046],[6.0504380142569865,36.055556],[6.087719007128493,36.01035519833296],[6.162280992871507,36.01035519833296],[6.1995619857430135,36.055556]]]}},{"type":"Feature","properties":{"nameAr":"بن يحي عبد الرحمن","nameFr":"Benyahia Abderrahmane","wilayaCode":43,"code":4309},"geometry":{"type":"Polygon","coordinates":[[[6.059557789670768,36.2329371],[6.032028894835384,36.26631411117177],[5.976971105164616,36.26631411117177],[5.949442210329233,36.2329371],[5.976971105164616,36.19956008882823],[6.032028894835384,36.19956008882823],[6.059557789670768,36.2329371]]]}},{"type":"Feature","properties":{"nameAr":"التلاغمة","nameFr":"Teleghma","wilayaCode":43,"code":4306},"geometry":{"type":"Polygon","coordinates":[[[6.428026660783963,36.1180204],[6.396096830391981,36.15673326196118],[6.332237169608019,36.15673326196118],[6.300307339216038,36.1180204],[6.332237169608019,36.07930753803882],[6.396096830391981,36.07930753803882],[6.428026660783963,36.1180204]]]}},{"type":"Feature","properties":{"nameAr":"وادي سقان","nameFr":"Oued Seguen","wilayaCode":43,"code":4307},"geometry":{"type":"Polygon","coordinates":[[[6.4763024234709174,36.170991],[6.448143711735459,36.20513162358105],[6.39182628826454,36.20513162358105],[6.363667576529082,36.170991],[6.39182628826454,36.13685037641895],[6.448143711735459,36.13685037641895],[6.4763024234709174,36.170991]]]}},{"type":"Feature","properties":{"nameAr":"وادي العثمانية","nameFr":"Oued Athmenia","wilayaCode":43,"code":4304},"geometry":{"type":"Polygon","coordinates":[[[6.403811477599752,36.249722],[6.373844988799876,36.28605443678808],[6.313912011200124,36.28605443678808],[6.283945522400248,36.249722],[6.313912011200124,36.21338956321192],[6.373844988799876,36.21338956321192],[6.403811477599752,36.249722]]]}},{"type":"Feature","properties":{"nameAr":"عين التين","nameFr":"Ain Tine","wilayaCode":43,"code":4325},"geometry":{"type":"Polygon","coordinates":[[[6.511238898215028,36.438056],[6.489531149107514,36.464375247060524],[6.446115650892486,36.464375247060524],[6.4244079017849725,36.438056],[6.446115650892486,36.41173675293948],[6.489531149107514,36.41173675293948],[6.511238898215028,36.438056]]]}},{"type":"Feature","properties":{"nameAr":"شلغوم العيد","nameFr":"Chelghoum Laid","wilayaCode":43,"code":4303},"geometry":{"type":"Polygon","coordinates":[[[6.671839424250739,36.1629822],[6.64425321212537,36.196428704692664],[6.58908078787463,36.196428704692664],[6.56149457574926,36.1629822],[6.58908078787463,36.12953569530734],[6.64425321212537,36.12953569530734],[6.671839424250739,36.1629822]]]}},{"type":"Feature","properties":{"nameAr":"يحي بني قشة","nameFr":"Yahia Beniguecha","wilayaCode":43,"code":4331},"geometry":{"type":"Polygon","coordinates":[[[5.63246640604296,36.235278],[5.61262220302148,36.25933781750824],[5.57293379697852,36.25933781750824],[5.55308959395704,36.235278],[5.57293379697852,36.21121818249176],[5.61262220302148,36.21121818249176],[5.63246640604296,36.235278]]]}},{"type":"Feature","properties":{"nameAr":"فرجيوة","nameFr":"Ferdjioua","wilayaCode":43,"code":4302},"geometry":{"type":"Polygon","coordinates":[[[5.979972609403172,36.4073812],[5.960966454701586,36.43042493791977],[5.922954145298414,36.43042493791977],[5.903947990596827,36.4073812],[5.922954145298413,36.38433746208024],[5.960966454701586,36.38433746208024],[5.979972609403172,36.4073812]]]}},{"type":"Feature","properties":{"nameAr":"سيدي خليفة","nameFr":"Sidi Khelifa","wilayaCode":43,"code":4327},"geometry":{"type":"Polygon","coordinates":[[[6.359594483591598,36.34969],[6.329988741795799,36.38558505429027],[6.270777258204201,36.38558505429027],[6.241171516408402,36.34969],[6.270777258204201,36.31379494570974],[6.329988741795799,36.31379494570974],[6.359594483591598,36.34969]]]}},{"type":"Feature","properties":{"nameAr":"ميلة","nameFr":"Mila","wilayaCode":43,"code":4301},"geometry":{"type":"Polygon","coordinates":[[[6.3036743211209885,36.4503],[6.284037160560494,36.474108791865014],[6.244762839439506,36.474108791865014],[6.225125678879012,36.4503],[6.244762839439506,36.42649120813498],[6.284037160560494,36.42649120813498],[6.3036743211209885,36.4503]]]}},{"type":"Feature","properties":{"nameAr":"بوحاتم","nameFr":"Bouhatem","wilayaCode":43,"code":4314},"geometry":{"type":"Polygon","coordinates":[[[6.063422298424555,36.303889],[6.038794499212278,36.333748619659985],[5.989538900787721,36.333748619659985],[5.964911101575444,36.303889],[5.989538900787721,36.27402938034001],[6.038794499212278,36.27402938034001],[6.063422298424555,36.303889]]]}},{"type":"Feature","properties":{"nameAr":"خميس مليانة","nameFr":"Khemis-Miliana","wilayaCode":44,"code":4404},"geometry":{"type":"Polygon","coordinates":[[[2.2476277042837602,36.261],[2.23389735214188,36.27764716726089],[2.20643664785812,36.27764716726089],[2.1927062957162398,36.261],[2.20643664785812,36.24435283273912],[2.23389735214188,36.24435283273912],[2.2476277042837602,36.261]]]}},{"type":"Feature","properties":{"nameAr":"سيدي الأخضر","nameFr":"Sidi-Lakhdar","wilayaCode":44,"code":4424},"geometry":{"type":"Polygon","coordinates":[[[2.1902022241953896,36.265278],[2.1759346120976946,36.28257656033912],[2.1473993879023054,36.28257656033912],[2.1331317758046104,36.265278],[2.1473993879023054,36.24797943966088],[2.1759346120976946,36.24797943966088],[2.1902022241953896,36.265278]]]}},{"type":"Feature","properties":{"nameAr":"عين البنيان","nameFr":"Ain-Benian","wilayaCode":44,"code":4426},"geometry":{"type":"Polygon","coordinates":[[[2.46508114167712,36.3536111],[2.4464477708385597,36.376202861506066],[2.40918102916144,36.376202861506066],[2.39054765832288,36.3536111],[2.40918102916144,36.33101933849394],[2.4464477708385597,36.33101933849394],[2.46508114167712,36.3536111]]]}},{"type":"Feature","properties":{"nameAr":"عين التركي","nameFr":"Ain-Torki","wilayaCode":44,"code":4423},"geometry":{"type":"Polygon","coordinates":[[[2.343647206358169,36.3327778],[2.3225181031790845,36.35839547615718],[2.2802598968209153,36.35839547615718],[2.259130793641831,36.3327778],[2.2802598968209153,36.30716012384283],[2.3225181031790845,36.30716012384283],[2.343647206358169,36.3327778]]]}},{"type":"Feature","properties":{"nameAr":"حمام ريغة","nameFr":"Hammam-Righa","wilayaCode":44,"code":4405},"geometry":{"type":"Polygon","coordinates":[[[2.432751067338025,36.3915345],[2.414184533669012,36.414045225744616],[2.3770514663309874,36.414045225744616],[2.3584849326619746,36.3915345],[2.3770514663309874,36.36902377425538],[2.414184533669012,36.36902377425538],[2.432751067338025,36.3915345]]]}},{"type":"Feature","properties":{"nameAr":"بوراشد","nameFr":"Bourached","wilayaCode":44,"code":4409},"geometry":{"type":"Polygon","coordinates":[[[1.9824773187660638,36.1765],[1.958288659383032,36.20582719091287],[1.9099113406169679,36.20582719091287],[1.885722681233936,36.1765],[1.9099113406169679,36.147172809087124],[1.958288659383032,36.147172809087124],[1.9824773187660638,36.1765]]]}},{"type":"Feature","properties":{"nameAr":"الحسينية","nameFr":"Hoceinia","wilayaCode":44,"code":4427},"geometry":{"type":"Polygon","coordinates":[[[2.4375784434833987,36.316667],[2.418789221741699,36.339447720683914],[2.3812107782583007,36.339447720683914],[2.362421556516601,36.316667],[2.3812107782583007,36.29388627931609],[2.418789221741699,36.29388627931609],[2.4375784434833987,36.316667]]]}},{"type":"Feature","properties":{"nameAr":"جليدة","nameFr":"Djelida","wilayaCode":44,"code":4407},"geometry":{"type":"Polygon","coordinates":[[[2.1326177719302795,36.2],[2.10797555246514,36.22987710328742],[2.0586911135348602,36.22987710328742],[2.034048894069721,36.2],[2.0586911135348602,36.170122896712584],[2.10797555246514,36.170122896712584],[2.1326177719302795,36.2]]]}},{"type":"Feature","properties":{"nameAr":"عريب","nameFr":"Arib","wilayaCode":44,"code":4406},"geometry":{"type":"Polygon","coordinates":[[[2.1633908841214438,36.2919441],[2.1485009420607217,36.30999719531965],[2.1187210579392786,36.30999719531965],[2.1038311158785565,36.2919441],[2.1187210579392786,36.27389100468035],[2.1485009420607217,36.27389100468035],[2.1633908841214438,36.2919441]]]}},{"type":"Feature","properties":{"nameAr":"جمعة أولاد الشيخ","nameFr":"Djemaa Ouled Cheikh","wilayaCode":44,"code":4429},"geometry":{"type":"Polygon","coordinates":[[[2.063529405794301,36.0786],[2.0342647028971506,36.11408156660039],[1.9757352971028492,36.11408156660039],[1.9464705942056986,36.0786],[1.9757352971028492,36.04311843339961],[2.0342647028971506,36.04311843339961],[2.063529405794301,36.0786]]]}},{"type":"Feature","properties":{"nameAr":"العامرة","nameFr":"El-Amra","wilayaCode":44,"code":4408},"geometry":{"type":"Polygon","coordinates":[[[1.8924186591942955,36.30693],[1.8702893295971477,36.33376038623979],[1.8260306704028524,36.33376038623979],[1.8039013408057045,36.30693],[1.8260306704028522,36.280099613760214],[1.8702893295971477,36.280099613760214],[1.8924186591942955,36.30693]]]}},{"type":"Feature","properties":{"nameAr":"العطاف","nameFr":"El-Attaf","wilayaCode":44,"code":4410},"geometry":{"type":"Polygon","coordinates":[[[1.715599125736676,36.22393],[1.693799562868338,36.25036056532953],[1.6502004371316619,36.25036056532953],[1.6284008742633238,36.22393],[1.6502004371316619,36.197499434670476],[1.693799562868338,36.197499434670476],[1.715599125736676,36.22393]]]}},{"type":"Feature","properties":{"nameAr":"تبركانين","nameFr":"Tiberkanine","wilayaCode":44,"code":4435},"geometry":{"type":"Polygon","coordinates":[[[1.6697662295472004,36.216667],[1.6484941147736,36.24245806850062],[1.6059498852263998,36.24245806850062],[1.5846777704527995,36.216667],[1.6059498852263998,36.190875931499384],[1.6484941147736,36.190875931499384],[1.6697662295472004,36.216667]]]}},{"type":"Feature","properties":{"nameAr":"عين بويحيى","nameFr":"Ain-Bouyahia","wilayaCode":44,"code":4433},"geometry":{"type":"Polygon","coordinates":[[[1.8189947858636628,36.3150386],[1.7961756929318313,36.3427052798384],[1.7505375070681688,36.3427052798384],[1.7277184141363373,36.3150386],[1.7505375070681688,36.287371920161604],[1.7961756929318313,36.287371920161604],[1.8189947858636628,36.3150386]]]}},{"type":"Feature","properties":{"nameAr":"العبادية","nameFr":"El-Abadia","wilayaCode":44,"code":4411},"geometry":{"type":"Polygon","coordinates":[[[1.732040928988732,36.2706026],[1.708742064494366,36.29885097194403],[1.6621443355056338,36.29885097194403],[1.6388454710112679,36.2706026],[1.6621443355056338,36.242354228055966],[1.708742064494366,36.242354228055966],[1.732040928988732,36.2706026]]]}},{"type":"Feature","properties":{"nameAr":"تاشتة زقاغة","nameFr":"Tacheta Zegagha","wilayaCode":44,"code":4432},"geometry":{"type":"Polygon","coordinates":[[[1.9430821810185568,36.355833],[1.9159855905092784,36.388685870031765],[1.8617924094907217,36.388685870031765],[1.8346958189814433,36.355833],[1.8617924094907217,36.32298012996823],[1.9159855905092784,36.32298012996823],[1.9430821810185568,36.355833]]]}},{"type":"Feature","properties":{"nameAr":"بربوش","nameFr":"Birbouche","wilayaCode":44,"code":4428},"geometry":{"type":"Polygon","coordinates":[[[2.2844680060039066,36.216667],[2.2687620030019535,36.23570951662825],[2.2373499969980464,36.23570951662825],[2.2216439939960932,36.216667],[2.2373499969980464,36.197624483371754],[2.2687620030019535,36.197624483371754],[2.2844680060039066,36.216667]]]}},{"type":"Feature","properties":{"nameAr":"جندل","nameFr":"Djendel","wilayaCode":44,"code":4412},"geometry":{"type":"Polygon","coordinates":[[[2.4609891776694366,36.218611],[2.4373445888347183,36.24727854043007],[2.3900554111652816,36.24727854043007],[2.3664108223305633,36.218611],[2.3900554111652816,36.18994345956994],[2.4373445888347183,36.18994345956994],[2.4609891776694366,36.218611]]]}},{"type":"Feature","properties":{"nameAr":"بن علال","nameFr":"Ben Allal","wilayaCode":44,"code":4425},"geometry":{"type":"Polygon","coordinates":[[[2.1915617694176275,36.311111],[2.1777808847088136,36.32781943474224],[2.1502191152911867,36.32781943474224],[2.136438230582373,36.311111],[2.1502191152911867,36.294402565257755],[2.1777808847088136,36.294402565257755],[2.1915617694176275,36.311111]]]}},{"type":"Feature","properties":{"nameAr":"وادي الشرفاء","nameFr":"Oued Chorfa","wilayaCode":44,"code":4413},"geometry":{"type":"Polygon","coordinates":[[[2.5662777697466903,36.2],[2.5414723848733454,36.23007493083136],[2.491861615126655,36.23007493083136],[2.4670562302533097,36.2],[2.4918616151266546,36.16992506916865],[2.5414723848733454,36.16992506916865],[2.5662777697466903,36.2]]]}},{"type":"Feature","properties":{"nameAr":"بومدفع","nameFr":"Boumedfaa","wilayaCode":44,"code":4403},"geometry":{"type":"Polygon","coordinates":[[[2.514763319027397,36.370278],[2.495576659513698,36.393540588373675],[2.4572033404863016,36.393540588373675],[2.438016680972603,36.370278],[2.4572033404863016,36.34701541162632],[2.495576659513698,36.34701541162632],[2.514763319027397,36.370278]]]}},{"type":"Feature","properties":{"nameAr":"عين الاشياخ","nameFr":"Ain-Lechiakh","wilayaCode":44,"code":4414},"geometry":{"type":"Polygon","coordinates":[[[2.459015650050148,36.15694444],[2.431591325025074,36.190194667014694],[2.3767426749749263,36.190194667014694],[2.3493183499498524,36.15694444],[2.3767426749749263,36.1236942129853],[2.431591325025074,36.1236942129853],[2.459015650050148,36.15694444]]]}},{"type":"Feature","properties":{"nameAr":"عين السلطان","nameFr":"Ain-Soltane","wilayaCode":44,"code":4420},"geometry":{"type":"Polygon","coordinates":[[[2.3333619792257165,36.2483226],[2.315342339612858,36.270170251940485],[2.279303060387142,36.270170251940485],[2.2612834207742836,36.2483226],[2.279303060387142,36.22647494805952],[2.315342339612858,36.22647494805952],[2.3333619792257165,36.2483226]]]}},{"type":"Feature","properties":{"nameAr":"واد الجمعة","nameFr":"Oued Djemaa","wilayaCode":44,"code":4415},"geometry":{"type":"Polygon","coordinates":[[[2.3622977816364976,36.066667],[2.3311488908182487,36.10443302304764],[2.268851109181751,36.10443302304764],[2.237702218363502,36.066667],[2.268851109181751,36.028900976952364],[2.3311488908182487,36.028900976952364],[2.3622977816364976,36.066667]]]}},{"type":"Feature","properties":{"nameAr":"الماين","nameFr":"El-Maine","wilayaCode":44,"code":4434},"geometry":{"type":"Polygon","coordinates":[[[1.8066562928651633,36.145],[1.7824946464325817,36.174294439451025],[1.7341713535674181,36.174294439451025],[1.7100097071348366,36.145],[1.7341713535674181,36.11570556054898],[1.7824946464325817,36.11570556054898],[1.8066562928651633,36.145]]]}},{"type":"Feature","properties":{"nameAr":"الروينة","nameFr":"Rouina","wilayaCode":44,"code":4416},"geometry":{"type":"Polygon","coordinates":[[[1.8598298434824945,36.25],[1.8382484217412471,36.27616608326879],[1.795085578258753,36.27616608326879],[1.7735041565175056,36.25],[1.795085578258753,36.22383391673121],[1.8382484217412471,36.22383391673121],[1.8598298434824945,36.25]]]}},{"type":"Feature","properties":{"nameAr":"زدين","nameFr":"Zeddine","wilayaCode":44,"code":4417},"geometry":{"type":"Polygon","coordinates":[[[1.8931791358236751,36.163889],[1.8715895679118377,36.19006495997573],[1.8284104320881627,36.19006495997573],[1.806820864176325,36.163889],[1.8284104320881625,36.137713040024266],[1.8715895679118377,36.137713040024266],[1.8931791358236751,36.163889]]]}},{"type":"Feature","properties":{"nameAr":"بئر ولد خليفة","nameFr":"Bir-Ould-Khelifa","wilayaCode":44,"code":4419},"geometry":{"type":"Polygon","coordinates":[[[2.266620008315953,36.183333],[2.2499766541579764,36.20351199450698],[2.2166899458420235,36.20351199450698],[2.200046591684047,36.183333],[2.2166899458420235,36.16315400549301],[2.2499766541579764,36.16315400549301],[2.266620008315953,36.183333]]]}},{"type":"Feature","properties":{"nameAr":"برج الأمير خالد","nameFr":"Bordj-Emir-Khaled","wilayaCode":44,"code":4422},"geometry":{"type":"Polygon","coordinates":[[[2.24954763801522,36.1222],[2.2275738190076098,36.148841839670254],[2.1836261809923903,36.148841839670254],[2.16165236198478,36.1222],[2.1836261809923903,36.095558160329745],[2.2275738190076098,36.095558160329745],[2.24954763801522,36.1222]]]}},{"type":"Feature","properties":{"nameAr":"طارق بن زياد","nameFr":"Tarik-Ibn-Ziad","wilayaCode":44,"code":4421},"geometry":{"type":"Polygon","coordinates":[[[2.1929377933684573,36.147222],[2.1714688966842286,36.17325165388767],[2.1285311033157712,36.17325165388767],[2.1070622066315425,36.147222],[2.1285311033157712,36.12119234611233],[2.1714688966842286,36.12119234611233],[2.1929377933684573,36.147222]]]}},{"type":"Feature","properties":{"nameAr":"بطحية","nameFr":"Bathia","wilayaCode":44,"code":4431},"geometry":{"type":"Polygon","coordinates":[[[1.84138623433289,36.0333333],[1.812241767166445,36.06866908852427],[1.7539528328335552,36.06866908852427],[1.7248083656671103,36.0333333],[1.7539528328335552,35.99799751147574],[1.812241767166445,35.99799751147574],[1.84138623433289,36.0333333]]]}},{"type":"Feature","properties":{"nameAr":"بلعاص","nameFr":"Belaas","wilayaCode":44,"code":4436},"geometry":{"type":"Polygon","coordinates":[[[1.8947510028675123,36.10778],[1.8729755014337561,36.13418139239049],[1.8294244985662438,36.13418139239049],[1.8076489971324876,36.10778],[1.8294244985662438,36.08137860760951],[1.8729755014337561,36.08137860760951],[1.8947510028675123,36.10778]]]}},{"type":"Feature","properties":{"nameAr":"الحسانية","nameFr":"Hassania","wilayaCode":44,"code":4418},"geometry":{"type":"Polygon","coordinates":[[[1.9914710451854993,36.0333333],[1.9625410225927498,36.068409088296335],[1.9046809774072502,36.068409088296335],[1.8757509548145006,36.0333333],[1.9046809774072502,35.99825751170367],[1.9625410225927498,35.99825751170367],[1.9914710451854993,36.0333333]]]}},{"type":"Feature","properties":{"nameAr":"عين الدفلى","nameFr":"Ain-Defla","wilayaCode":44,"code":4401},"geometry":{"type":"Polygon","coordinates":[[[2.025519663766761,36.2652],[1.9979098318833806,36.298675142127315],[1.9426901681166193,36.298675142127315],[1.9150803362332385,36.2652],[1.942690168116619,36.231724857872685],[1.9979098318833806,36.231724857872685],[2.025519663766761,36.2652]]]}},{"type":"Feature","properties":{"nameAr":"مليانة","nameFr":"Miliana","wilayaCode":44,"code":4402},"geometry":{"type":"Polygon","coordinates":[[[2.2639577599036387,36.3055],[2.2482744799518195,36.32451496639412],[2.2169079200481803,36.32451496639412],[2.201224640096361,36.3055],[2.2169079200481803,36.286485033605885],[2.2482744799518195,36.286485033605885],[2.2639577599036387,36.3055]]]}},{"type":"Feature","properties":{"nameAr":"المخاطرية","nameFr":"Mekhatria","wilayaCode":44,"code":4430},"geometry":{"type":"Polygon","coordinates":[[[2.1835936098595634,36.3446556],[2.1648523049297816,36.36737822463697],[2.127369695070218,36.36737822463697],[2.1086283901404363,36.3446556],[2.127369695070218,36.32193297536303],[2.1648523049297816,36.32193297536303],[2.1835936098595634,36.3446556]]]}},{"type":"Feature","properties":{"nameAr":"تيوت","nameFr":"Tiout","wilayaCode":45,"code":4504},"geometry":{"type":"Polygon","coordinates":[[[-0.25554003223074856,32.7667],[-0.33610351611537426,32.86437803312605],[-0.4972304838846257,32.86437803312605],[-0.5777939677692514,32.7667],[-0.4972304838846258,32.66902196687395],[-0.33610351611537426,32.66902196687395],[-0.25554003223074856,32.7667]]]}},{"type":"Feature","properties":{"nameAr":"مغرار","nameFr":"Moghrar","wilayaCode":45,"code":4506},"geometry":{"type":"Polygon","coordinates":[[[-0.4077782933118439,32.51229],[-0.49796914665592196,32.621640598258956],[-0.6783508533440781,32.621640598258956],[-0.7685417066881561,32.51229],[-0.6783508533440782,32.402939401741044],[-0.49796914665592196,32.402939401741044],[-0.4077782933118439,32.51229]]]}},{"type":"Feature","properties":{"nameAr":"عسلة","nameFr":"Asla","wilayaCode":45,"code":4507},"geometry":{"type":"Polygon","coordinates":[[[0.09932521029691742,33.016667],[0.007995938648458725,33.127397857099375],[-0.17466260464845867,33.127397857099375],[-0.2659918762969174,33.016667],[-0.17466260464845879,32.90593614290062],[0.007995938648458725,32.90593614290062],[0.09932521029691742,33.016667]]]}},{"type":"Feature","properties":{"nameAr":"القصدير","nameFr":"Kasdir","wilayaCode":45,"code":4511},"geometry":{"type":"Polygon","coordinates":[[[-1.0437192800347581,33.709722],[-1.201026140017379,33.90044643170832],[-1.5156398599826209,33.90044643170832],[-1.672946719965242,33.709722],[-1.515639859982621,33.51899756829168],[-1.201026140017379,33.51899756829168],[-1.0437192800347581,33.709722]]]}},{"type":"Feature","properties":{"nameAr":"مكمن بن عمار","nameFr":"Makmen Ben Amar","wilayaCode":45,"code":4510},"geometry":{"type":"Polygon","coordinates":[[[-0.4895832345350213,33.7189056],[-0.6083655672675106,33.862921524733956],[-0.8459302327324892,33.862921524733956],[-0.9647125654649786,33.7189056],[-0.8459302327324894,33.57488967526604],[-0.6083655672675106,33.57488967526604],[-0.4895832345350213,33.7189056]]]}},{"type":"Feature","properties":{"nameAr":"عين الصفراء","nameFr":"Ain Sefra","wilayaCode":45,"code":4503},"geometry":{"type":"Polygon","coordinates":[[[-0.42463815612940725,32.75],[-0.5039690780647037,32.84618363118225],[-0.6626309219352964,32.84618363118225],[-0.7419618438705928,32.75],[-0.6626309219352965,32.65381636881775],[-0.5039690780647037,32.65381636881775],[-0.42463815612940725,32.75]]]}},{"type":"Feature","properties":{"nameAr":"المشرية","nameFr":"Mecheria","wilayaCode":45,"code":4502},"geometry":{"type":"Polygon","coordinates":[[[-0.09284663486180819,33.54453],[-0.18702331743090406,33.658713159368574],[-0.37537668256909584,33.658713159368574],[-0.4695533651381918,33.54453],[-0.375376682569096,33.43034684063143],[-0.18702331743090406,33.43034684063143],[-0.09284663486180819,33.54453]]]}},{"type":"Feature","properties":{"nameAr":"البيوض","nameFr":"El Biodh","wilayaCode":45,"code":4512},"geometry":{"type":"Polygon","coordinates":[[[0.05231428653255055,33.7636135],[-0.040509356733724716,33.876156186396585],[-0.22615664326627524,33.876156186396585],[-0.31898028653255056,33.7636135],[-0.22615664326627538,33.65107081360341],[-0.040509356733724716,33.65107081360341],[0.05231428653255055,33.7636135]]]}},{"type":"Feature","properties":{"nameAr":"عين بن خليل","nameFr":"Ain Ben Khelil","wilayaCode":45,"code":4509},"geometry":{"type":"Polygon","coordinates":[[[-0.5407127452514899,33.29027778],[-0.652300872625745,33.42557119429357],[-0.875477127374255,33.42557119429357],[-0.9870652547485101,33.29027778],[-0.8754771273742552,33.154984365706426],[-0.652300872625745,33.154984365706426],[-0.5407127452514899,33.29027778]]]}},{"type":"Feature","properties":{"nameAr":"النعامة","nameFr":"Naama","wilayaCode":45,"code":4501},"geometry":{"type":"Polygon","coordinates":[[[-0.13230413258418128,33.2667],[-0.22450206629209063,33.37848405387447],[-0.4088979337079093,33.37848405387447],[-0.5010958674158187,33.2667],[-0.4088979337079094,33.15491594612553],[-0.22450206629209063,33.15491594612553],[-0.13230413258418128,33.2667]]]}},{"type":"Feature","properties":{"nameAr":"جنين بورزق","nameFr":"Djenienne Bourezg","wilayaCode":45,"code":4508},"geometry":{"type":"Polygon","coordinates":[[[-0.5883756678932847,32.3709321],[-0.6965478279466423,32.50208387402382],[-0.9128921480533576,32.50208387402382],[-1.0210643081067152,32.3709321],[-0.9128921480533577,32.23978032597618],[-0.6965478279466423,32.23978032597618],[-0.5883756678932847,32.3709321]]]}},{"type":"Feature","properties":{"nameAr":"سفيسيفة","nameFr":"Sfissifa","wilayaCode":45,"code":4505},"geometry":{"type":"Polygon","coordinates":[[[-0.6729346708401955,32.733333],[-0.7709118354200977,32.85212399892375],[-0.9668661645799023,32.85212399892375],[-1.0648433291598045,32.733333],[-0.9668661645799024,32.61454200107625],[-0.7709118354200977,32.61454200107625],[-0.6729346708401955,32.733333]]]}},{"type":"Feature","properties":{"nameAr":"سيدي بومدين","nameFr":"Sidi Boumediene","wilayaCode":46,"code":4615},"geometry":{"type":"Polygon","coordinates":[[[-0.8482524312538297,35.354167],[-0.8706539956269148,35.38132745336424],[-0.9154571243730851,35.38132745336424],[-0.9378586887461703,35.354167],[-0.9154571243730851,35.32700654663575],[-0.8706539956269148,35.32700654663575],[-0.8482524312538297,35.354167]]]}},{"type":"Feature","properties":{"nameAr":"تامزورة","nameFr":"Tamzoura","wilayaCode":46,"code":4610},"geometry":{"type":"Polygon","coordinates":[[[-0.5913882806322577,35.40889],[-0.6253741403161288,35.45009566499796],[-0.6933458596838711,35.45009566499796],[-0.7273317193677422,35.40889],[-0.6933458596838711,35.36768433500204],[-0.6253741403161288,35.36768433500204],[-0.5913882806322577,35.40889]]]}},{"type":"Feature","properties":{"nameAr":"شعبة اللحم","nameFr":"Chaabat El Ham","wilayaCode":46,"code":4602},"geometry":{"type":"Polygon","coordinates":[[[-1.065518713659527,35.33619],[-1.0835093568297636,35.35800249562219],[-1.1194906431702363,35.35800249562219],[-1.1374812863404729,35.33619],[-1.1194906431702365,35.314377504377816],[-1.0835093568297636,35.314377504377816],[-1.065518713659527,35.33619]]]}},{"type":"Feature","properties":{"nameAr":"المالح","nameFr":"El Maleh","wilayaCode":46,"code":4614},"geometry":{"type":"Polygon","coordinates":[[[-1.0553852260434213,35.388333],[-1.0749146130217107,35.41201112334095],[-1.1139733869782893,35.41201112334095],[-1.1335027739565786,35.388333],[-1.1139733869782893,35.36465487665905],[-1.0749146130217107,35.36465487665905],[-1.0553852260434213,35.388333]]]}},{"type":"Feature","properties":{"nameAr":"أولاد الكيحل","nameFr":"Ouled Kihal","wilayaCode":46,"code":4603},"geometry":{"type":"Polygon","coordinates":[[[-1.190951669903313,35.37],[-1.2132758349516564,35.3970666116702],[-1.2579241650483437,35.3970666116702],[-1.2802483300966871,35.37],[-1.2579241650483437,35.3429333883298],[-1.2132758349516564,35.3429333883298],[-1.190951669903313,35.37]]]}},{"type":"Feature","properties":{"nameAr":"شنتوف","nameFr":"Chentouf","wilayaCode":46,"code":4611},"geometry":{"type":"Polygon","coordinates":[[[-0.9927863536552487,35.2917711],[-1.0111151768276243,35.31399361708425],[-1.0477728231723757,35.31399361708425],[-1.0661016463447515,35.2917711],[-1.0477728231723757,35.269548582915746],[-1.0111151768276243,35.269548582915746],[-0.9927863536552487,35.2917711]]]}},{"type":"Feature","properties":{"nameAr":"تارقة","nameFr":"Terga","wilayaCode":46,"code":4608},"geometry":{"type":"Polygon","coordinates":[[[-1.1387882677520336,35.416667],[-1.1589941338760168,35.44116531071637],[-1.1994058661239833,35.44116531071637],[-1.2196117322479665,35.416667],[-1.1994058661239833,35.39216868928362],[-1.1589941338760168,35.39216868928362],[-1.1387882677520336,35.416667]]]}},{"type":"Feature","properties":{"nameAr":"وادي الصباح","nameFr":"Oued Sebbah","wilayaCode":46,"code":4616},"geometry":{"type":"Polygon","coordinates":[[[-0.7579011376746074,35.3725],[-0.7846450688373038,35.404925293297545],[-0.8381329311626963,35.404925293297545],[-0.8648768623253926,35.3725],[-0.8381329311626964,35.34007470670246],[-0.7846450688373038,35.34007470670246],[-0.7579011376746074,35.3725]]]}},{"type":"Feature","properties":{"nameAr":"العامرية","nameFr":"El Amria","wilayaCode":46,"code":4619},"geometry":{"type":"Polygon","coordinates":[[[-0.9647866929435143,35.524726],[-0.9903933464717571,35.555772417445915],[-1.0416066535282429,35.555772417445915],[-1.0672133070564858,35.524726],[-1.0416066535282429,35.49367958255409],[-0.9903933464717571,35.49367958255409],[-0.9647866929435143,35.524726]]]}},{"type":"Feature","properties":{"nameAr":"حاسي الغلة","nameFr":"Hassi El Ghella","wilayaCode":46,"code":4620},"geometry":{"type":"Polygon","coordinates":[[[-1.0052037230631419,35.45],[-1.027601861531571,35.4771562996756],[-1.0723981384684291,35.4771562996756],[-1.0947962769368582,35.45],[-1.0723981384684291,35.42284370032441],[-1.027601861531571,35.42284370032441],[-1.0052037230631419,35.45]]]}},{"type":"Feature","properties":{"nameAr":"أولاد بوجمعة","nameFr":"Ouled Boudjemaa","wilayaCode":46,"code":4617},"geometry":{"type":"Polygon","coordinates":[[[-1.1452684368832322,35.47306],[-1.168967718441616,35.5017938518334],[-1.2163662815583838,35.5017938518334],[-1.2400655631167676,35.47306],[-1.2163662815583838,35.444326148166596],[-1.168967718441616,35.444326148166596],[-1.1452684368832322,35.47306]]]}},{"type":"Feature","properties":{"nameAr":"أغلال","nameFr":"Aghlal","wilayaCode":46,"code":4607},"geometry":{"type":"Polygon","coordinates":[[[-1.024371869246364,35.2],[-1.046769434623182,35.22715560483895],[-1.091564565376818,35.22715560483895],[-1.113962130753636,35.2],[-1.091564565376818,35.17284439516106],[-1.046769434623182,35.17284439516106],[-1.024371869246364,35.2]]]}},{"type":"Feature","properties":{"nameAr":"عين الكيحل","nameFr":"Ain Kihal","wilayaCode":46,"code":4622},"geometry":{"type":"Polygon","coordinates":[[[-1.149253772340104,35.204444],[-1.172682386170052,35.23284968465307],[-1.219539613829948,35.23284968465307],[-1.242968227659896,35.204444],[-1.219539613829948,35.176038315346936],[-1.172682386170052,35.176038315346936],[-1.149253772340104,35.204444]]]}},{"type":"Feature","properties":{"nameAr":"عين الطلبة","nameFr":"Ain Tolba","wilayaCode":46,"code":4618},"geometry":{"type":"Polygon","coordinates":[[[-1.2077817294813011,35.24893],[-1.2291358647406505,35.27482051305463],[-1.2718441352593495,35.27482051305463],[-1.293198270518699,35.24893],[-1.2718441352593497,35.223039486945375],[-1.2291358647406505,35.223039486945375],[-1.2077817294813011,35.24893]]]}},{"type":"Feature","properties":{"nameAr":"عقب الليل","nameFr":"Aoubellil","wilayaCode":46,"code":4613},"geometry":{"type":"Polygon","coordinates":[[[-0.9459167996564295,35.1373],[-0.9692458998282147,35.16558503075468],[-1.0159041001717852,35.16558503075468],[-1.0392332003435705,35.1373],[-1.0159041001717852,35.10901496924533],[-0.9692458998282147,35.10901496924533],[-0.9459167996564295,35.1373]]]}},{"type":"Feature","properties":{"nameAr":"بني صاف","nameFr":"Beni Saf","wilayaCode":46,"code":4623},"geometry":{"type":"Polygon","coordinates":[[[-1.3302248694860326,35.3004743],[-1.3561304347430163,35.33188312865672],[-1.4079415652569838,35.33188312865672],[-1.4338471305139675,35.3004743],[-1.4079415652569838,35.269065471343275],[-1.3561304347430163,35.269065471343275],[-1.3302248694860326,35.3004743]]]}},{"type":"Feature","properties":{"nameAr":"الحساسنة","nameFr":"Hassasna","wilayaCode":46,"code":4621},"geometry":{"type":"Polygon","coordinates":[[[-0.9473463325505095,35.272222],[-0.9672841662752547,35.29639533870288],[-1.0071598337247454,35.29639533870288],[-1.0270976674494907,35.272222],[-1.0071598337247454,35.24804866129712],[-0.9672841662752547,35.24804866129712],[-0.9473463325505095,35.272222]]]}},{"type":"Feature","properties":{"nameAr":"الأمير عبد القادر","nameFr":"Emir Abdelkader","wilayaCode":46,"code":4627},"geometry":{"type":"Polygon","coordinates":[[[-1.3590174045254289,35.224444],[-1.3811753687627144,35.25130910389589],[-1.4254912972372855,35.25130910389589],[-1.447649261474571,35.224444],[-1.4254912972372855,35.197578896104105],[-1.3811753687627144,35.197578896104105],[-1.3590174045254289,35.224444]]]}},{"type":"Feature","properties":{"nameAr":"سيدي صافي","nameFr":"Sidi Safi","wilayaCode":46,"code":4624},"geometry":{"type":"Polygon","coordinates":[[[-1.2692396777844397,35.28123],[-1.29128633889222,35.30796015602315],[-1.3353796611077802,35.30796015602315],[-1.3574263222155605,35.28123],[-1.3353796611077804,35.25449984397685],[-1.29128633889222,35.25449984397685],[-1.2692396777844397,35.28123]]]}},{"type":"Feature","properties":{"nameAr":"ولهاصة الغرابة","nameFr":"Oulhaca El Gheraba","wilayaCode":46,"code":4625},"geometry":{"type":"Polygon","coordinates":[[[-1.4567036713415609,35.233056],[-1.4805738356707803,35.26199703618226],[-1.5283141643292193,35.26199703618226],[-1.552184328658439,35.233056],[-1.5283141643292195,35.20411496381774],[-1.4805738356707803,35.20411496381774],[-1.4567036713415609,35.233056]]]}},{"type":"Feature","properties":{"nameAr":"سيدي ورياش","nameFr":"Sidi Ouriache","wilayaCode":46,"code":4626},"geometry":{"type":"Polygon","coordinates":[[[-1.4661089213811058,35.1862547],[-1.487434710690553,35.21211084541683],[-1.530086289309447,35.21211084541683],[-1.551412078618894,35.1862547],[-1.530086289309447,35.16039855458317],[-1.487434710690553,35.16039855458317],[-1.4661089213811058,35.1862547]]]}},{"type":"Feature","properties":{"nameAr":"عين الأربعاء","nameFr":"Ain El Arbaa","wilayaCode":46,"code":4609},"geometry":{"type":"Polygon","coordinates":[[[-0.829605479782511,35.4075],[-0.8556362398912555,35.439060619347586],[-0.9076977601087445,35.439060619347586],[-0.933728520217489,35.4075],[-0.9076977601087445,35.37593938065241],[-0.8556362398912555,35.37593938065241],[-0.829605479782511,35.4075]]]}},{"type":"Feature","properties":{"nameAr":"المساعيد","nameFr":"El Messaid","wilayaCode":46,"code":4628},"geometry":{"type":"Polygon","coordinates":[[[-1.076285557457672,35.541944],[-1.099169778728836,35.569689643753314],[-1.1449382212711643,35.569689643753314],[-1.1678224425423283,35.541944],[-1.1449382212711643,35.51419835624669],[-1.099169778728836,35.51419835624669],[-1.076285557457672,35.541944]]]}},{"type":"Feature","properties":{"nameAr":"وادي برقش","nameFr":"Oued Berkeche","wilayaCode":46,"code":4606},"geometry":{"type":"Polygon","coordinates":[[[-0.9424918066228642,35.222222],[-0.9630514033114321,35.24714918623341],[-1.004170596688568,35.24714918623341],[-1.0247301933771358,35.222222],[-1.004170596688568,35.1972948137666],[-0.9630514033114321,35.1972948137666],[-0.9424918066228642,35.222222]]]}},{"type":"Feature","properties":{"nameAr":"سيدي بن عدة","nameFr":"Sidi Ben Adda","wilayaCode":46,"code":4612},"geometry":{"type":"Polygon","coordinates":[[[-1.1466221562710008,35.3],[-1.1649777281355005,35.322254948149904],[-1.2016888718644994,35.322254948149904],[-1.220044443728999,35.3],[-1.2016888718644994,35.27774505185009],[-1.1649777281355005,35.27774505185009],[-1.1466221562710008,35.3]]]}},{"type":"Feature","properties":{"nameAr":"عين تموشنت","nameFr":"Ain Temouchent","wilayaCode":46,"code":4601},"geometry":{"type":"Polygon","coordinates":[[[-1.0960924213692604,35.297],[-1.1147127106846302,35.319575901002096],[-1.1519532893153697,35.319575901002096],[-1.1705735786307394,35.297],[-1.1519532893153697,35.2744240989979],[-1.1147127106846302,35.2744240989979],[-1.0960924213692604,35.297]]]}},{"type":"Feature","properties":{"nameAr":"بوزجار","nameFr":"Bouzedjar","wilayaCode":46,"code":4605},"geometry":{"type":"Polygon","coordinates":[[[-1.0529799059630904,35.57456],[-1.0786099529815454,35.60563478054544],[-1.1298700470184548,35.60563478054544],[-1.1555000940369098,35.57456],[-1.1298700470184548,35.54348521945456],[-1.0786099529815454,35.54348521945456],[-1.0529799059630904,35.57456]]]}},{"type":"Feature","properties":{"nameAr":"حمام بوحجر","nameFr":"Hammam Bou Hadjar","wilayaCode":46,"code":4604},"geometry":{"type":"Polygon","coordinates":[[[-0.9271754628451429,35.37889],[-0.9488317314225714,35.405146830234926],[-0.9921442685774287,35.405146830234926],[-1.0138005371548573,35.37889],[-0.9921442685774287,35.35263316976507],[-0.9488317314225714,35.35263316976507],[-0.9271754628451429,35.37889]]]}},{"type":"Feature","properties":{"nameAr":"ضاية بن ضحوة","nameFr":"Dhayet Bendhahoua","wilayaCode":47,"code":4707},"geometry":{"type":"Polygon","coordinates":[[[3.6989137815797153,32.536944],[3.652234890789858,32.59353914734229],[3.558877109210142,32.59353914734229],[3.5121982184202847,32.536944],[3.558877109210142,32.480348852657706],[3.652234890789858,32.480348852657706],[3.6989137815797153,32.536944]]]}},{"type":"Feature","properties":{"nameAr":"المنصورة","nameFr":"Mansoura","wilayaCode":47,"code":4713},"geometry":{"type":"Polygon","coordinates":[[[3.9167004576848266,31.979444],[3.8313367788424135,32.08294196021324],[3.660609421157587,32.08294196021324],[3.5752457423151736,31.979444],[3.6606094211575866,31.875946039786765],[3.8313367788424135,31.875946039786765],[3.9167004576848266,31.979444]]]}},{"type":"Feature","properties":{"nameAr":"العطف","nameFr":"El Atteuf","wilayaCode":47,"code":4712},"geometry":{"type":"Polygon","coordinates":[[[3.8334165690867152,32.4766504],[3.790648284543358,32.52850418924716],[3.705111715456642,32.52850418924716],[3.6623434309132845,32.4766504],[3.705111715456642,32.424796610752836],[3.790648284543358,32.424796610752836],[3.8334165690867152,32.4766504]]]}},{"type":"Feature","properties":{"nameAr":"بونورة","nameFr":"Bounoura","wilayaCode":47,"code":4710},"geometry":{"type":"Polygon","coordinates":[[[3.7861033272559306,32.4825],[3.746906663627965,32.53002342902358],[3.668513336372035,32.53002342902358],[3.6293166727440695,32.4825],[3.668513336372035,32.434976570976424],[3.746906663627965,32.434976570976424],[3.7861033272559306,32.4825]]]}},{"type":"Feature","properties":{"nameAr":"زلفانة","nameFr":"Zelfana","wilayaCode":47,"code":4708},"geometry":{"type":"Polygon","coordinates":[[[4.443559432960321,32.4],[4.330129716480161,32.53752622242224],[4.10327028351984,32.53752622242224],[3.989840567039679,32.4],[4.10327028351984,32.26247377757776],[4.330129716480161,32.26247377757776],[4.443559432960321,32.4]]]}},{"type":"Feature","properties":{"nameAr":"القرارة","nameFr":"El Guerrara","wilayaCode":47,"code":4702},"geometry":{"type":"Polygon","coordinates":[[[4.777801513069629,32.790278],[4.633044206534814,32.965786906779584],[4.3435295934651865,32.965786906779584],[4.198772286930372,32.790278],[4.343529593465186,32.61476909322042],[4.633044206534814,32.61476909322042],[4.777801513069629,32.790278]]]}},{"type":"Feature","properties":{"nameAr":"سبسب","nameFr":"Sebseb","wilayaCode":47,"code":4709},"geometry":{"type":"Polygon","coordinates":[[[3.7127542158290767,32.158333],[3.6508271079145387,32.23341562809165],[3.526972892085462,32.23341562809165],[3.4650457841709237,32.158333],[3.5269728920854617,32.08325037190835],[3.6508271079145387,32.08325037190835],[3.7127542158290767,32.158333]]]}},{"type":"Feature","properties":{"nameAr":"متليلي","nameFr":"Metlili","wilayaCode":47,"code":4705},"geometry":{"type":"Polygon","coordinates":[[[3.730208657746443,32.26667],[3.681769328873221,32.32539956508507],[3.5848906711267787,32.32539956508507],[3.536451342253557,32.26667],[3.5848906711267787,32.207940434914924],[3.681769328873221,32.207940434914924],[3.730208657746443,32.26667]]]}},{"type":"Feature","properties":{"nameAr":"بريان","nameFr":"Berriane","wilayaCode":47,"code":4704},"geometry":{"type":"Polygon","coordinates":[[[3.9395349790511873,32.82648],[3.8531009895255934,32.93127564295144],[3.6802330104744065,32.93127564295144],[3.5937990209488127,32.82648],[3.680233010474406,32.72168435704855],[3.8531009895255934,32.72168435704855],[3.9395349790511873,32.82648]]]}},{"type":"Feature","properties":{"nameAr":"غرداية","nameFr":"Ghardaia","wilayaCode":47,"code":4701},"geometry":{"type":"Polygon","coordinates":[[[3.7447212352706845,32.4833],[3.7057106176353423,32.53059786024534],[3.627689382364658,32.53059786024534],[3.5886787647293157,32.4833],[3.627689382364658,32.43600213975466],[3.7057106176353423,32.43600213975466],[3.7447212352706845,32.4833]]]}},{"type":"Feature","properties":{"nameAr":"القطار","nameFr":"El-Guettar","wilayaCode":48,"code":4815},"geometry":{"type":"Polygon","coordinates":[[[0.8573527939274369,36.19112],[0.8366806969637185,36.2161835855681],[0.7953365030362815,36.2161835855681],[0.774664406072563,36.19112],[0.7953365030362815,36.16605641443189],[0.8366806969637185,36.16605641443189],[0.8573527939274369,36.19112]]]}},{"type":"Feature","properties":{"nameAr":"أولاد يعيش","nameFr":"Ouled Aiche","wilayaCode":48,"code":4805},"geometry":{"type":"Polygon","coordinates":[[[1.0206115760104828,35.8266],[0.9908612880052414,35.86267030725542],[0.9313607119947587,35.86267030725542],[0.9016104239895173,35.8266],[0.9313607119947587,35.79052969274458],[0.9908612880052414,35.79052969274458],[1.0206115760104828,35.8266]]]}},{"type":"Feature","properties":{"nameAr":"بني درقن","nameFr":"Beni Dergoun","wilayaCode":48,"code":4813},"geometry":{"type":"Polygon","coordinates":[[[0.8462918652926892,35.7933416],[0.8237654326463446,35.82065344809972],[0.7787125673536555,35.82065344809972],[0.7561861347073109,35.7933416],[0.7787125673536555,35.76602975190028],[0.8237654326463446,35.76602975190028],[0.8462918652926892,35.7933416]]]}},{"type":"Feature","properties":{"nameAr":"دار بن عبد الله","nameFr":"Dar Ben Abdelah","wilayaCode":48,"code":4832},"geometry":{"type":"Polygon","coordinates":[[[0.7366336083621295,35.701],[0.7119118041810648,35.730973594627464],[0.6624681958189351,35.730973594627464],[0.6377463916378704,35.701],[0.6624681958189351,35.67102640537254],[0.7119118041810648,35.67102640537254],[0.7366336083621295,35.701]]]}},{"type":"Feature","properties":{"nameAr":"زمورة","nameFr":"Zemmoura","wilayaCode":48,"code":4812},"geometry":{"type":"Polygon","coordinates":[[[0.7917812345736006,35.7225],[0.7708906172868003,35.747828527379546],[0.7291093827131997,35.747828527379546],[0.7082187654263994,35.7225],[0.7291093827131997,35.69717147262045],[0.7708906172868003,35.69717147262045],[0.7917812345736006,35.7225]]]}},{"type":"Feature","properties":{"nameAr":"جديوية","nameFr":"Djidiouia","wilayaCode":48,"code":4814},"geometry":{"type":"Polygon","coordinates":[[[0.8544377073430905,35.93],[0.8355523536715453,35.952897274454614],[0.7977816463284548,35.952897274454614],[0.7788962926569095,35.93],[0.7977816463284547,35.907102725545386],[0.8355523536715453,35.907102725545386],[0.8544377073430905,35.93]]]}},{"type":"Feature","properties":{"nameAr":"حمري","nameFr":"Hamri","wilayaCode":48,"code":4816},"geometry":{"type":"Polygon","coordinates":[[[0.8755907258869431,35.7425],[0.8530733629434715,35.769800851669395],[0.8080386370565285,35.769800851669395],[0.7855212741130568,35.7425],[0.8080386370565283,35.715199148330605],[0.8530733629434715,35.715199148330605],[0.8755907258869431,35.7425]]]}},{"type":"Feature","properties":{"nameAr":"بلعسل بوزقزة","nameFr":"Belaassel Bouzagza","wilayaCode":48,"code":4803},"geometry":{"type":"Polygon","coordinates":[[[0.6257231374964701,35.8247],[0.6017505687482351,35.853765194941914],[0.553805431251765,35.853765194941914],[0.5298328625035299,35.8247],[0.553805431251765,35.795634805058086],[0.6017505687482351,35.795634805058086],[0.6257231374964701,35.8247]]]}},{"type":"Feature","properties":{"nameAr":"المطمر","nameFr":"El-Matmar","wilayaCode":48,"code":4817},"geometry":{"type":"Polygon","coordinates":[[[0.5083362202428559,35.732361],[0.48474186012142795,35.76096764135167],[0.43755313987857203,35.76096764135167],[0.4139587797571441,35.732361],[0.43755313987857203,35.703754358648325],[0.48474186012142795,35.703754358648325],[0.5083362202428559,35.732361]]]}},{"type":"Feature","properties":{"nameAr":"سيدي خطاب","nameFr":"Sidi Khettab","wilayaCode":48,"code":4810},"geometry":{"type":"Polygon","coordinates":[[[0.5718611274385634,35.9111],[0.5409305637192817,35.94860131550798],[0.47906943628071835,35.94860131550798],[0.44813887256143664,35.9111],[0.4790694362807183,35.873598684492016],[0.5409305637192817,35.873598684492016],[0.5718611274385634,35.9111]]]}},{"type":"Feature","properties":{"nameAr":"سيدي امحمد بن عودة","nameFr":"Sidi M'hamed Benaouda","wilayaCode":48,"code":4818},"geometry":{"type":"Polygon","coordinates":[[[0.6555805501958658,35.60409],[0.6221602750979329,35.644609930130784],[0.5553197249020672,35.644609930130784],[0.5218994498041343,35.60409],[0.5553197249020672,35.563570069869215],[0.6221602750979329,35.563570069869215],[0.6555805501958658,35.60409]]]}},{"type":"Feature","properties":{"nameAr":"عين طارق","nameFr":"Ain-Tarek","wilayaCode":48,"code":4819},"geometry":{"type":"Polygon","coordinates":[[[1.1838364847704623,35.781388],[1.1570295423852313,35.81388969034475],[1.1034156576147687,35.81388969034475],[1.0766087152295376,35.781388],[1.1034156576147687,35.74888630965525],[1.1570295423852313,35.74888630965525],[1.1838364847704623,35.781388]]]}},{"type":"Feature","properties":{"nameAr":"حد الشكالة","nameFr":"Had Echkalla","wilayaCode":48,"code":4834},"geometry":{"type":"Polygon","coordinates":[[[1.2074622327169577,35.679167],[1.177342116358479,35.71568570030394],[1.1171018836415212,35.71568570030394],[1.0869817672830422,35.679167],[1.117101883641521,35.642648299696056],[1.177342116358479,35.642648299696056],[1.2074622327169577,35.679167]]]}},{"type":"Feature","properties":{"nameAr":"الولجة","nameFr":"El Ouldja","wilayaCode":48,"code":4836},"geometry":{"type":"Polygon","coordinates":[[[0.8532893127294225,35.9108],[0.8349781563647113,35.933001097218316],[0.7983558436352888,35.933001097218316],[0.7800446872705775,35.9108],[0.7983558436352888,35.88859890278169],[0.8349781563647113,35.88859890278169],[0.8532893127294225,35.9108]]]}},{"type":"Feature","properties":{"nameAr":"مازونة","nameFr":"Mazouna","wilayaCode":48,"code":4822},"geometry":{"type":"Polygon","coordinates":[[[0.9198522349676056,36.1262742],[0.9000224174838027,36.150316575970734],[0.8603627825161972,36.150316575970734],[0.8405329650323944,36.1262742],[0.8603627825161971,36.10223182402926],[0.9000224174838027,36.10223182402926],[0.9198522349676056,36.1262742]]]}},{"type":"Feature","properties":{"nameAr":"عين الرحمة","nameFr":"Ain Rahma","wilayaCode":48,"code":4824},"geometry":{"type":"Polygon","coordinates":[[[0.4390060685045488,35.62472222],[0.4158920342522744,35.65274649718498],[0.36966396574772564,35.65274649718498],[0.3465499314954512,35.62472222],[0.3696639657477256,35.59669794281503],[0.4158920342522744,35.59669794281503],[0.4390060685045488,35.62472222]]]}},{"type":"Feature","properties":{"nameAr":"القلعة","nameFr":"Kalaa","wilayaCode":48,"code":4823},"geometry":{"type":"Polygon","coordinates":[[[0.4004918872654144,35.580556],[0.3770514986327072,35.608975960842706],[0.3301707213672928,35.608975960842706],[0.3067303327345856,35.580556],[0.3301707213672928,35.5521360391573],[0.3770514986327072,35.5521360391573],[0.4004918872654144,35.580556]]]}},{"type":"Feature","properties":{"nameAr":"سيدي سعادة","nameFr":"Sidi Saada","wilayaCode":48,"code":4804},"geometry":{"type":"Polygon","coordinates":[[[0.3835466318152982,35.677778],[0.36288431590764914,35.702829726667865],[0.321559684092351,35.702829726667865],[0.30089736818470186,35.677778],[0.3215596840923509,35.65272627333214],[0.36288431590764914,35.65272627333214],[0.3835466318152982,35.677778]]]}},{"type":"Feature","properties":{"nameAr":"يلل","nameFr":"Yellel","wilayaCode":48,"code":4825},"geometry":{"type":"Polygon","coordinates":[[[0.3970485772052433,35.716667],[0.37532983860262165,35.742999571115234],[0.3318923613973784,35.742999571115234],[0.31017362279475674,35.716667],[0.3318923613973784,35.69033442888477],[0.37532983860262165,35.69033442888477],[0.3970485772052433,35.716667]]]}},{"type":"Feature","properties":{"nameAr":"سوق الحد","nameFr":"Souk El Had","wilayaCode":48,"code":4831},"geometry":{"type":"Polygon","coordinates":[[[1.3062131496323484,35.916667],[1.2771343548161742,35.95192316503113],[1.218976765183826,35.95192316503113],[1.1898979703676518,35.916667],[1.218976765183826,35.88141083496886],[1.2771343548161742,35.88141083496886],[1.3062131496323484,35.916667]]]}},{"type":"Feature","properties":{"nameAr":"منداس","nameFr":"Mendes","wilayaCode":48,"code":4828},"geometry":{"type":"Polygon","coordinates":[[[0.9127329468916034,35.6625],[0.8873384734458017,35.69328916276771],[0.8365495265541983,35.69328916276771],[0.8111550531083966,35.6625],[0.8365495265541983,35.63171083723229],[0.8873384734458017,35.63171083723229],[0.9127329468916034,35.6625]]]}},{"type":"Feature","properties":{"nameAr":"وادي السلام","nameFr":"Oued Essalem","wilayaCode":48,"code":4820},"geometry":{"type":"Polygon","coordinates":[[[0.9987166194807614,35.58333333],[0.9616638597403807,35.62825741370169],[0.8875583402596193,35.62825741370169],[0.8505055805192386,35.58333333],[0.8875583402596193,35.538409246298315],[0.9616638597403807,35.538409246298315],[0.9987166194807614,35.58333333]]]}},{"type":"Feature","properties":{"nameAr":"سيدي لزرق","nameFr":"Sidi Lazreg","wilayaCode":48,"code":4806},"geometry":{"type":"Polygon","coordinates":[[[0.8236625000969462,35.6462],[0.7993312500484732,35.675700072906935],[0.750668749951527,35.675700072906935],[0.7263374999030539,35.6462],[0.7506687499515269,35.616699927093066],[0.7993312500484732,35.616699927093066],[0.8236625000969462,35.6462]]]}},{"type":"Feature","properties":{"nameAr":"عمي موسى","nameFr":"Ammi Moussa","wilayaCode":48,"code":4811},"geometry":{"type":"Polygon","coordinates":[[[1.1648298111914683,35.868],[1.1364781555957342,35.90237455557936],[1.0797748444042659,35.90237455557936],[1.0514231888085317,35.868],[1.0797748444042659,35.83362544442065],[1.1364781555957342,35.83362544442065],[1.1648298111914683,35.868]]]}},{"type":"Feature","properties":{"nameAr":"واريزان","nameFr":"Ouarizane","wilayaCode":48,"code":4821},"geometry":{"type":"Polygon","coordinates":[[[0.9465961133237065,36.05],[0.9228370566618533,36.078806325294764],[0.8753189433381467,36.078806325294764],[0.8515598866762936,36.05],[0.8753189433381467,36.02119367470523],[0.9228370566618533,36.02119367470523],[0.9465961133237065,36.05]]]}},{"type":"Feature","properties":{"nameAr":"مرجة سيدي عابد","nameFr":"Merdja Sidi Abed","wilayaCode":48,"code":4837},"geometry":{"type":"Polygon","coordinates":[[[1.0648475530490962,36.00333],[1.037562776524548,36.036411033449575],[0.9829932234754519,36.036411033449575],[0.9557084469509038,36.00333],[0.9829932234754519,35.97024896655042],[1.037562776524548,35.97024896655042],[1.0648475530490962,36.00333]]]}},{"type":"Feature","properties":{"nameAr":"أولاد سيدي الميهوب","nameFr":"Ouled Sidi Mihoub","wilayaCode":48,"code":4838},"geometry":{"type":"Polygon","coordinates":[[[0.7413074681228398,35.973889],[0.7164872340614199,36.00398193451509],[0.6668467659385802,36.00398193451509],[0.6420265318771603,35.973889],[0.6668467659385802,35.94379606548491],[0.7164872340614199,35.94379606548491],[0.7413074681228398,35.973889]]]}},{"type":"Feature","properties":{"nameAr":"بن داود","nameFr":"Bendaoud","wilayaCode":48,"code":4835},"geometry":{"type":"Polygon","coordinates":[[[0.5649767063567429,35.719167],[0.5426273531783714,35.746264150654866],[0.49792864682162863,35.746264150654866],[0.4755792936432572,35.719167],[0.4979286468216286,35.69206984934513],[0.5426273531783714,35.69206984934513],[0.5649767063567429,35.719167]]]}},{"type":"Feature","properties":{"nameAr":"وادي رهيو","nameFr":"Oued-Rhiou","wilayaCode":48,"code":4802},"geometry":{"type":"Polygon","coordinates":[[[0.9619961380758132,35.96111111],[0.9393480690379066,35.98857043438689],[0.8940519309620933,35.98857043438689],[0.8714038619241867,35.96111111],[0.8940519309620933,35.93365178561311],[0.9393480690379066,35.93365178561311],[0.9619961380758132,35.96111111]]]}},{"type":"Feature","properties":{"nameAr":"الحاسي","nameFr":"El Hassi","wilayaCode":48,"code":4833},"geometry":{"type":"Polygon","coordinates":[[[1.1690588895505238,35.7425],[1.1402444447752618,35.77743565763985],[1.082615555224738,35.77743565763985],[1.053801110449476,35.7425],[1.082615555224738,35.70756434236015],[1.1402444447752618,35.70756434236015],[1.1690588895505238,35.7425]]]}},{"type":"Feature","properties":{"nameAr":"سيدي أمحمد بن علي","nameFr":"Sidi M'hamed Benali","wilayaCode":48,"code":4808},"geometry":{"type":"Polygon","coordinates":[[[0.8809945286548656,36.14472222],[0.8620252643274328,36.16772123071812],[0.8240867356725673,36.16772123071812],[0.8051174713451345,36.14472222],[0.8240867356725672,36.121723209281875],[0.8620252643274328,36.121723209281875],[0.8809945286548656,36.14472222]]]}},{"type":"Feature","properties":{"nameAr":"مديونة","nameFr":"Mediouna","wilayaCode":48,"code":4809},"geometry":{"type":"Polygon","coordinates":[[[0.7968833487222426,36.12445404],[0.7720669833611213,36.15454228396526],[0.7224342526388787,36.15454228396526],[0.6976178872777574,36.12445404],[0.7224342526388787,36.094365796034744],[0.7720669833611213,36.094365796034744],[0.7968833487222426,36.12445404]]]}},{"type":"Feature","properties":{"nameAr":"بني زنطيس","nameFr":"Beni Zentis","wilayaCode":48,"code":4830},"geometry":{"type":"Polygon","coordinates":[[[0.7143796875612672,36.111389],[0.6889953992806336,36.14216581391123],[0.6382268227193665,36.14216581391123],[0.6128425344387328,36.111389],[0.6382268227193664,36.08061218608878],[0.6889953992806336,36.08061218608878],[0.7143796875612672,36.111389]]]}},{"type":"Feature","properties":{"nameAr":"وادي الجمعة","nameFr":"Oued El Djemaa","wilayaCode":48,"code":4826},"geometry":{"type":"Polygon","coordinates":[[[0.6645119373029292,35.797222],[0.6406403186514646,35.82616479945427],[0.5928970813485352,35.82616479945427],[0.5690254626970707,35.797222],[0.5928970813485352,35.76827920054573],[0.6406403186514646,35.76827920054573],[0.6645119373029292,35.797222]]]}},{"type":"Feature","properties":{"nameAr":"لحلاف","nameFr":"Lahlef","wilayaCode":48,"code":4829},"geometry":{"type":"Polygon","coordinates":[[[1.0354588969125382,35.8928056],[1.0093959484562691,35.92440524564492],[0.9572700515437309,35.92440524564492],[0.9312071030874618,35.8928056],[0.9572700515437309,35.861205954355086],[1.0093959484562691,35.861205954355086],[1.0354588969125382,35.8928056]]]}},{"type":"Feature","properties":{"nameAr":"غليزان","nameFr":"Relizane","wilayaCode":48,"code":4801},"geometry":{"type":"Polygon","coordinates":[[[0.5997128850532866,35.7333],[0.5792957925266433,35.75805440911929],[0.5384616074733566,35.75805440911929],[0.5180445149467133,35.7333],[0.5384616074733566,35.70854559088071],[0.5792957925266433,35.70854559088071],[0.5997128850532866,35.7333]]]}},{"type":"Feature","properties":{"nameAr":"الحمادنة","nameFr":"El H'madna","wilayaCode":48,"code":4807},"geometry":{"type":"Polygon","coordinates":[[[0.8109628570739263,35.9],[0.7928189285369632,35.921998344252444],[0.7565310714630368,35.921998344252444],[0.7383871429260737,35.9],[0.7565310714630368,35.87800165574755],[0.7928189285369632,35.87800165574755],[0.8109628570739263,35.9]]]}},{"type":"Feature","properties":{"nameAr":"الرمكة","nameFr":"Ramka","wilayaCode":48,"code":4827},"geometry":{"type":"Polygon","coordinates":[[[1.344565430874803,35.866667],[1.3139493819374015,35.903786986600615],[1.2527172840625986,35.903786986600615],[1.2221012351251972,35.866667],[1.2527172840625986,35.829547013399385],[1.3139493819374015,35.829547013399385],[1.344565430874803,35.866667]]]}},{"type":"Feature","properties":{"nameAr":"تنركوك","nameFr":"Tinerkouk","wilayaCode":49,"code":116},"geometry":{"type":"Polygon","coordinates":[[[0.29745745760445297,29],[0.22707872880222651,29.0853296738403],[0.08632127119777354,29.0853296738403],[0.015942542395547016,29],[0.08632127119777344,28.9146703261597],[0.22707872880222651,28.9146703261597],[0.29745745760445297,29]]]}},{"type":"Feature","properties":{"nameAr":"تيميمون","nameFr":"Timimoun","wilayaCode":49,"code":109},"geometry":{"type":"Polygon","coordinates":[[[0.37205935267918483,29.25],[0.3003258263395924,29.336972278558378],[0.15685877366040762,29.336972278558378],[0.08512524732081517,29.25],[0.1568587736604075,29.163027721441622],[0.3003258263395924,29.163027721441622],[0.37205935267918483,29.25]]]}},{"type":"Feature","properties":{"nameAr":"أولاد السعيد","nameFr":"Ouled Said","wilayaCode":49,"code":110},"geometry":{"type":"Polygon","coordinates":[[[0.3818361625008262,29.23194444],[0.31029588125041313,29.31868242133944],[0.16721531874958695,29.31868242133944],[0.0956750374991738,29.23194444],[0.16721531874958684,29.14520645866056],[0.31029588125041313,29.14520645866056],[0.3818361625008262,29.23194444]]]}},{"type":"Feature","properties":{"nameAr":"المطارفة","nameFr":"Metarfa","wilayaCode":49,"code":120},"geometry":{"type":"Polygon","coordinates":[[[0.01916463670831678,28.589167],[-0.0652786816458416,28.69154908242438],[-0.23416531835415832,28.69154908242438],[-0.31860863670831674,28.589167],[-0.23416531835415844,28.48678491757562],[-0.0652786816458416,28.48678491757562],[0.01916463670831678,28.589167]]]}},{"type":"Feature","properties":{"nameAr":"طالمين","nameFr":"Talmine","wilayaCode":49,"code":124},"geometry":{"type":"Polygon","coordinates":[[[-0.26343330484771377,29.0167],[-0.38046665242385685,29.158595392927225],[-0.6145333475761431,29.158595392927225],[-0.7315666951522862,29.0167],[-0.6145333475761432,28.874804607072775],[-0.38046665242385685,28.874804607072775],[-0.26343330484771377,29.0167]]]}},{"type":"Feature","properties":{"nameAr":"أولاد عيسى","nameFr":"Ouled Aissa","wilayaCode":49,"code":127},"geometry":{"type":"Polygon","coordinates":[[[0.10113855388735124,29.418333],[0.00598577694367565,29.5336996109034],[-0.18431977694367557,29.5336996109034],[-0.27947255388735126,29.418333],[-0.18431977694367568,29.3029663890966],[0.00598577694367565,29.3029663890966],[0.10113855388735124,29.418333]]]}},{"type":"Feature","properties":{"nameAr":"شروين","nameFr":"Charouine","wilayaCode":49,"code":103},"geometry":{"type":"Polygon","coordinates":[[[-0.07678078594401283,29.018611],[-0.1672793929720064,29.128334729770685],[-0.34827660702799357,29.128334729770685],[-0.4387752140559872,29.018611],[-0.3482766070279937,28.908887270229314],[-0.1672793929720064,28.908887270229314],[-0.07678078594401283,29.018611]]]}},{"type":"Feature","properties":{"nameAr":"أوقروت","nameFr":"Aougrout","wilayaCode":49,"code":123},"geometry":{"type":"Polygon","coordinates":[[[0.5217036639630196,28.75],[0.42849083198150983,28.86301455263655],[0.24206516801849026,28.86301455263655],[0.14885233603698042,28.75],[0.24206516801849015,28.63698544736345],[0.42849083198150983,28.63698544736345],[0.5217036639630196,28.75]]]}},{"type":"Feature","properties":{"nameAr":"دلدول","nameFr":"Deldoul","wilayaCode":49,"code":117},"geometry":{"type":"Polygon","coordinates":[[[0.31586162581756816,28.702778],[0.2329308129087841,28.8033262670297],[0.06706918709121594,28.8033262670297],[-0.015861625817568198,28.702778],[0.06706918709121583,28.602229732970297],[0.2329308129087841,28.602229732970297],[0.31586162581756816,28.702778]]]}},{"type":"Feature","properties":{"nameAr":"قصر قدور","nameFr":"Ksar Kaddour","wilayaCode":49,"code":107},"geometry":{"type":"Polygon","coordinates":[[[0.6198651895697067,29.5784908],[0.49691899478485335,29.727555139175237],[0.25102660521514675,29.727555139175237],[0.12808041043029333,29.5784908],[0.2510266052151465,29.429426460824764],[0.49691899478485335,29.429426460824764],[0.6198651895697067,29.5784908]]]}},{"type":"Feature","properties":{"nameAr":"تيمياوين","nameFr":"Timiaouine","wilayaCode":50,"code":128},"geometry":{"type":"Polygon","coordinates":[[[3.1579930073127525,20.437222],[2.4783015036563762,21.26130415246401],[1.1189184963436243,21.26130415246401],[0.43922699268724763,20.437222],[1.1189184963436234,19.613139847535987],[2.4783015036563762,19.613139847535987],[3.1579930073127525,20.437222]]]}},{"type":"Feature","properties":{"nameAr":"برج باجي مختار","nameFr":"Bordj Badji Mokhtar","wilayaCode":50,"code":125},"geometry":{"type":"Polygon","coordinates":[[[2.5314920625901025,21.3292442],[1.7428295312950515,22.285446701960236],[0.16550446870494906,22.285446701960236],[-0.6231580625901025,21.3292442],[0.16550446870494806,20.373041698039767],[1.7428295312950515,20.373041698039767],[2.5314920625901025,21.3292442]]]}},{"type":"Feature","properties":{"nameAr":"رأس الميعاد","nameFr":"Ras El Miaad","wilayaCode":51,"code":5106},"geometry":{"type":"Polygon","coordinates":[[[4.66959018841907,34.185603],[4.560495094209535,34.3178737722192],[4.342304905790464,34.3178737722192],[4.233209811580929,34.185603],[4.342304905790464,34.0533322277808],[4.560495094209535,34.0533322277808],[4.66959018841907,34.185603]]]}},{"type":"Feature","properties":{"nameAr":"بسباس","nameFr":"El Bachir","wilayaCode":51,"code":5102},"geometry":{"type":"Polygon","coordinates":[[[5.172320177475935,34.15],[5.077826588737968,34.264567387678575],[4.888839411262032,34.264567387678575],[4.794345822524065,34.15],[4.888839411262032,34.03543261232142],[5.077826588737968,34.03543261232142],[5.172320177475935,34.15]]]}},{"type":"Feature","properties":{"nameAr":"سيدي خالد","nameFr":"Sidi Khaled","wilayaCode":51,"code":5105},"geometry":{"type":"Polygon","coordinates":[[[5.119622971094637,34.387],[5.051478152047318,34.46962120220378],[4.915188513952682,34.46962120220378],[4.847043694905363,34.387],[4.915188513952682,34.30437879779622],[5.051478152047318,34.30437879779622],[5.119622971094637,34.387]]]}},{"type":"Feature","properties":{"nameAr":"الدوسن","nameFr":"Doucen","wilayaCode":51,"code":5103},"geometry":{"type":"Polygon","coordinates":[[[5.205278847808615,34.595739],[5.153772423904308,34.65818722018291],[5.050759576095692,34.65818722018291],[4.999253152191385,34.595739],[5.050759576095692,34.533290779817094],[5.153772423904308,34.533290779817094],[5.205278847808615,34.595739]]]}},{"type":"Feature","properties":{"nameAr":"الشعيبة","nameFr":"Chaïba","wilayaCode":51,"code":5104},"geometry":{"type":"Polygon","coordinates":[[[4.735720370178923,34.5],[4.642860185089461,34.61258699100264],[4.457139814910539,34.61258699100264],[4.364279629821077,34.5],[4.457139814910539,34.38741300899736],[4.642860185089461,34.38741300899736],[4.735720370178923,34.5]]]}},{"type":"Feature","properties":{"nameAr":"أولاد جلال","nameFr":"Ouled Djellal","wilayaCode":51,"code":5101},"geometry":{"type":"Polygon","coordinates":[[[5.184360259479248,34.4254103],[5.124397229739624,34.49811160985936],[5.004471170260376,34.49811160985936],[4.944508140520752,34.4254103],[5.004471170260376,34.35270899014065],[5.124397229739624,34.35270899014065],[5.184360259479248,34.4254103]]]}},{"type":"Feature","properties":{"nameAr":"بني عباس","nameFr":"Beni-Abbes","wilayaCode":52,"code":807},"geometry":{"type":"Polygon","coordinates":[[[-1.9224321630556918,30.08],[-2.0462160815278456,30.230080025167613],[-2.293783918472154,30.230080025167613],[-2.417567836944308,30.08],[-2.2937839184721542,29.929919974832384],[-2.0462160815278456,29.929919974832384],[-1.9224321630556918,30.08]]]}},{"type":"Feature","properties":{"nameAr":"تامترت","nameFr":"Tamtert","wilayaCode":52,"code":820},"geometry":{"type":"Polygon","coordinates":[[[-1.7002631964787676,29.91027778],[-1.795270498239384,30.02546801161759],[-1.9852851017606161,30.02546801161759],[-2.0802924035212325,29.91027778],[-1.9852851017606163,29.795087548382412],[-1.795270498239384,29.795087548382412],[-1.7002631964787676,29.91027778]]]}},{"type":"Feature","properties":{"nameAr":"إقلي","nameFr":"Igli","wilayaCode":52,"code":811},"geometry":{"type":"Polygon","coordinates":[[[-2.016812200469043,30.26666667],[-2.1473259002345215,30.42490612135432],[-2.4083532997654786,30.42490612135432],[-2.538866999530957,30.26666667],[-2.4083532997654786,30.10842721864568],[-2.1473259002345215,30.10842721864568],[-2.016812200469043,30.26666667]]]}},{"type":"Feature","properties":{"nameAr":"الواتة","nameFr":"El Ouata","wilayaCode":52,"code":814},"geometry":{"type":"Polygon","coordinates":[[[-1.642771839463735,29.86224],[-1.7351409197318675,29.97423155805097],[-1.9198790802681325,29.97423155805097],[-2.012248160536265,29.86224],[-1.9198790802681327,29.75024844194903],[-1.7351409197318675,29.75024844194903],[-1.642771839463735,29.86224]]]}},{"type":"Feature","properties":{"nameAr":"أولاد خضير","nameFr":"Ouled-Khodeir","wilayaCode":52,"code":803},"geometry":{"type":"Polygon","coordinates":[[[-0.7861070319977164,29.248889],[-0.9217935159988582,29.41340011893325],[-1.1931664840011418,29.41340011893325],[-1.3288529680022836,29.248889],[-1.193166484001142,29.084377881066747],[-0.9217935159988582,29.084377881066747],[-0.7861070319977164,29.248889]]]}},{"type":"Feature","properties":{"nameAr":"كرزاز","nameFr":"Kerzaz","wilayaCode":52,"code":818},"geometry":{"type":"Polygon","coordinates":[[[-1.2128919587392117,29.45],[-1.3147794793696057,29.573532053672345],[-1.5185545206303939,29.573532053672345],[-1.620442041260788,29.45],[-1.518554520630394,29.326467946327654],[-1.3147794793696057,29.326467946327654],[-1.2128919587392117,29.45]]]}},{"type":"Feature","properties":{"nameAr":"تيمودي","nameFr":"Timoudi","wilayaCode":52,"code":805},"geometry":{"type":"Polygon","coordinates":[[[-1.219196056418975,29.40611111],[-1.3237646947094874,29.532893846078224],[-1.5329019712905128,29.532893846078224],[-1.6374706095810252,29.40611111],[-1.5329019712905128,29.27932837392178],[-1.3237646947094874,29.27932837392178],[-1.219196056418975,29.40611111]]]}},{"type":"Feature","properties":{"nameAr":"القصابي","nameFr":"Ksabi","wilayaCode":52,"code":819},"geometry":{"type":"Polygon","coordinates":[[[1.66911484932341,28.85],[1.447907424661705,29.11819974896788],[1.005492575338295,29.11819974896788],[0.7842851506765898,28.85],[1.0054925753382946,28.581800251032124],[1.447907424661705,28.581800251032124],[1.66911484932341,28.85]]]}},{"type":"Feature","properties":{"nameAr":"بن يخلف","nameFr":"Beni-Ikhlef","wilayaCode":52,"code":808},"geometry":{"type":"Polygon","coordinates":[[[-1.422207343463686,29.575],[-1.515687171731843,29.688338268430282],[-1.702646828268157,29.688338268430282],[-1.796126656536314,29.575],[-1.702646828268157,29.461661731569716],[-1.515687171731843,29.461661731569716],[-1.422207343463686,29.575]]]}},{"type":"Feature","properties":{"nameAr":"عين غار","nameFr":"Ain Ghar","wilayaCode":53,"code":1103},"geometry":{"type":"Polygon","coordinates":[[[2.9985628479455655,27.2],[2.754836923972783,27.49550197840977],[2.2673850760272174,27.49550197840977],[2.0236591520544347,27.2],[2.2673850760272174,26.90449802159023],[2.754836923972783,26.90449802159023],[2.9985628479455655,27.2]]]}},{"type":"Feature","properties":{"nameAr":"عين صالح","nameFr":"Ain Salah","wilayaCode":53,"code":1108},"geometry":{"type":"Polygon","coordinates":[[[2.9659427229960316,27.1935],[2.724637861498016,27.486066596159553],[2.2420281385019845,27.486066596159553],[2.0007232770039685,27.1935],[2.242028138501984,26.900933403840448],[2.724637861498016,26.900933403840448],[2.9659427229960316,27.1935]]]}},{"type":"Feature","properties":{"nameAr":"فقارة الزوى","nameFr":"Foggaret Ezzoua","wilayaCode":53,"code":1110},"geometry":{"type":"Polygon","coordinates":[[[3.4443040013466955,27.363333],[3.145902000673348,27.72512619837251],[2.5490979993266527,27.72512619837251],[2.250695998653305,27.363333],[2.5490979993266523,27.00153980162749],[3.145902000673348,27.00153980162749],[3.4443040013466955,27.363333]]]}},{"type":"Feature","properties":{"nameAr":"تين زواتين","nameFr":"Tin Zouatine","wilayaCode":54,"code":1107},"geometry":{"type":"Polygon","coordinates":[[[4.225625862710181,19.953333],[3.5961464313550904,20.716536250198608],[2.3371875686449104,20.716536250198608],[1.7077081372898197,19.953333],[2.3371875686449095,19.190129749801393],[3.5961464313550904,19.190129749801393],[4.225625862710181,19.953333]]]}},{"type":"Feature","properties":{"nameAr":"عين قزام","nameFr":"Ain Guezzam","wilayaCode":54,"code":1104},"geometry":{"type":"Polygon","coordinates":[[[7.265424751773422,19.5696707],[6.516742375886711,20.477399839637012],[5.0193776241132895,20.477399839637012],[4.270695248226579,19.5696707],[5.019377624113289,18.661941560362987],[6.516742375886711,18.661941560362987],[7.265424751773422,19.5696707]]]}},{"type":"Feature","properties":{"nameAr":"تماسين","nameFr":"Temacine","wilayaCode":55,"code":3016},"geometry":{"type":"Polygon","coordinates":[[[6.069911303371127,33.02194444],[6.046344651685563,33.05051748665857],[5.999211348314437,33.05051748665857],[5.975644696628873,33.02194444],[5.999211348314437,32.99337139334143],[6.046344651685563,32.99337139334143],[6.069911303371127,33.02194444]]]}},{"type":"Feature","properties":{"nameAr":"سيدي سليمان","nameFr":"Sidi Slimane","wilayaCode":30,"code":3010},"geometry":{"type":"Polygon","coordinates":[[[6.166826782630316,33.288889],[6.130635391315158,33.33276872998812],[6.0582526086848425,33.33276872998812],[6.022061217369685,33.288889],[6.0582526086848425,33.24500927001188],[6.130635391315158,33.24500927001188],[6.166826782630316,33.288889]]]}},{"type":"Feature","properties":{"nameAr":"المقارين","nameFr":"Megarine","wilayaCode":30,"code":3019},"geometry":{"type":"Polygon","coordinates":[[[6.122488653751097,33.183333],[6.102910976875548,33.207069671729826],[6.063755623124451,33.207069671729826],[6.044177946248902,33.183333],[6.063755623124451,33.15959632827017],[6.102910976875548,33.15959632827017],[6.122488653751097,33.183333]]]}},{"type":"Feature","properties":{"nameAr":"النزلة","nameFr":"Nezla","wilayaCode":30,"code":3008},"geometry":{"type":"Polygon","coordinates":[[[6.081016024244075,33.10527],[6.0659246786220375,33.123567284160366],[6.035741987377962,33.123567284160366],[6.020650641755925,33.10527],[6.035741987377962,33.08697271583963],[6.0659246786220375,33.08697271583963],[6.081016024244075,33.10527]]]}},{"type":"Feature","properties":{"nameAr":"بلدة اعمر","nameFr":"Blidet Amor","wilayaCode":55,"code":5507},"geometry":{"type":"Polygon","coordinates":[[[6.056308812088119,32.95138889],[6.0184324060440595,32.99731159177349],[5.9426795939559405,32.99731159177349],[5.904803187911881,32.95138889],[5.9426795939559405,32.905466188226505],[6.0184324060440595,32.905466188226505],[6.056308812088119,32.95138889]]]}},{"type":"Feature","properties":{"nameAr":"تبسبست","nameFr":"Tebesbest","wilayaCode":30,"code":3007},"geometry":{"type":"Polygon","coordinates":[[[6.113664642470838,33.12],[6.09849732123542,33.13838939969612],[6.068162678764581,33.13838939969612],[6.052995357529162,33.12],[6.068162678764581,33.10161060030387],[6.09849732123542,33.10161060030387],[6.113664642470838,33.12]]]}},{"type":"Feature","properties":{"nameAr":"تقرت","nameFr":"Touggourt","wilayaCode":30,"code":3013},"geometry":{"type":"Polygon","coordinates":[[[6.0877885577607795,33.1],[6.0728742788803896,33.118082602145364],[6.04304572111961,33.118082602145364],[6.02813144223922,33.1],[6.04304572111961,33.08191739785464],[6.0728742788803896,33.08191739785464],[6.0877885577607795,33.1]]]}},{"type":"Feature","properties":{"nameAr":"الطيبات","nameFr":"Taibet","wilayaCode":30,"code":3015},"geometry":{"type":"Polygon","coordinates":[[[6.502840838439012,33.0829494],[6.451295469219506,33.14544483886815],[6.348204730780495,33.14544483886815],[6.296659361560988,33.0829494],[6.348204730780494,33.02045396113184],[6.451295469219506,33.02045396113184],[6.502840838439012,33.0829494]]]}},{"type":"Feature","properties":{"nameAr":"العالية","nameFr":"El Alia","wilayaCode":30,"code":3020},"geometry":{"type":"Polygon","coordinates":[[[5.661968908784801,32.6999655],[5.5437624543924,32.843283209353146],[5.3073495456076,32.843283209353146],[5.1891430912151995,32.6999655],[5.3073495456076,32.55664779064685],[5.5437624543924,32.55664779064685],[5.661968908784801,32.6999655]]]}},{"type":"Feature","properties":{"nameAr":"الحجيرة","nameFr":"El-Hadjira","wilayaCode":30,"code":3014},"geometry":{"type":"Polygon","coordinates":[[[5.729393591028797,32.6130464],[5.620991795514398,32.74447659222384],[5.404188204485602,32.74447659222384],[5.295786408971203,32.6130464],[5.404188204485601,32.48161620777616],[5.620991795514398,32.48161620777616],[5.729393591028797,32.6130464]]]}},{"type":"Feature","properties":{"nameAr":"بن ناصر","nameFr":"Benaceur","wilayaCode":30,"code":3017},"geometry":{"type":"Polygon","coordinates":[[[6.596747602335926,32.84411111],[6.518929301167963,32.93846078596712],[6.363292698832037,32.93846078596712],[6.285474397664075,32.84411111],[6.363292698832037,32.74976143403288],[6.518929301167963,32.74976143403288],[6.596747602335926,32.84411111]]]}},{"type":"Feature","properties":{"nameAr":"المنقر","nameFr":"M'naguer","wilayaCode":30,"code":3018},"geometry":{"type":"Polygon","coordinates":[[[6.445792763830608,33.12638889],[6.398868381915303,33.183281679513755],[6.305019618084696,33.183281679513755],[6.258095236169392,33.12638889],[6.305019618084696,33.06949610048625],[6.398868381915303,33.06949610048625],[6.445792763830608,33.12638889]]]}},{"type":"Feature","properties":{"nameAr":"الزاوية العابدية","nameFr":"Zaouia El Abidia","wilayaCode":30,"code":3009},"geometry":{"type":"Polygon","coordinates":[[[6.112662562609404,33.1375],[6.097442281304702,33.15595361036767],[6.067001718695297,33.15595361036767],[6.051781437390596,33.1375],[6.067001718695297,33.11904638963234],[6.097442281304702,33.11904638963234],[6.112662562609404,33.1375]]]}},{"type":"Feature","properties":{"nameAr":"جانت","nameFr":"Djanet","wilayaCode":56,"code":3302},"geometry":{"type":"Polygon","coordinates":[[[10.754158751212175,24.55270656],[10.119176325606087,25.32258183614415],[8.849211474393911,25.32258183614415],[8.214229048787823,24.55270656],[8.849211474393911,23.782831283855852],[10.119176325606087,23.782831283855852],[10.754158751212175,24.55270656]]]}},{"type":"Feature","properties":{"nameAr":"برج الحواس","nameFr":"Bordj El Haouass","wilayaCode":56,"code":5601},"geometry":{"type":"Polygon","coordinates":[[[9.477295471081879,24.882778],[8.95586973554094,25.514973106431615],[7.913018264459059,25.514973106431615],[7.391592528918119,24.882778],[7.913018264459059,24.25058289356838],[8.95586973554094,24.25058289356838],[9.477295471081879,24.882778]]]}},{"type":"Feature","properties":{"nameAr":"أم الطيور","nameFr":"Oum Touyour","wilayaCode":57,"code":3929},"geometry":{"type":"Polygon","coordinates":[[[5.978730699545082,34.153333],[5.906031849772541,34.2414756710205],[5.7606341502274585,34.2414756710205],[5.687935300454917,34.153333],[5.7606341502274585,34.065190328979504],[5.906031849772541,34.065190328979504],[5.978730699545082,34.153333]]]}},{"type":"Feature","properties":{"nameAr":"سيدي عمران","nameFr":"Sidi Amrane","wilayaCode":57,"code":3930},"geometry":{"type":"Polygon","coordinates":[[[6.109474100059511,33.49885],[6.060613600029756,33.55809020797433],[5.962892599970244,33.55809020797433],[5.9140320999404885,33.49885],[5.962892599970244,33.439609792025664],[6.060613600029756,33.439609792025664],[6.109474100059511,33.49885]]]}},{"type":"Feature","properties":{"nameAr":"المرارة","nameFr":"M'rara","wilayaCode":57,"code":3922},"geometry":{"type":"Polygon","coordinates":[[[6.373693423791674,33.476667],[6.323096711895837,33.53801225298966],[6.221903288104163,33.53801225298966],[6.171306576208326,33.476667],[6.221903288104163,33.41532174701034],[6.323096711895837,33.41532174701034],[6.373693423791674,33.476667]]]}},{"type":"Feature","properties":{"nameAr":"جامعة","nameFr":"Djamaa","wilayaCode":57,"code":3928},"geometry":{"type":"Polygon","coordinates":[[[6.160651282105186,33.53388],[6.113675641052593,33.59083493791485],[6.019724358947407,33.59083493791485],[5.972748717894814,33.53388],[6.019724358947407,33.47692506208516],[6.113675641052593,33.47692506208516],[6.160651282105186,33.53388]]]}},{"type":"Feature","properties":{"nameAr":"تندلة","nameFr":"Tenedla","wilayaCode":57,"code":3924},"geometry":{"type":"Polygon","coordinates":[[[6.13897999405314,33.675278],[6.086434497026571,33.738986029391285],[5.98134350297343,33.738986029391285],[5.92879800594686,33.675278],[5.98134350297343,33.61156997060871],[6.086434497026571,33.61156997060871],[6.13897999405314,33.675278]]]}},{"type":"Feature","properties":{"nameAr":"المغير","nameFr":"El-M'ghaier","wilayaCode":57,"code":3927},"geometry":{"type":"Polygon","coordinates":[[[6.04076533150793,33.953],[5.982482665753965,34.0236639768005],[5.865917334246035,34.0236639768005],[5.80763466849207,33.953],[5.865917334246035,33.88233602319951],[5.982482665753965,33.88233602319951],[6.04076533150793,33.953]]]}},{"type":"Feature","properties":{"nameAr":"سطيل","nameFr":"Still","wilayaCode":57,"code":3921},"geometry":{"type":"Polygon","coordinates":[[[6.068774375643274,34.19111111],[5.999037187821637,34.275662956738834],[5.859562812178362,34.275662956738834],[5.789825624356725,34.19111111],[5.859562812178362,34.10655926326117],[5.999037187821637,34.10655926326117],[6.068774375643274,34.19111111]]]}},{"type":"Feature","properties":{"nameAr":"سيدي خليل","nameFr":"Sidi Khelil","wilayaCode":57,"code":3923},"geometry":{"type":"Polygon","coordinates":[[[6.075019748256585,33.8369],[6.016954374128293,33.90730052470549],[5.900823625871707,33.90730052470549],[5.842758251743415,33.8369],[5.900823625871707,33.76649947529451],[6.016954374128293,33.76649947529451],[6.075019748256585,33.8369]]]}},{"type":"Feature","properties":{"nameAr":"المنيعة","nameFr":"El Meniaa","wilayaCode":58,"code":5801},"geometry":{"type":"Polygon","coordinates":[[[3.4895211015925756,30.57556],[3.1876772172962875,30.941526260488576],[2.5839894487037123,30.941526260488576],[2.282145564407424,30.57556],[2.583989448703712,30.209593739511423],[3.1876772172962875,30.209593739511423],[3.4895211015925756,30.57556]]]}},{"type":"Feature","properties":{"nameAr":"حاسي القارة","nameFr":"Hassi Gara","wilayaCode":58,"code":5803},"geometry":{"type":"Polygon","coordinates":[[[3.5212774795547284,30.552222],[3.2181387397773644,30.91975818932576],[2.611861260222636,30.91975818932576],[2.3087225204452717,30.552222],[2.6118612602226357,30.184685810674242],[3.2181387397773644,30.184685810674242],[3.5212774795547284,30.552222]]]}},{"type":"Feature","properties":{"nameAr":"حاسي الفحل","nameFr":"Hassi Fehal","wilayaCode":58,"code":5802},"geometry":{"type":"Polygon","coordinates":[[[3.9726112469640897,31.605278],[3.8244397734820446,31.78492636421227],[3.528096826517955,31.78492636421227],[3.37992535303591,31.605278],[3.5280968265179546,31.425629635787725],[3.8244397734820446,31.425629635787725],[3.9726112469640897,31.605278]]]}},{"type":"Feature","properties":{"nameAr":"بريدة","nameFr":"Brida","wilayaCode":59,"code":313},"geometry":{"type":"Polygon","coordinates":[[[1.8779381725354847,33.906111],[1.8311910862677423,33.96278882996508],[1.7376969137322575,33.96278882996508],[1.6909498274645152,33.906111],[1.7376969137322575,33.84943317003493],[1.8311910862677423,33.84943317003493],[1.8779381725354847,33.906111]]]}},{"type":"Feature","properties":{"nameAr":"الحاج مشري","nameFr":"Hadj Mechri","wilayaCode":59,"code":315},"geometry":{"type":"Polygon","coordinates":[[[1.699381262373162,33.9571296],[1.649294031186581,34.01785714045793],[1.549119568813419,34.01785714045793],[1.499032337626838,33.9571296],[1.549119568813419,33.896402059542076],[1.649294031186581,33.896402059542076],[1.699381262373162,33.9571296]]]}},{"type":"Feature","properties":{"nameAr":"تاويالة","nameFr":"Taouiala","wilayaCode":59,"code":317},"geometry":{"type":"Polygon","coordinates":[[[1.9580942009864373,33.87186],[1.9093471004932185,33.930962718343146],[1.8118528995067815,33.930962718343146],[1.7631057990135628,33.87186],[1.8118528995067815,33.81275728165686],[1.9093471004932185,33.81275728165685],[1.9580942009864373,33.87186]]]}},{"type":"Feature","properties":{"nameAr":"الغيشة","nameFr":"El Ghicha","wilayaCode":59,"code":314},"geometry":{"type":"Polygon","coordinates":[[[2.2464874775711,33.930145],[2.19359523878555,33.99427343143185],[2.0878107612144494,33.99427343143185],[2.0349185224288995,33.930145],[2.0878107612144494,33.866016568568156],[2.19359523878555,33.866016568568156],[2.2464874775711,33.930145]]]}},{"type":"Feature","properties":{"nameAr":"سبقاق","nameFr":"Sebgag","wilayaCode":59,"code":316},"geometry":{"type":"Polygon","coordinates":[[[2.0254406925926887,34.02958],[1.9767103462963442,34.08866240495899],[1.8792496537036558,34.08866240495899],[1.8305193074073116,34.02958],[1.8792496537036558,33.97049759504102],[1.9767103462963442,33.97049759504102],[2.0254406925926887,34.02958]]]}},{"type":"Feature","properties":{"nameAr":"سيدي بوزيد","nameFr":"Sidi Bouzid","wilayaCode":59,"code":324},"geometry":{"type":"Polygon","coordinates":[[[2.36687771343022,34.342777],[2.31413335671511,34.40672613395017],[2.20864464328489,34.40672613395017],[2.15590028656978,34.342777],[2.20864464328489,34.278827866049824],[2.31413335671511,34.278827866049824],[2.36687771343022,34.342777]]]}},{"type":"Feature","properties":{"nameAr":"وادي مرة","nameFr":"Oued Morra","wilayaCode":59,"code":321},"geometry":{"type":"Polygon","coordinates":[[[2.4237418168815,34.1666669],[2.37020435844075,34.23157761868924],[2.2631294415592498,34.23157761868924],[2.2095919831185,34.1666669],[2.2631294415592498,34.10175618131076],[2.37020435844075,34.10175618131076],[2.4237418168815,34.1666669]]]}},{"type":"Feature","properties":{"nameAr":"وادي مزي","nameFr":"Oued M'zi","wilayaCode":59,"code":322},"geometry":{"type":"Polygon","coordinates":[[[2.538730460310408,33.92422],[2.487815230155204,33.98595143585551],[2.385984769844796,33.98595143585551],[2.335069539689592,33.92422],[2.385984769844796,33.862488564144485],[2.487815230155204,33.862488564144485],[2.538730460310408,33.92422]]]}},{"type":"Feature","properties":{"nameAr":"أفلو","nameFr":"Aflou","wilayaCode":59,"code":319},"geometry":{"type":"Polygon","coordinates":[[[2.2042409877031175,34.11279],[2.153070493851559,34.1748309266395],[2.0507295061484414,34.1748309266395],[1.999559012296883,34.11279],[2.0507295061484414,34.05074907336049],[2.153070493851559,34.05074907336049],[2.2042409877031175,34.11279]]]}},{"type":"Feature","properties":{"nameAr":"سقانة","nameFr":"Seggana","wilayaCode":60,"code":529},"geometry":{"type":"Polygon","coordinates":[[[5.645102009566794,35.365555],[5.610051004783397,35.408052084798825],[5.539948995216603,35.408052084798825],[5.504897990433206,35.365555],[5.539948995216603,35.323057915201176],[5.610051004783397,35.323057915201176],[5.645102009566794,35.365555]]]}},{"type":"Feature","properties":{"nameAr":"تيلاطو","nameFr":"Tilatou","wilayaCode":60,"code":518},"geometry":{"type":"Polygon","coordinates":[[[5.918734901085185,35.329167],[5.892717450542592,35.36071148235622],[5.840682549457408,35.36071148235622],[5.814665098914815,35.329167],[5.840682549457408,35.297622517643774],[5.892717450542592,35.297622517643774],[5.918734901085185,35.329167]]]}},{"type":"Feature","properties":{"nameAr":"بريكة","nameFr":"Barika","wilayaCode":60,"code":542},"geometry":{"type":"Polygon","coordinates":[[[5.450353976858795,35.3972],[5.408076988429398,35.4484581243655],[5.323523011570602,35.4484581243655],[5.281246023141205,35.3972],[5.323523011570602,35.345941875634495],[5.408076988429398,35.345941875634495],[5.450353976858795,35.3972]]]}},{"type":"Feature","properties":{"nameAr":"بيطام","nameFr":"Bitam","wilayaCode":60,"code":514},"geometry":{"type":"Polygon","coordinates":[[[5.38320305979176,35.0333],[5.34160152989588,35.08373917441658],[5.25839847010412,35.08373917441658],[5.21679694020824,35.0333],[5.25839847010412,34.982860825583415],[5.34160152989588,34.982860825583415],[5.38320305979176,35.0333]]]}},{"type":"Feature","properties":{"nameAr":"إمدوكل","nameFr":"M Doukal","wilayaCode":60,"code":555},"geometry":{"type":"Polygon","coordinates":[[[5.563748397716867,35.121],[5.5245131988584335,35.16857015050751],[5.446042801141567,35.16857015050751],[5.406807602283133,35.121],[5.446042801141567,35.07342984949249],[5.5245131988584335,35.07342984949249],[5.563748397716867,35.121]]]}},{"type":"Feature","properties":{"nameAr":"عزيل عبد القادر","nameFr":"Azil Abedelkader","wilayaCode":60,"code":515},"geometry":{"type":"Polygon","coordinates":[[[5.286602523032215,35.3667],[5.234951261516107,35.42932382645465],[5.131648738483893,35.42932382645465],[5.079997476967785,35.3667],[5.131648738483893,35.304076173545354],[5.234951261516107,35.304076173545354],[5.286602523032215,35.3667]]]}},{"type":"Feature","properties":{"nameAr":"الجزار","nameFr":"Djezzar","wilayaCode":60,"code":543},"geometry":{"type":"Polygon","coordinates":[[[5.338678526897483,35.50956],[5.302734263448741,35.5531401033737],[5.2308457365512595,35.5531401033737],[5.194901473102518,35.50956],[5.2308457365512595,35.4659798966263],[5.302734263448741,35.4659798966263],[5.338678526897483,35.50956]]]}},{"type":"Feature","properties":{"nameAr":"أولاد عمار","nameFr":"Ouled Ammar","wilayaCode":60,"code":556},"geometry":{"type":"Polygon","coordinates":[[[5.422789652678044,35.15],[5.381394826339021,35.200188559672775],[5.298605173660978,35.200188559672775],[5.257210347321956,35.15],[5.298605173660978,35.09981144032722],[5.381394826339021,35.09981144032722],[5.422789652678044,35.15]]]}},{"type":"Feature","properties":{"nameAr":"قصر الشلالة","nameFr":"Ksar Chellala","wilayaCode":64,"code":1429},"geometry":{"type":"Polygon","coordinates":[[[2.433297897849837,35.21222],[2.3760989489249185,35.28157003997425],[2.261701051075082,35.28157003997425],[2.204502102150163,35.21222],[2.2617010510750815,35.142869960025756],[2.3760989489249185,35.142869960025756],[2.433297897849837,35.21222]]]}},{"type":"Feature","properties":{"nameAr":"سرغين","nameFr":"Serghine","wilayaCode":64,"code":1439},"geometry":{"type":"Polygon","coordinates":[[[2.4174770438634248,35.254444],[2.3630435219317123,35.320441137934445],[2.2541764780682874,35.320441137934445],[2.199742956136575,35.254444],[2.2541764780682874,35.188446862065554],[2.3630435219317123,35.188446862065554],[2.4174770438634248,35.254444]]]}},{"type":"Feature","properties":{"nameAr":"زمالة الأمير عبد القادر","nameFr":"Zmalet El Emir Abdelkade","wilayaCode":64,"code":1409},"geometry":{"type":"Polygon","coordinates":[[[2.481561433409392,34.89336],[2.3957807167046963,34.99736359174955],[2.2242192832953043,34.99736359174955],[2.138438566590608,34.89336],[2.224219283295304,34.789356408250455],[2.3957807167046963,34.789356408250455],[2.481561433409392,34.89336]]]}},{"type":"Feature","properties":{"nameAr":"بوقرة","nameFr":"Bougara","wilayaCode":64,"code":1440},"geometry":{"type":"Polygon","coordinates":[[[2.619073218959978,35.553333],[2.582036609479989,35.598237502551605],[2.5079633905200107,35.598237502551605],[2.470926781040022,35.553333],[2.5079633905200107,35.5084284974484],[2.582036609479989,35.5084284974484],[2.619073218959978,35.553333]]]}},{"type":"Feature","properties":{"nameAr":"حمادية","nameFr":"Hamadia","wilayaCode":64,"code":1435},"geometry":{"type":"Polygon","coordinates":[[[1.9485102673416552,35.45918],[1.9108351336708276,35.50485867198988],[1.8354848663291723,35.50485867198988],[1.7978097326583447,35.45918],[1.8354848663291723,35.41350132801013],[1.9108351336708276,35.41350132801013],[1.9485102673416552,35.45918]]]}},{"type":"Feature","properties":{"nameAr":"الرشايقة","nameFr":"Rechaiga","wilayaCode":64,"code":1430},"geometry":{"type":"Polygon","coordinates":[[[2.067556732899953,35.4081],[2.0207283664499767,35.464876376948766],[1.9270716335500235,35.464876376948766],[1.880243267100047,35.4081],[1.9270716335500235,35.35132362305123],[2.0207283664499767,35.35132362305123],[2.067556732899953,35.4081]]]}},{"type":"Feature","properties":{"nameAr":"سلمانة","nameFr":"Selmana","wilayaCode":66,"code":1722},"geometry":{"type":"Polygon","coordinates":[[[3.6900338268151143,34.16440361],[3.6260227939075573,34.2420128628686],[3.4980007280924426,34.2420128628686],[3.4339896951848856,34.16440361],[3.4980007280924426,34.0867943571314],[3.6260227939075573,34.0867943571314],[3.6900338268151143,34.16440361]]]}},{"type":"Feature","properties":{"nameAr":"سد الرحال","nameFr":"Sed Rahal","wilayaCode":66,"code":1706},"geometry":{"type":"Polygon","coordinates":[[[3.3456811058040086,33.948333],[3.288396052902004,34.01778743549838],[3.1738259470979955,34.01778743549838],[3.116540894195991,33.948333],[3.1738259470979955,33.87887856450162],[3.288396052902004,33.87887856450162],[3.3456811058040086,33.948333]]]}},{"type":"Feature","properties":{"nameAr":"مسعد","nameFr":"Messaad","wilayaCode":66,"code":1717},"geometry":{"type":"Polygon","coordinates":[[[3.6206040718525805,34.15429],[3.56184703592629,34.22552912006854],[3.4443329640737095,34.22552912006854],[3.385575928147419,34.15429],[3.4443329640737095,34.08305087993146],[3.56184703592629,34.08305087993146],[3.6206040718525805,34.15429]]]}},{"type":"Feature","properties":{"nameAr":"قطارة","nameFr":"Guettara","wilayaCode":66,"code":1718},"geometry":{"type":"Polygon","coordinates":[[[5.0164190820634,33.158611],[4.8508480410317,33.359355218730286],[4.5197059589683,33.359355218730286],[4.354134917936601,33.158611],[4.5197059589683,32.957866781269715],[4.8508480410317,32.957866781269715],[5.0164190820634,33.158611]]]}},{"type":"Feature","properties":{"nameAr":"دلدول","nameFr":"Deldoul","wilayaCode":66,"code":1729},"geometry":{"type":"Polygon","coordinates":[[[3.3531479433548146,34.2053],[3.3031019716774073,34.265977515961595],[3.2030100283225926,34.265977515961595],[3.1529640566451853,34.2053],[3.2030100283225926,34.14462248403841],[3.3031019716774073,34.14462248403841],[3.3531479433548146,34.2053]]]}},{"type":"Feature","properties":{"nameAr":"أم العظام","nameFr":"Oum Laadham","wilayaCode":66,"code":1724},"geometry":{"type":"Polygon","coordinates":[[[4.821001497265947,33.720277],[4.675780748632974,33.896347800461854],[4.385339251367027,33.896347800461854],[4.240118502734053,33.720277],[4.385339251367027,33.54420619953815],[4.675780748632974,33.54420619953815],[4.821001497265947,33.720277]]]}},{"type":"Feature","properties":{"nameAr":"فيض البطمة","nameFr":"Faidh El Botma","wilayaCode":66,"code":1707},"geometry":{"type":"Polygon","coordinates":[[[3.9019205123472593,34.527777],[3.8419322561736298,34.60050889528513],[3.7219557438263706,34.60050889528513],[3.661967487652741,34.527777],[3.7219557438263706,34.45504510471487],[3.8419322561736298,34.45504510471487],[3.9019205123472593,34.527777]]]}},{"type":"Feature","properties":{"nameAr":"عمورة","nameFr":"Amourah","wilayaCode":66,"code":1734},"geometry":{"type":"Polygon","coordinates":[[[4.022983873791149,34.354444],[3.9469086018955744,34.44668036528593],[3.7947580581044256,34.44668036528593],[3.718682786208851,34.354444],[3.7947580581044256,34.26220763471407],[3.9469086018955744,34.26220763471407],[4.022983873791149,34.354444]]]}},{"type":"Feature","properties":{"nameAr":"حد الصحاري","nameFr":"Had Sahary","wilayaCode":65,"code":1720},"geometry":{"type":"Polygon","coordinates":[[[3.4782080720407667,35.35056],[3.4195540360203833,35.421674239319394],[3.3022459639796167,35.421674239319394],[3.2435919279592333,35.35056],[3.3022459639796167,35.27944576068061],[3.4195540360203833,35.27944576068061],[3.4782080720407667,35.35056]]]}},{"type":"Feature","properties":{"nameAr":"بويرة الأحداب","nameFr":"Bouira Lahdab","wilayaCode":65,"code":1709},"geometry":{"type":"Polygon","coordinates":[[[3.8405054735087174,35.243889],[3.7952527367543585,35.29875502746806],[3.7047472632456415,35.29875502746806],[3.6594945264912826,35.243889],[3.7047472632456415,35.189022972531944],[3.7952527367543585,35.189022972531944],[3.8405054735087174,35.243889]]]}},{"type":"Feature","properties":{"nameAr":"عين فقه","nameFr":"Ain Fekka","wilayaCode":65,"code":1735},"geometry":{"type":"Polygon","coordinates":[[[3.7129833730278285,35.433333],[3.6481583530139146,35.511929159786035],[3.5185083129860857,35.511929159786035],[3.4536832929721717,35.433333],[3.5185083129860857,35.35473684021396],[3.6481583530139146,35.35473684021396],[3.7129833730278285,35.433333]]]}},{"type":"Feature","properties":{"nameAr":"سيدي لعجال","nameFr":"Sidi Laadjel","wilayaCode":65,"code":1719},"geometry":{"type":"Polygon","coordinates":[[[2.5850946597959035,35.438055],[2.5425473298979515,35.48964089597675],[2.4574526701020485,35.48964089597675],[2.4149053402040965,35.438055],[2.457452670102048,35.38646910402325],[2.5425473298979515,35.38646910402325],[2.5850946597959035,35.438055]]]}},{"type":"Feature","properties":{"nameAr":"حاسي فدول","nameFr":"Hassi Fedoul","wilayaCode":65,"code":1733},"geometry":{"type":"Polygon","coordinates":[[[2.3137822930830874,35.436666],[2.2639911465415437,35.49703455690395],[2.1644088534584562,35.49703455690395],[2.1146177069169125,35.436666],[2.1644088534584562,35.37629744309606],[2.2639911465415437,35.37629744309606],[2.3137822930830874,35.436666]]]}},{"type":"Feature","properties":{"nameAr":"الخميس","nameFr":"El Khemis","wilayaCode":65,"code":1711},"geometry":{"type":"Polygon","coordinates":[[[2.5944525575856074,35.5397],[2.555142778792804,35.5873605738724],[2.4765232212071964,35.5873605738724],[2.437213442414393,35.5397],[2.4765232212071964,35.492039426127604],[2.555142778792804,35.492039426127604],[2.5944525575856074,35.5397]]]}},{"type":"Feature","properties":{"nameAr":"بيرين","nameFr":"Birine","wilayaCode":65,"code":1708},"geometry":{"type":"Polygon","coordinates":[[[3.391336778893975,35.6383108],[3.3391183894469876,35.701622232528116],[3.2346816105530127,35.701622232528116],[3.1824632211060253,35.6383108],[3.2346816105530127,35.57499936747188],[3.3391183894469876,35.57499936747188],[3.391336778893975,35.6383108]]]}},{"type":"Feature","properties":{"nameAr":"قرنيني","nameFr":"Guernini","wilayaCode":65,"code":1721},"geometry":{"type":"Polygon","coordinates":[[[2.829977046378726,35.19970336],[2.756436364189363,35.28886669858268],[2.6093549998106367,35.28886669858268],[2.5358143176212735,35.19970336],[2.6093549998106367,35.11054002141732],[2.756436364189363,35.11054002141732],[2.829977046378726,35.19970336]]]}},{"type":"Feature","properties":{"nameAr":"عين وسارة","nameFr":"Ain Oussera","wilayaCode":65,"code":1731},"geometry":{"type":"Polygon","coordinates":[[[3.026988461862474,35.4542653],[2.965716230931237,35.5285539319462],[2.843171769068763,35.5285539319462],[2.7818995381375258,35.4542653],[2.843171769068763,35.37997666805381],[2.965716230931237,35.37997666805381],[3.026988461862474,35.4542653]]]}},{"type":"Feature","properties":{"nameAr":"بنهار","nameFr":"Benhar","wilayaCode":65,"code":1732},"geometry":{"type":"Polygon","coordinates":[[[3.223430819640915,35.4859395],[3.1657654098204575,35.55585509375382],[3.050434590179542,35.55585509375382],[2.9927691803590846,35.4859395],[3.050434590179542,35.41602390624618],[3.1657654098204575,35.41602390624618],[3.223430819640915,35.4859395]]]}},{"type":"Feature","properties":{"nameAr":"بن زوه","nameFr":"Benzouh","wilayaCode":68,"code":2835},"geometry":{"type":"Polygon","coordinates":[[[4.454344324815296,35.438055],[4.418838662407649,35.4811033278725],[4.347827337592352,35.4811033278725],[4.312321675184704,35.438055],[4.347827337592352,35.395006672127494],[4.418838662407649,35.395006672127494],[4.454344324815296,35.438055]]]}},{"type":"Feature","properties":{"nameAr":"أولاد سيدي ابراهيم","nameFr":"Ouled Sidi Brahim","wilayaCode":68,"code":2821},"geometry":{"type":"Polygon","coordinates":[[[4.228582969016972,36.2],[4.201652484508486,36.232651477208805],[4.147791515491514,36.232651477208805],[4.120861030983028,36.2],[4.147791515491514,36.1673485227912],[4.201652484508486,36.1673485227912],[4.228582969016972,36.2]]]}},{"type":"Feature","properties":{"nameAr":"سيدي عامر","nameFr":"Sidi Ameur","wilayaCode":68,"code":2822},"geometry":{"type":"Polygon","coordinates":[[[4.008761276101066,35.3667],[3.957707288050533,35.42859967086278],[3.855599311949467,35.42859967086278],[3.804545323898934,35.3667],[3.855599311949467,35.30480032913722],[3.957707288050533,35.30480032913722],[4.008761276101066,35.3667]]]}},{"type":"Feature","properties":{"nameAr":"تامسة","nameFr":"Tamsa","wilayaCode":68,"code":2823},"geometry":{"type":"Polygon","coordinates":[[[4.008833931070196,35.173611],[3.9671949655350978,35.22409556271698],[3.883917034464902,35.22409556271698],[3.842278068929804,35.173611],[3.883917034464902,35.12312643728302],[3.9671949655350978,35.12312643728302],[4.008833931070196,35.173611]]]}},{"type":"Feature","properties":{"nameAr":"بن سرور","nameFr":"Ben Srour","wilayaCode":68,"code":2824},"geometry":{"type":"Polygon","coordinates":[[[4.647714137606159,35.0404431],[4.605546818803079,35.09156825701012],[4.521212181196921,35.09156825701012],[4.479044862393841,35.0404431],[4.521212181196921,34.98931794298988],[4.605546818803079,34.98931794298988],[4.647714137606159,35.0404431]]]}},{"type":"Feature","properties":{"nameAr":"محمد بوضياف","nameFr":"Mohamed Boudiaf","wilayaCode":68,"code":2834},"geometry":{"type":"Polygon","coordinates":[[[4.527346727030982,34.8941667],[4.477978863515491,34.95402205350897],[4.379243136484509,34.95402205350897],[4.329875272969018,34.8941667],[4.379243136484509,34.83431134649103],[4.477978863515491,34.83431134649103],[4.527346727030982,34.8941667]]]}},{"type":"Feature","properties":{"nameAr":"أولاد سليمان","nameFr":"Ouled Slimane","wilayaCode":68,"code":2825},"geometry":{"type":"Polygon","coordinates":[[[4.878626495071974,34.91609],[4.807785467535987,35.001980181266894],[4.666103412464014,35.001980181266894],[4.595262384928026,34.91609],[4.666103412464014,34.8301998187331],[4.807785467535987,34.8301998187331],[4.878626495071974,34.91609]]]}},{"type":"Feature","properties":{"nameAr":"زرزور","nameFr":"Zarzour","wilayaCode":68,"code":2833},"geometry":{"type":"Polygon","coordinates":[[[4.515815094543417,35.0358333],[4.474574047271709,35.085835412462366],[4.392091952728292,35.085835412462366],[4.350850905456584,35.0358333],[4.392091952728292,34.985831187537634],[4.474574047271709,34.985831187537634],[4.515815094543417,35.0358333]]]}},{"type":"Feature","properties":{"nameAr":"جبل مساعد","nameFr":"Djebel Messaad","wilayaCode":68,"code":2847},"geometry":{"type":"Polygon","coordinates":[[[4.179872930366105,34.991121],[4.136182965183052,35.044092267634575],[4.048803034816948,35.044092267634575],[4.005113069633896,34.991121],[4.048803034816948,34.938149732365424],[4.136182965183052,34.938149732365424],[4.179872930366105,34.991121]]]}},{"type":"Feature","properties":{"nameAr":"سليم","nameFr":"Slim","wilayaCode":68,"code":2843},"geometry":{"type":"Polygon","coordinates":[[[3.8258563331540203,34.938889],[3.78028927757701,34.99413611878749],[3.6891551664229896,34.99413611878749],[3.6435881108459793,34.938889],[3.6891551664229896,34.88364188121252],[3.78028927757701,34.88364188121252],[3.8258563331540203,34.938889]]]}},{"type":"Feature","properties":{"nameAr":"الحوامد","nameFr":"El Houamed","wilayaCode":68,"code":2826},"geometry":{"type":"Polygon","coordinates":[[[4.6217998252099335,35.2917758],[4.577689912604967,35.34525622682446],[4.489470087395033,35.34525622682446],[4.445360174790066,35.2917758],[4.489470087395032,35.238295373175546],[4.577689912604967,35.238295373175546],[4.6217998252099335,35.2917758]]]}},{"type":"Feature","properties":{"nameAr":"خبانة","nameFr":"Khoubana","wilayaCode":68,"code":2807},"geometry":{"type":"Polygon","coordinates":[[[4.656014136394469,35.31444444],[4.611479068197235,35.36844034058531],[4.522408931802766,35.36844034058531],[4.477873863605532,35.31444444],[4.522408931802766,35.260448539414696],[4.611479068197235,35.260448539414696],[4.656014136394469,35.31444444]]]}},{"type":"Feature","properties":{"nameAr":"مسيف","nameFr":"M'cif","wilayaCode":68,"code":2808},"geometry":{"type":"Polygon","coordinates":[[[4.928915134038082,35.3281],[4.864457567019041,35.406250646706475],[4.735542432980958,35.406250646706475],[4.671084865961918,35.3281],[4.735542432980958,35.24994935329352],[4.864457567019041,35.24994935329352],[4.928915134038082,35.3281]]]}},{"type":"Feature","properties":{"nameAr":"عين العراك","nameFr":"Ain El Orak","wilayaCode":69,"code":3208},"geometry":{"type":"Polygon","coordinates":[[[0.9015278273180654,33.4100573],[0.8200290136590327,33.50886936020982],[0.6570313863409674,33.50886936020982],[0.5755325726819347,33.4100573],[0.6570313863409674,33.311245239790175],[0.8200290136590327,33.311245239790175],[0.9015278273180654,33.4100573]]]}},{"type":"Feature","properties":{"nameAr":"كراكدة","nameFr":"Krakda","wilayaCode":69,"code":3215},"geometry":{"type":"Polygon","coordinates":[[[1.1136688496176514,33.319167],[1.0354454248088258,33.41400786227765],[0.8789985751911743,33.41400786227765],[0.8007751503823486,33.319167],[0.8789985751911742,33.22432613772235],[1.0354454248088258,33.22432613772235],[1.1136688496176514,33.319167]]]}},{"type":"Feature","properties":{"nameAr":"البنود","nameFr":"El Bnoud","wilayaCode":69,"code":3216},"geometry":{"type":"Polygon","coordinates":[[[0.5620049402476268,32.31222222],[0.40322447012381346,32.50473330905288],[0.08566352987618664,32.50473330905288],[-0.07311694024762688,32.31222222],[0.08566352987618642,32.119711130947124],[0.40322447012381346,32.119711130947124],[0.5620049402476268,32.31222222]]]}},{"type":"Feature","properties":{"nameAr":"بريزينة","nameFr":"Brezina","wilayaCode":69,"code":3204},"geometry":{"type":"Polygon","coordinates":[[[1.4945931437227062,33.08333333],[1.377796571861353,33.22494164762961],[1.1442034281386468,33.22494164762961],[1.0274068562772936,33.08333333],[1.1442034281386466,32.94172501237039],[1.377796571861353,32.94172501237039],[1.4945931437227062,33.08333333]]]}},{"type":"Feature","properties":{"nameAr":"الغاسول","nameFr":"Ghassoul","wilayaCode":69,"code":3205},"geometry":{"type":"Polygon","coordinates":[[[1.3593881039641131,33.377222],[1.2812218519820566,33.47199354390911],[1.1248893480179434,33.47199354390911],[1.0467230960358866,33.377222],[1.1248893480179432,33.2824504560909],[1.2812218519820566,33.2824504560909],[1.3593881039641131,33.377222]]]}},{"type":"Feature","properties":{"nameAr":"الأبيض سيدي الشيخ","nameFr":"Labiodh Sidi Cheikh","wilayaCode":69,"code":3207},"geometry":{"type":"Polygon","coordinates":[[[0.7505658200827703,32.898611],[0.6475049100413852,33.023565712726175],[0.44138308995861497,33.023565712726175],[0.3383221799172298,32.898611],[0.44138308995861486,32.77365628727383],[0.6475049100413852,32.77365628727383],[0.7505658200827703,32.898611]]]}},{"type":"Feature","properties":{"nameAr":"بوسمغون","nameFr":"Boussemghoun","wilayaCode":69,"code":3213},"geometry":{"type":"Polygon","coordinates":[[[0.2190661494148348,32.8643],[0.11958307470741741,32.98491681792049],[-0.07938307470741734,32.98491681792049],[-0.17886614941483478,32.8643],[-0.07938307470741748,32.74368318207951],[0.11958307470741741,32.74368318207951],[0.2190661494148348,32.8643]]]}},{"type":"Feature","properties":{"nameAr":"اربوات","nameFr":"Arbaouat","wilayaCode":69,"code":3209},"geometry":{"type":"Polygon","coordinates":[[[0.7611020907489356,33.08833333],[0.6717010453744678,33.19672633698684],[0.4928989546255323,33.19672633698684],[0.40349790925106443,33.08833333],[0.4928989546255321,32.97994032301315],[0.6717010453744678,32.97994032301315],[0.7611020907489356,33.08833333]]]}},{"type":"Feature","properties":{"nameAr":"جمورة","nameFr":"Djemorah","wilayaCode":61,"code":720},"geometry":{"type":"Polygon","coordinates":[[[5.9366216237902965,35.1026843],[5.9006718118951484,35.14627113050746],[5.828772188104852,35.14627113050746],[5.792822376209704,35.1026843],[5.828772188104852,35.05909746949254],[5.9006718118951484,35.05909746949254],[5.9366216237902965,35.1026843]]]}},{"type":"Feature","properties":{"nameAr":"برانيس","nameFr":"Branis","wilayaCode":61,"code":7003},"geometry":{"type":"Polygon","coordinates":[[[5.850065199654635,34.99338],[5.812532599827318,35.03888585888875],[5.737467400172683,35.03888585888875],[5.699934800345366,34.99338],[5.737467400172683,34.94787414111126],[5.812532599827318,34.94787414111126],[5.850065199654635,34.99338]]]}},{"type":"Feature","properties":{"nameAr":"الوطاية","nameFr":"El Outaya","wilayaCode":61,"code":719},"geometry":{"type":"Polygon","coordinates":[[[5.680235442734259,35.03412],[5.63770272136713,35.08568818407443],[5.552637278632871,35.08568818407443],[5.510104557265742,35.03412],[5.552637278632871,34.982551815925575],[5.63770272136713,34.982551815925575],[5.680235442734259,35.03412]]]}},{"type":"Feature","properties":{"nameAr":"القنطرة","nameFr":"El Kantara","wilayaCode":61,"code":717},"geometry":{"type":"Polygon","coordinates":[[[5.754384658390483,35.192365],[5.710607629195241,35.24544182713941],[5.623053570804759,35.24544182713941],[5.5792765416095165,35.192365],[5.623053570804759,35.139288172860596],[5.710607629195241,35.139288172860596],[5.754384658390483,35.192365]]]}},{"type":"Feature","properties":{"nameAr":"عين زعطوط","nameFr":"Ain Zaatout","wilayaCode":61,"code":718},"geometry":{"type":"Polygon","coordinates":[[[5.899236584132177,34.9080556],[5.864618292066089,34.9500280485108],[5.795381707933911,34.9500280485108],[5.760763415867823,34.9080556],[5.795381707933911,34.86608315148919],[5.864618292066089,34.86608315148919],[5.899236584132177,34.9080556]]]}},{"type":"Feature","properties":{"nameAr":"فركان","nameFr":"Ferkane","wilayaCode":62,"code":1228},"geometry":{"type":"Polygon","coordinates":[[[7.630507265523487,34.56233],[7.521364632761744,34.69465840965062],[7.303079367238256,34.69465840965062],[7.193936734476512,34.56233],[7.303079367238256,34.430001590349384],[7.521364632761744,34.430001590349384],[7.630507265523487,34.56233]]]}},{"type":"Feature","properties":{"nameAr":"نقرين","nameFr":"Negrine","wilayaCode":62,"code":1209},"geometry":{"type":"Polygon","coordinates":[[[7.752774477648437,34.48593],[7.636041888824218,34.62746074231982],[7.402576711175781,34.62746074231982],[7.285844122351563,34.48593],[7.402576711175781,34.34439925768019],[7.636041888824218,34.34439925768019],[7.752774477648437,34.48593]]]}},{"type":"Feature","properties":{"nameAr":"العقلة المالحة","nameFr":"El Ogla El Malha","wilayaCode":62,"code":1215},"geometry":{"type":"Polygon","coordinates":[[[8.044860924385475,35.121944],[7.992539662192737,35.185380159103765],[7.887897137807263,35.185380159103765],[7.835575875614526,35.121944],[7.887897137807263,35.05850784089623],[7.992539662192737,35.05850784089623],[8.044860924385475,35.121944]]]}},{"type":"Feature","properties":{"nameAr":"بئر العاتر","nameFr":"Bir-El-Ater","wilayaCode":62,"code":1202},"geometry":{"type":"Polygon","coordinates":[[[8.233294681076991,34.74488],[8.146647340538497,34.84993431730738],[7.973352659461505,34.84993431730738],[7.886705318923009,34.74488],[7.973352659461505,34.639825682692624],[8.146647340538497,34.639825682692624],[8.233294681076991,34.74488]]]}},{"type":"Feature","properties":{"nameAr":"السواقي","nameFr":"Souagui","wilayaCode":67,"code":2633},"geometry":{"type":"Polygon","coordinates":[[[3.3076518070040652,36.1167],[3.2860559035020325,36.14288364147061],[3.242864096497968,36.14288364147061],[3.221268192995935,36.1167],[3.242864096497968,36.09051635852939],[3.2860559035020325,36.09051635852939],[3.3076518070040652,36.1167]]]}},{"type":"Feature","properties":{"nameAr":"قصر البخاري","nameFr":"Ksar El Boukhari","wilayaCode":67,"code":2635},"geometry":{"type":"Polygon","coordinates":[[[2.8119754709005043,35.88889],[2.780512735450252,35.92703653944146],[2.717587264549748,35.92703653944146],[2.6861245290994957,35.88889],[2.717587264549748,35.85074346055855],[2.780512735450252,35.85074346055855],[2.8119754709005043,35.88889]]]}},{"type":"Feature","properties":{"nameAr":"مفاتحة","nameFr":"M'fatha","wilayaCode":67,"code":2649},"geometry":{"type":"Polygon","coordinates":[[[3.0114158488689418,35.8889],[2.973892924434471,35.93439412809835],[2.8988470755655293,35.93439412809835],[2.8613241511310585,35.8889],[2.8988470755655293,35.84340587190165],[2.973892924434471,35.84340587190165],[3.0114158488689418,35.8889]]]}},{"type":"Feature","properties":{"nameAr":"السانق","nameFr":"Saneg","wilayaCode":67,"code":2664},"geometry":{"type":"Polygon","coordinates":[[[3.2977762304723752,35.8514],[3.2754161152361876,35.87851019895652],[3.2306958847638123,35.87851019895652],[3.2083357695276247,35.8514],[3.2306958847638123,35.82428980104348],[3.2754161152361876,35.82428980104348],[3.2977762304723752,35.8514]]]}},{"type":"Feature","properties":{"nameAr":"بوعيش","nameFr":"Bouaiche","wilayaCode":67,"code":2610},"geometry":{"type":"Polygon","coordinates":[[[2.2772762095379857,35.552778],[2.2251881047689928,35.61593147075091],[2.121011895231007,35.61593147075091],[2.068923790462014,35.552778],[2.121011895231007,35.4896245292491],[2.2251881047689928,35.4896245292491],[2.2772762095379857,35.552778]]]}},{"type":"Feature","properties":{"nameAr":"بوغزول","nameFr":"Boughzoul","wilayaCode":67,"code":2651},"geometry":{"type":"Polygon","coordinates":[[[2.8219901535234824,35.7533117],[2.7800786767617414,35.8041266650201],[2.6962557232382585,35.8041266650201],[2.6543442464765175,35.7533117],[2.6962557232382585,35.702496734979896],[2.7800786767617414,35.702496734979896],[2.8219901535234824,35.7533117]]]}},{"type":"Feature","properties":{"nameAr":"الشهبونية","nameFr":"Chabounia","wilayaCode":67,"code":2638},"geometry":{"type":"Polygon","coordinates":[[[2.683077935032918,35.54472221],[2.643205467516459,35.593065007693156],[2.5634605324835413,35.593065007693156],[2.523588064967082,35.54472221],[2.5634605324835413,35.49637941230685],[2.643205467516459,35.49637941230685],[2.683077935032918,35.54472221]]]}},{"type":"Feature","properties":{"nameAr":"عزيز","nameFr":"Aziz","wilayaCode":67,"code":2632},"geometry":{"type":"Polygon","coordinates":[[[2.528285277257305,35.816667],[2.4891426386286524,35.864124927193],[2.410857361371348,35.864124927193],[2.3717147227426953,35.816667],[2.4108573613713475,35.76920907280701],[2.4891426386286524,35.76920907280701],[2.528285277257305,35.816667]]]}},{"type":"Feature","properties":{"nameAr":"دراق","nameFr":"Derrag","wilayaCode":67,"code":2608},"geometry":{"type":"Polygon","coordinates":[[[2.4587436376110796,35.908611],[2.42326181880554,35.9516304190413],[2.3522981811944597,35.9516304190413],[2.31681636238892,35.908611],[2.3522981811944597,35.8655915809587],[2.42326181880554,35.8655915809587],[2.4587436376110796,35.908611]]]}},{"type":"Feature","properties":{"nameAr":"أم الجليل","nameFr":"Oum El Djellil","wilayaCode":67,"code":2642},"geometry":{"type":"Polygon","coordinates":[[[2.6876599161211274,35.8275],[2.6557799580605637,35.86615239497284],[2.592020041939436,35.86615239497284],[2.5601400838788724,35.8275],[2.592020041939436,35.78884760502716],[2.6557799580605637,35.78884760502716],[2.6876599161211274,35.8275]]]}},{"type":"Feature","properties":{"nameAr":"جواب","nameFr":"Djouab","wilayaCode":67,"code":2637},"geometry":{"type":"Polygon","coordinates":[[[3.4661174634454865,36.13821],[3.446563731722743,36.161917639774956],[3.407456268277257,36.161917639774956],[3.3879025365545137,36.13821],[3.4074562682772567,36.114502360225046],[3.446563731722743,36.114502360225046],[3.4661174634454865,36.13821]]]}},{"type":"Feature","properties":{"nameAr":"سيدي زهار","nameFr":"Sidi Zahar","wilayaCode":67,"code":2628},"geometry":{"type":"Polygon","coordinates":[[[3.3753231634666707,36.07811],[3.3535392817333354,36.104521552963746],[3.3099715182666647,36.104521552963746],[3.2881876365333293,36.07811],[3.3099715182666647,36.05169844703626],[3.3535392817333354,36.05169844703626],[3.3753231634666707,36.07811]]]}},{"type":"Feature","properties":{"nameAr":"سيدي زيان","nameFr":"Sidi Ziane","wilayaCode":67,"code":2614},"geometry":{"type":"Polygon","coordinates":[[[3.3046262018226704,36.00933333],[3.2801131009113353,36.039053885360644],[3.2310868990886643,36.039053885360644],[3.2065737981773292,36.00933333],[3.2310868990886643,35.97961277463935],[3.2801131009113353,35.97961277463935],[3.3046262018226704,36.00933333]]]}},{"type":"Feature","properties":{"nameAr":"سيدي الجيلالي","nameFr":"Sidi Djillali","wilayaCode":63,"code":1341},"geometry":{"type":"Polygon","coordinates":[[[-1.4577691131678872,34.4609],[-1.5120845565839436,34.52675397534257],[-1.6207154434160564,34.52675397534257],[-1.6750308868321129,34.4609],[-1.6207154434160564,34.39504602465743],[-1.5120845565839436,34.39504602465743],[-1.4577691131678872,34.4609]]]}},{"type":"Feature","properties":{"nameAr":"البويهي","nameFr":"Bouihi","wilayaCode":63,"code":1343},"geometry":{"type":"Polygon","coordinates":[[[1.1630435765827571,34.413889],[1.0890217882913786,34.50363564873144],[0.9409782117086213,34.50363564873144],[0.8669564234172427,34.413889],[0.9409782117086212,34.324142351268556],[1.0890217882913786,34.324142351268556],[1.1630435765827571,34.413889]]]}},{"type":"Feature","properties":{"nameAr":"سبدو","nameFr":"Sebdou","wilayaCode":63,"code":1335},"geometry":{"type":"Polygon","coordinates":[[[-1.257413938254802,34.639444],[-1.292176969127401,34.681591934987495],[-1.361703030872599,34.681591934987495],[-1.396466061745198,34.639444],[-1.361703030872599,34.5972960650125],[-1.292176969127401,34.5972960650125],[-1.257413938254802,34.639444]]]}},{"type":"Feature","properties":{"nameAr":"القور","nameFr":"El Gor","wilayaCode":63,"code":1310},"geometry":{"type":"Polygon","coordinates":[[[-1.0569211284123896,34.63797],[-1.1049405642061947,34.69619047178197],[-1.200979435793805,34.69619047178197],[-1.2489988715876104,34.63797],[-1.2009794357938053,34.57974952821804],[-1.1049405642061947,34.57974952821804],[-1.0569211284123896,34.63797]]]}},{"type":"Feature","properties":{"nameAr":"العريشة","nameFr":"El Aricha","wilayaCode":63,"code":1332},"geometry":{"type":"Polygon","coordinates":[[[-1.064864572130854,34.22259],[-1.160932286065427,34.339065913051165],[-1.3530677139345728,34.339065913051165],[-1.4491354278691457,34.22259],[-1.353067713934573,34.10611408694883],[-1.160932286065427,34.10611408694883],[-1.064864572130854,34.22259]]]}},{"type":"Feature","properties":{"nameAr":"بني بهدل","nameFr":"Beni Bahdel","wilayaCode":63,"code":1342},"geometry":{"type":"Polygon","coordinates":[[[-1.4763184394855882,34.693889],[-1.497459219742794,34.71952083386199],[-1.5397407802572058,34.71952083386199],[-1.5608815605144117,34.693889],[-1.5397407802572058,34.668257166138005],[-1.497459219742794,34.668257166138005],[-1.4763184394855882,34.693889]]]}},{"type":"Feature","properties":{"nameAr":"بني سنوس","nameFr":"Beni Snous","wilayaCode":63,"code":1317},"geometry":{"type":"Polygon","coordinates":[[[-1.4942463000701915,34.6593136],[-1.5196614500350958,34.69012783171483],[-1.5704917499649043,34.69012783171483],[-1.5959068999298085,34.6593136],[-1.5704917499649043,34.62849936828516],[-1.5196614500350958,34.62849936828516],[-1.4942463000701915,34.6593136]]]}},{"type":"Feature","properties":{"nameAr":"العزايل","nameFr":"Azail","wilayaCode":63,"code":1321},"geometry":{"type":"Polygon","coordinates":[[[-1.418998523611183,34.68],[-1.4422992618055914,34.7082506436846],[-1.4889007381944086,34.7082506436846],[-1.512201476388817,34.68],[-1.4889007381944086,34.6517493563154],[-1.4422992618055914,34.6517493563154],[-1.418998523611183,34.68]]]}}]}